draw_id,selection_seed,row_order,sample_id,point_id,Lon,Lat,Year,Month,split,target_original_row_index,veg_class
BG64_D1,202607270641,0,54813,217,94.6667104287,33.4644901217,2015,10,train,177,Veg_Sparse
BG64_D1,202607270641,1,19529,077,94.5139968304,33.2084702657,2015,6,train,173,Veg_Meadow_497
BG64_D1,202607270641,2,43625,173,96.0231665077,32.7054137066,2007,6,train,77,Veg_Meadow_499
BG64_D1,202607270641,3,52993,210,93.5123752886,33.585762685,2011,2,train,121,Veg_Meadow_504
BG64_D1,202607270641,4,29560,117,95.5156183722,32.8356694228,2011,5,train,124,Veg_Meadow_497
BG64_D1,202607270641,5,36851,146,94.253485398,33.2174534185,2009,12,train,107,Veg_Meadow_497
BG64_D1,202607270641,6,28532,113,93.772886721,33.105164008,2009,9,train,104,Veg_Meadow_497
BG64_D1,202607270641,7,51663,205,94.0872970705,33.671102637,2005,4,train,51,Veg_Meadow_504
BG64_D1,202607270641,8,13869,055,94.1007717997,33.4555069688,2005,10,train,57,Veg_Meadow_497
BG64_D1,202607270641,9,3304,013,95.7222308876,32.7009221302,2007,5,train,76,Veg_Coniferous
BG64_D1,202607270641,10,40625,161,94.6442525466,33.2444028771,2009,6,train,101,Veg_Meadow_497
BG64_D1,202607270641,11,9666,038,95.0260365424,32.8446525756,2012,7,train,138,Veg_Meadow_497
BG64_D1,202607270641,12,11192,044,94.6532356995,33.2488944535,2013,9,train,152,Veg_Meadow_497
BG64_D1,202607270641,13,54991,218,94.9541713196,33.2668607592,2009,8,train,103,Veg_Sparse
BG64_D1,202607270641,14,58006,230,94.680185158,33.0782145495,2008,11,train,94,Veg_Sparse
BG64_D1,202607270641,15,22759,090,94.509505254,33.4914395802,2011,8,train,127,Veg_Meadow_497
BG64_D1,202607270641,16,49521,196,94.3523000793,33.0961808552,2015,10,train,177,Veg_Meadow_504
BG64_D1,202607270641,17,34408,136,94.1367044111,33.0647398202,2016,5,train,184,Veg_Meadow_497
BG64_D1,202607270641,18,53263,211,93.8447519438,33.1770292307,2012,8,train,139,Veg_Meadow_504
BG64_D1,202607270641,19,48388,192,93.6561057341,33.5138974623,2005,5,train,52,Veg_Meadow_504
BG64_D1,202607270641,20,27049,107,94.6846767344,33.3971164754,2012,2,train,133,Veg_Meadow_497
BG64_D1,202607270641,21,33549,133,93.5977152406,33.4330490867,2007,10,train,81,Veg_Meadow_497
BG64_D1,202607270641,22,9882,039,94.6846767344,33.2893186413,2009,7,train,102,Veg_Meadow_497
BG64_D1,202607270641,23,16427,065,93.6426310048,33.1770292307,2008,12,train,95,Veg_Meadow_497
BG64_D1,202607270641,24,55779,221,95.4617194552,32.7143968594,2012,4,train,135,Veg_Sparse
BG64_D1,202607270641,25,37109,147,93.6246646991,33.5498300737,2010,6,train,113,Veg_Meadow_497
BG64_D1,202607270641,26,1061,004,95.6099414771,32.7997368114,2009,6,train,101,Veg_Coniferous
BG64_D1,202607270641,27,17964,071,94.1546707168,33.1815208072,2011,1,train,120,Veg_Meadow_497
BG64_D1,202607270641,28,61037,242,94.3882326906,32.9614335626,2009,6,train,101,Veg_Sparse
BG64_D1,202607270641,29,53820,213,94.1546707168,33.1410966194,2017,1,train,192,Veg_Meadow_504
BG64_D1,202607270641,30,56044,222,95.8929107915,32.6694810952,2013,5,train,148,Veg_Sparse
BG64_D1,202607270641,31,48239,191,93.6291562756,33.446523816,2013,12,train,155,Veg_Meadow_504
BG64_D1,202607270641,32,14623,058,95.1697669878,32.8716020341,2005,8,train,55,Veg_Meadow_497
BG64_D1,202607270641,33,53934,214,94.4466231841,33.5633048029,2005,7,train,54,Veg_Meadow_504
BG64_D1,202607270641,34,17277,068,95.2281574813,33.0243156324,2016,10,train,189,Veg_Meadow_497
BG64_D1,202607270641,35,57246,227,93.9705160835,33.3162680998,2008,7,train,90,Veg_Sparse
BG64_D1,202607270641,36,30998,123,94.594845206,33.7744088947,2005,3,train,50,Veg_Meadow_497
BG64_D1,202607270641,37,15918,063,94.2714517037,33.4779648509,2008,7,train,90,Veg_Meadow_497
BG64_D1,202607270641,38,37945,150,94.1097549526,33.4330490867,2017,2,train,193,Veg_Meadow_497
BG64_D1,202607270641,39,59822,237,94.1277212583,33.3342344055,2013,3,train,146,Veg_Sparse
BG64_D1,202607270641,40,39704,157,95.0844270358,32.9165177983,2016,9,train,188,Veg_Meadow_497
BG64_D1,202607270641,41,55441,220,94.370266385,32.9973661739,2005,2,train,49,Veg_Sparse
BG64_D1,202607270641,42,38390,152,93.718987804,33.4689816981,2012,3,train,134,Veg_Meadow_497
BG64_D1,202607270641,43,58232,231,94.2400106688,33.3162680998,2006,9,train,68,Veg_Sparse
BG64_D1,202607270641,44,39876,158,94.7745082628,32.9075346455,2010,1,train,108,Veg_Meadow_497
BG64_D1,202607270641,45,21082,083,94.4151821492,33.7294931305,2018,11,train,214,Veg_Meadow_497
BG64_D1,202607270641,46,13011,051,94.6083199353,32.9389756805,2018,4,train,207,Veg_Meadow_497
BG64_D1,202607270641,47,19515,077,94.5139968304,33.2084702657,2014,4,train,159,Veg_Meadow_497
BG64_D1,202607270641,48,47264,187,93.5932236642,33.6306784492,2016,9,train,188,Veg_Meadow_504
BG64_D1,202607270641,49,21459,085,95.9917254728,32.8850767634,2008,4,train,87,Veg_Meadow_497
BG64_D1,202607270641,50,8116,032,94.76552511,33.105164008,2009,5,train,100,Veg_Meadow_497
BG64_D1,202607270641,51,60647,240,93.7100046511,33.2803354884,2018,12,train,215,Veg_Sparse
BG64_D1,202607270641,52,60540,240,93.7100046511,33.2803354884,2010,1,train,108,Veg_Sparse
BG64_D1,202607270641,53,15703,062,94.9811207782,33.2533860299,2011,8,train,127,Veg_Meadow_497
BG64_D1,202607270641,54,30358,120,93.7594119918,33.0243156324,2014,11,train,166,Veg_Meadow_497
BG64_D1,202607270641,55,46738,185,94.9586628961,33.051265091,2014,11,train,166,Veg_Meadow_499
BG64_D1,202607270641,56,8821,035,93.858226673,33.3162680998,2005,2,train,49,Veg_Meadow_497
BG64_D1,202607270641,57,50026,198,93.5348331707,33.5363553444,2015,11,train,178,Veg_Meadow_504
BG64_D1,202607270641,58,15250,060,94.6577272759,33.5677963793,2015,11,train,178,Veg_Meadow_497
BG64_D1,202607270641,59,49046,194,94.3343337736,33.1141471609,2018,3,train,206,Veg_Meadow_504
BG64_D1,202607270641,60,11219,044,94.6532356995,33.2488944535,2015,12,train,179,Veg_Meadow_497
BG64_D1,202607270641,61,22718,090,94.509505254,33.4914395802,2008,3,train,86,Veg_Meadow_497
BG64_D1,202607270641,62,48185,191,93.6291562756,33.446523816,2009,6,train,101,Veg_Meadow_504
BG64_D1,202607270641,63,39312,156,95.2775648219,32.8266862699,2005,1,train,48,Veg_Meadow_497
BG64_D2,202607270642,0,11594,046,94.5409462889,33.0782145495,2005,3,train,50,Veg_Meadow_497
BG64_D2,202607270642,1,22267,088,94.8418819091,33.2354197242,2012,8,train,139,Veg_Meadow_497
BG64_D2,202607270642,2,17469,069,95.5874835949,32.6649895188,2011,10,train,129,Veg_Meadow_497
BG64_D2,202607270642,3,40209,159,95.1787501407,32.9434672569,2016,10,train,189,Veg_Meadow_497
BG64_D2,202607270642,4,56089,222,95.8929107915,32.6694810952,2017,2,train,193,Veg_Sparse
BG64_D2,202607270642,5,13439,053,95.8749444859,32.6829558245,2011,12,train,131,Veg_Meadow_497
BG64_D2,202607270642,6,30628,121,95.2640900927,32.8042283878,2016,5,train,184,Veg_Meadow_497
BG64_D2,202607270642,7,21195,084,94.3298421972,33.6755942134,2007,4,train,75,Veg_Meadow_497
BG64_D2,202607270642,8,31013,123,94.594845206,33.7744088947,2006,6,train,65,Veg_Meadow_497
BG64_D2,202607270642,9,19412,077,94.5139968304,33.2084702657,2005,9,train,56,Veg_Meadow_497
BG64_D2,202607270642,10,41662,165,94.5499294418,32.9883830211,2011,11,train,130,Veg_Meadow_497
BG64_D2,202607270642,11,16788,066,95.865961333,32.8446525756,2018,1,train,204,Veg_Meadow_497
BG64_D2,202607270642,12,48445,192,93.6561057341,33.5138974623,2010,2,train,109,Veg_Meadow_504
BG64_D2,202607270642,13,38171,151,94.8867976733,32.8940599162,2014,12,train,167,Veg_Meadow_497
BG64_D2,202607270642,14,16648,066,95.865961333,32.8446525756,2006,5,train,64,Veg_Meadow_497
BG64_D2,202607270642,15,55049,218,94.9541713196,33.2668607592,2014,6,train,161,Veg_Sparse
BG64_D2,202607270642,16,37098,147,93.6246646991,33.5498300737,2009,7,train,102,Veg_Meadow_497
BG64_D2,202607270642,17,55775,221,95.4617194552,32.7143968594,2011,12,train,131,Veg_Sparse
BG64_D2,202607270642,18,27886,110,94.114246529,33.5363553444,2018,11,train,214,Veg_Meadow_497
BG64_D2,202607270642,19,12881,051,94.6083199353,32.9389756805,2007,6,train,77,Veg_Meadow_497
BG64_D2,202607270642,20,60352,239,95.5829920185,32.6470232131,2015,5,train,172,Veg_Sparse
BG64_D2,202607270642,21,27015,107,94.6846767344,33.3971164754,2009,4,train,99,Veg_Meadow_497
BG64_D2,202607270642,22,50786,201,94.3118758915,32.9389756805,2016,3,train,182,Veg_Meadow_504
BG64_D2,202607270642,23,24049,095,95.1832417171,33.0153324796,2014,2,train,157,Veg_Meadow_497
BG64_D2,202607270642,24,42120,167,94.8373903327,33.0871977023,2008,1,train,84,Veg_Meadow_497
BG64_D2,202607270642,25,52451,208,93.7100046511,33.6306784492,2007,12,train,83,Veg_Meadow_504
BG64_D2,202607270642,26,49398,196,94.3523000793,33.0961808552,2005,7,train,54,Veg_Meadow_504
BG64_D2,202607270642,27,25021,099,94.4780642191,32.9165177983,2011,2,train,121,Veg_Meadow_497
BG64_D2,202607270642,28,61803,245,94.1456875639,33.3522007111,2010,4,train,111,Veg_Sparse
BG64_D2,202607270642,29,19198,076,95.385362656,32.7997368114,2008,11,train,94,Veg_Meadow_497
BG64_D2,202607270642,30,61004,242,94.3882326906,32.9614335626,2006,9,train,68,Veg_Sparse
BG64_D2,202607270642,31,55082,218,94.9541713196,33.2668607592,2017,3,train,194,Veg_Sparse
BG64_D2,202607270642,32,37148,147,93.6246646991,33.5498300737,2013,9,train,152,Veg_Meadow_497
BG64_D2,202607270642,33,5639,022,95.9737591671,32.7323631651,2012,12,train,143,Veg_Shrub
BG64_D2,202607270642,34,25707,102,95.0664607302,33.2938102177,2005,4,train,51,Veg_Meadow_497
BG64_D2,202607270642,35,35647,141,94.5454378654,33.5049143094,2014,8,train,163,Veg_Meadow_497
BG64_D2,202607270642,36,57840,229,94.7834914157,32.934484104,2016,1,train,180,Veg_Sparse
BG64_D2,202607270642,37,25784,102,95.0664607302,33.2938102177,2011,9,train,128,Veg_Meadow_497
BG64_D2,202607270642,38,20551,081,94.4196737256,33.6441531785,2016,8,train,187,Veg_Meadow_497
BG64_D2,202607270642,39,59062,234,94.4600979134,33.0782145495,2012,11,train,142,Veg_Sparse
BG64_D2,202607270642,40,53475,212,94.0693307648,33.6037289907,2009,4,train,99,Veg_Meadow_504
BG64_D2,202607270642,41,22706,090,94.509505254,33.4914395802,2007,3,train,74,Veg_Meadow_497
BG64_D2,202607270642,42,42702,169,94.3433169264,33.2623691827,2014,7,train,162,Veg_Meadow_497
BG64_D2,202607270642,43,45379,180,95.7581634989,32.7278715887,2006,8,train,67,Veg_Meadow_499
BG64_D2,202607270642,44,47400,188,93.5752573585,33.5138974623,2007,1,train,72,Veg_Meadow_504
BG64_D2,202607270642,45,10086,040,94.1232296818,33.5767795322,2005,7,train,54,Veg_Meadow_497
BG64_D2,202607270642,46,27472,109,94.4061989963,33.221944995,2005,5,train,52,Veg_Meadow_497
BG64_D2,202607270642,47,58999,234,94.4600979134,33.0782145495,2007,8,train,79,Veg_Sparse
BG64_D2,202607270642,48,47445,188,93.5752573585,33.5138974623,2010,10,train,117,Veg_Meadow_504
BG64_D2,202607270642,49,13718,054,94.9272218611,32.8401609992,2014,3,train,158,Veg_Meadow_497
BG64_D2,202607270642,50,40129,159,95.1787501407,32.9434672569,2010,2,train,109,Veg_Meadow_497
BG64_D2,202607270642,51,48917,194,94.3343337736,33.1141471609,2007,6,train,77,Veg_Meadow_504
BG64_D2,202607270642,52,48730,193,94.1546707168,33.4959311566,2012,11,train,142,Veg_Meadow_504
BG64_D2,202607270642,53,60885,241,94.1367044111,33.3207596762,2017,10,train,201,Veg_Sparse
BG64_D2,202607270642,54,48547,192,93.6561057341,33.5138974623,2018,8,train,211,Veg_Meadow_504
BG64_D2,202607270642,55,60330,239,95.5829920185,32.6470232131,2013,7,train,150,Veg_Sparse
BG64_D2,202607270642,56,35375,140,94.5364547125,33.0692313966,2012,12,train,143,Veg_Meadow_497
BG64_D2,202607270642,57,7435,029,95.9782507435,32.795245235,2015,8,train,175,Veg_Shrub
BG64_D2,202607270642,58,30149,119,94.2175527867,33.2039786893,2018,6,train,209,Veg_Meadow_497
BG64_D2,202607270642,59,51760,205,94.0872970705,33.671102637,2013,5,train,148,Veg_Meadow_504
BG64_D2,202607270642,60,30300,120,93.7594119918,33.0243156324,2010,1,train,108,Veg_Meadow_497
BG64_D2,202607270642,61,14649,058,95.1697669878,32.8716020341,2007,10,train,81,Veg_Meadow_497
BG64_D2,202607270642,62,4432,017,95.865961333,32.5931242961,2017,5,train,196,Veg_Shrub
BG64_D2,202607270642,63,46940,186,93.633647852,33.5094058859,2010,9,train,116,Veg_Meadow_504
BG64_D3,202607270643,0,42189,167,94.8373903327,33.0871977023,2013,10,train,153,Veg_Meadow_497
BG64_D3,202607270643,1,47189,187,93.5932236642,33.6306784492,2010,6,train,113,Veg_Meadow_504
BG64_D3,202607270643,2,1399,005,95.6907898526,32.6919389773,2016,8,train,187,Veg_Coniferous
BG64_D3,202607270643,3,28635,113,93.772886721,33.105164008,2018,4,train,207,Veg_Meadow_497
BG64_D3,202607270643,4,7939,031,94.0199234242,33.051265091,2015,8,train,175,Veg_Meadow_497
BG64_D3,202607270643,5,15990,063,94.2714517037,33.4779648509,2014,7,train,162,Veg_Meadow_497
BG64_D3,202607270643,6,13398,053,95.8749444859,32.6829558245,2008,7,train,90,Veg_Meadow_497
BG64_D3,202607270643,7,49943,198,93.5348331707,33.5363553444,2008,12,train,95,Veg_Meadow_504
BG64_D3,202607270643,8,52028,206,93.9031424372,33.4375406631,2014,9,train,164,Veg_Meadow_504
BG64_D3,202607270643,9,8432,033,94.0154318477,33.1725376543,2014,9,train,164,Veg_Meadow_497
BG64_D3,202607270643,10,60877,241,94.1367044111,33.3207596762,2017,2,train,193,Veg_Sparse
BG64_D3,202607270643,11,15164,060,94.6577272759,33.5677963793,2008,9,train,92,Veg_Meadow_497
BG64_D3,202607270643,12,58846,233,94.6846767344,33.756442589,2015,11,train,178,Veg_Sparse
BG64_D3,202607270643,13,8434,033,94.0154318477,33.1725376543,2014,11,train,166,Veg_Meadow_497
BG64_D3,202607270643,14,32823,130,94.4960305247,32.9479588333,2010,4,train,111,Veg_Meadow_497
BG64_D3,202607270643,15,23790,094,94.8643397912,33.3027933705,2013,7,train,150,Veg_Meadow_497
BG64_D3,202607270643,16,27865,110,94.114246529,33.5363553444,2017,2,train,193,Veg_Meadow_497
BG64_D3,202607270643,17,36820,146,94.253485398,33.2174534185,2007,5,train,76,Veg_Meadow_497
BG64_D3,202607270643,18,55548,220,94.370266385,32.9973661739,2014,1,train,156,Veg_Sparse
BG64_D3,202607270643,19,56309,223,93.9525497779,33.3387259819,2014,6,train,161,Veg_Sparse
BG64_D3,202607270643,20,32273,128,94.5858620532,33.446523816,2006,6,train,65,Veg_Meadow_497
BG64_D3,202607270643,21,45248,179,95.9737591671,32.7638042,2016,9,train,188,Veg_Meadow_499
BG64_D3,202607270643,22,41424,164,93.6965299219,33.2668607592,2013,1,train,144,Veg_Meadow_497
BG64_D3,202607270643,23,12877,051,94.6083199353,32.9389756805,2007,2,train,73,Veg_Meadow_497
BG64_D3,202607270643,24,12647,050,94.509505254,33.4195743575,2008,12,train,95,Veg_Meadow_497
BG64_D3,202607270643,25,52009,206,93.9031424372,33.4375406631,2013,2,train,145,Veg_Meadow_504
BG64_D3,202607270643,26,5886,023,95.7896045339,32.6470232131,2012,7,train,138,Veg_Shrub
BG64_D3,202607270643,27,49986,198,93.5348331707,33.5363553444,2012,7,train,138,Veg_Meadow_504
BG64_D3,202607270643,28,53271,211,93.8447519438,33.1770292307,2013,4,train,147,Veg_Meadow_504
BG64_D3,202607270643,29,38419,152,93.718987804,33.4689816981,2014,8,train,163,Veg_Meadow_497
BG64_D3,202607270643,30,32139,127,94.4421316077,33.4644901217,2016,4,train,183,Veg_Meadow_497
BG64_D3,202607270643,31,29996,119,94.2175527867,33.2039786893,2005,9,train,56,Veg_Meadow_497
BG64_D3,202607270643,32,26536,105,95.0125618131,32.880585187,2011,5,train,124,Veg_Meadow_497
BG64_D3,202607270643,33,13421,053,95.8749444859,32.6829558245,2010,6,train,113,Veg_Meadow_497
BG64_D3,202607270643,34,61034,242,94.3882326906,32.9614335626,2009,3,train,98,Veg_Sparse
BG64_D3,202607270643,35,33617,133,93.5977152406,33.4330490867,2013,6,train,149,Veg_Meadow_497
BG64_D3,202607270643,36,19945,079,93.5752573585,33.3746585933,2008,2,train,85,Veg_Meadow_497
BG64_D3,202607270643,37,43135,171,95.6279077827,32.8087199643,2008,8,train,91,Veg_Meadow_499
BG64_D3,202607270643,38,31281,124,95.2101911756,33.1635545015,2007,10,train,81,Veg_Meadow_497
BG64_D3,202607270643,39,16730,066,95.865961333,32.8446525756,2013,3,train,146,Veg_Meadow_497
BG64_D3,202607270643,40,51182,203,94.2400106688,33.671102637,2007,3,train,74,Veg_Meadow_504
BG64_D3,202607270643,41,57488,228,94.5139968304,32.9075346455,2007,9,train,80,Veg_Sparse
BG64_D3,202607270643,42,57619,228,94.5139968304,32.9075346455,2018,8,train,211,Veg_Sparse
BG64_D3,202607270643,43,61319,243,95.4392615731,32.7548210472,2011,12,train,131,Veg_Sparse
BG64_D3,202607270643,44,57285,227,93.9705160835,33.3162680998,2011,10,train,129,Veg_Sparse
BG64_D3,202607270643,45,17157,068,95.2281574813,33.0243156324,2006,10,train,69,Veg_Meadow_497
BG64_D3,202607270643,46,26774,106,93.6111899699,33.0782145495,2010,3,train,110,Veg_Meadow_497
BG64_D3,202607270643,47,20467,081,94.4196737256,33.6441531785,2009,8,train,103,Veg_Meadow_497
BG64_D3,202607270643,48,34300,136,94.1367044111,33.0647398202,2007,5,train,76,Veg_Meadow_497
BG64_D3,202607270643,49,49414,196,94.3523000793,33.0961808552,2006,11,train,70,Veg_Meadow_504
BG64_D3,202607270643,50,50676,201,94.3118758915,32.9389756805,2007,1,train,72,Veg_Meadow_504
BG64_D3,202607270643,51,28042,111,93.9480582014,33.3117765234,2010,11,train,118,Veg_Meadow_497
BG64_D3,202607270643,52,61516,244,95.5380762543,32.656006366,2007,5,train,76,Veg_Sparse
BG64_D3,202607270643,53,53289,211,93.8447519438,33.1770292307,2014,10,train,165,Veg_Meadow_504
BG64_D3,202607270643,54,18228,072,95.1652754114,33.0871977023,2012,1,train,132,Veg_Meadow_497
BG64_D3,202607270643,55,48211,191,93.6291562756,33.446523816,2011,8,train,127,Veg_Meadow_504
BG64_D3,202607270643,56,25596,101,93.772886721,33.4420322396,2017,1,train,192,Veg_Meadow_497
BG64_D3,202607270643,57,47944,190,93.7459372625,33.6980520955,2010,5,train,112,Veg_Meadow_504
BG64_D3,202607270643,58,40475,160,95.214682752,33.0108409032,2017,12,train,203,Veg_Meadow_497
BG64_D3,202607270643,59,57582,228,94.5139968304,32.9075346455,2015,7,train,174,Veg_Sparse
BG64_D3,202607270643,60,18058,071,94.1546707168,33.1815208072,2018,11,train,214,Veg_Meadow_497
BG64_D3,202607270643,61,14402,057,95.021544966,33.0018577503,2008,3,train,86,Veg_Meadow_497
BG64_D3,202607270643,62,22007,087,94.3837411142,33.6351700256,2011,12,train,131,Veg_Meadow_497
BG64_D3,202607270643,63,57231,227,93.9705160835,33.3162680998,2007,4,train,75,Veg_Sparse
BG128_D1,202607271281,0,9417,037,94.3028927387,32.9165177983,2012,10,train,141,Veg_Meadow_497
BG128_D1,202607271281,1,7333,029,95.9782507435,32.795245235,2007,2,train,73,Veg_Shrub
BG128_D1,202607271281,2,35117,139,94.8014577213,33.3387259819,2012,6,train,137,Veg_Meadow_497
BG128_D1,202607271281,3,9653,038,95.0260365424,32.8446525756,2011,6,train,125,Veg_Meadow_497
BG128_D1,202607271281,4,32600,129,93.633647852,33.5902542614,2012,9,train,140,Veg_Meadow_497
BG128_D1,202607271281,5,37665,149,95.6144330535,32.7233800123,2014,10,train,165,Veg_Meadow_497
BG128_D1,202607271281,6,8689,034,94.3028927387,33.6890689427,2015,2,train,169,Veg_Meadow_497
BG128_D1,202607271281,7,28112,111,93.9480582014,33.3117765234,2016,9,train,188,Veg_Meadow_497
BG128_D1,202607271281,8,54183,215,95.8030792631,32.8671104577,2005,4,train,51,Veg_Sparse
BG128_D1,202607271281,9,55036,218,94.9541713196,33.2668607592,2013,5,train,148,Veg_Sparse
BG128_D1,202607271281,10,19430,077,94.5139968304,33.2084702657,2007,3,train,74,Veg_Meadow_497
BG128_D1,202607271281,11,25775,102,95.0664607302,33.2938102177,2010,12,train,119,Veg_Meadow_497
BG128_D1,202607271281,12,12753,050,94.509505254,33.4195743575,2017,10,train,201,Veg_Meadow_497
BG128_D1,202607271281,13,38927,154,95.0709523066,33.2803354884,2014,12,train,167,Veg_Meadow_497
BG128_D1,202607271281,14,39819,158,94.7745082628,32.9075346455,2005,4,train,51,Veg_Meadow_497
BG128_D1,202607271281,15,58861,233,94.6846767344,33.756442589,2017,2,train,193,Veg_Sparse
BG128_D1,202607271281,16,23560,093,93.9839908128,33.0961808552,2015,5,train,172,Veg_Meadow_497
BG128_D1,202607271281,17,35284,140,94.5364547125,33.0692313966,2005,5,train,52,Veg_Meadow_497
BG128_D1,202607271281,18,2401,009,95.7491803461,32.6919389773,2016,2,train,181,Veg_Coniferous
BG128_D1,202607271281,19,875,003,95.6997730055,32.6829558245,2014,12,train,167,Veg_Coniferous
BG128_D1,202607271281,20,10598,042,94.5364547125,33.702543672,2006,3,train,62,Veg_Meadow_497
BG128_D1,202607271281,21,50667,201,94.3118758915,32.9389756805,2006,4,train,63,Veg_Meadow_504
BG128_D1,202607271281,22,48732,193,94.1546707168,33.4959311566,2013,1,train,144,Veg_Meadow_504
BG128_D1,202607271281,23,11486,045,94.5364547125,33.5498300737,2017,3,train,194,Veg_Meadow_497
BG128_D1,202607271281,24,29516,117,95.5156183722,32.8356694228,2007,9,train,80,Veg_Meadow_497
BG128_D1,202607271281,25,35799,142,94.9092555554,32.8671104577,2006,4,train,63,Veg_Meadow_497
BG128_D1,202607271281,26,59234,235,94.1591622932,33.3432175583,2006,3,train,62,Veg_Sparse
BG128_D1,202607271281,27,40441,160,95.214682752,33.0108409032,2015,2,train,169,Veg_Meadow_497
BG128_D1,202607271281,28,4614,018,95.7671466518,32.6470232131,2011,7,train,126,Veg_Shrub
BG128_D1,202607271281,29,62123,246,94.1591622932,33.2983017941,2015,12,train,179,Veg_Sparse
BG128_D1,202607271281,30,6461,025,95.470702608,32.8221946935,2018,6,train,209,Veg_Shrub
BG128_D1,202607271281,31,23718,094,94.8643397912,33.3027933705,2007,7,train,78,Veg_Meadow_497
BG128_D1,202607271281,32,27787,110,94.114246529,33.5363553444,2010,8,train,115,Veg_Meadow_497
BG128_D1,202607271281,33,21010,083,94.4151821492,33.7294931305,2012,11,train,142,Veg_Meadow_497
BG128_D1,202607271281,34,46885,186,93.633647852,33.5094058859,2006,2,train,61,Veg_Meadow_504
BG128_D1,202607271281,35,2935,011,95.5695172893,32.8446525756,2018,8,train,211,Veg_Coniferous
BG128_D1,202607271281,36,8139,032,94.76552511,33.105164008,2011,4,train,123,Veg_Meadow_497
BG128_D1,202607271281,37,59538,236,94.8463734855,32.8266862699,2010,7,train,114,Veg_Sparse
BG128_D1,202607271281,38,32333,128,94.5858620532,33.446523816,2011,6,train,125,Veg_Meadow_497
BG128_D1,202607271281,39,14190,056,95.0440028481,33.1141471609,2011,7,train,126,Veg_Meadow_497
BG128_D1,202607271281,40,2070,008,95.5515509836,32.8266862699,2009,7,train,102,Veg_Coniferous
BG128_D1,202607271281,41,32605,129,93.633647852,33.5902542614,2013,2,train,145,Veg_Meadow_497
BG128_D1,202607271281,42,47681,189,94.2624685509,32.9165177983,2009,6,train,101,Veg_Meadow_504
BG128_D1,202607271281,43,46213,183,94.904763979,33.0557566674,2013,2,train,145,Veg_Meadow_499
BG128_D1,202607271281,44,19517,077,94.5139968304,33.2084702657,2014,6,train,161,Veg_Meadow_497
BG128_D1,202607271281,45,61136,242,94.3882326906,32.9614335626,2017,9,train,200,Veg_Sparse
BG128_D1,202607271281,46,40153,159,95.1787501407,32.9434672569,2012,2,train,133,Veg_Meadow_497
BG128_D1,202607271281,47,15180,060,94.6577272759,33.5677963793,2010,1,train,108,Veg_Meadow_497
BG128_D1,202607271281,48,30544,121,95.2640900927,32.8042283878,2009,5,train,100,Veg_Meadow_497
BG128_D1,202607271281,49,46481,184,95.0125618131,33.0647398202,2014,6,train,161,Veg_Meadow_499
BG128_D1,202607271281,50,43353,172,94.9586628961,33.0692313966,2005,10,train,57,Veg_Meadow_499
BG128_D1,202607271281,51,11923,047,94.9182387083,32.8985514927,2011,8,train,127,Veg_Meadow_497
BG128_D1,202607271281,52,2796,011,95.5695172893,32.8446525756,2007,1,train,72,Veg_Coniferous
BG128_D1,202607271281,53,18503,073,94.5544210182,33.7339847069,2013,12,train,155,Veg_Meadow_497
BG128_D1,202607271281,54,21079,083,94.4151821492,33.7294931305,2018,8,train,211,Veg_Meadow_497
BG128_D1,202607271281,55,18494,073,94.5544210182,33.7339847069,2013,3,train,146,Veg_Meadow_497
BG128_D1,202607271281,56,57461,228,94.5139968304,32.9075346455,2005,6,train,53,Veg_Sparse
BG128_D1,202607271281,57,14241,056,95.0440028481,33.1141471609,2015,10,train,177,Veg_Meadow_497
BG128_D1,202607271281,58,45191,179,95.9737591671,32.7638042,2011,12,train,131,Veg_Meadow_499
BG128_D1,202607271281,59,44604,177,95.951301285,32.7772789293,2005,1,train,48,Veg_Meadow_499
BG128_D1,202607271281,60,26288,104,95.951301285,32.6964305537,2011,9,train,128,Veg_Meadow_497
BG128_D1,202607271281,61,12648,050,94.509505254,33.4195743575,2009,1,train,96,Veg_Meadow_497
BG128_D1,202607271281,62,9231,036,94.6667104287,33.019824056,2018,4,train,207,Veg_Meadow_497
BG128_D1,202607271281,63,21684,086,93.8178024852,33.4375406631,2006,1,train,60,Veg_Meadow_497
BG128_D1,202607271281,64,921,003,95.6997730055,32.6829558245,2018,10,train,213,Veg_Coniferous
BG128_D1,202607271281,65,42752,169,94.3433169264,33.2623691827,2018,9,train,212,Veg_Meadow_497
BG128_D1,202607271281,66,17483,069,95.5874835949,32.6649895188,2012,12,train,143,Veg_Meadow_497
BG128_D1,202607271281,67,1827,007,95.695281429,32.7054137066,2010,4,train,111,Veg_Coniferous
BG128_D1,202607271281,68,27529,109,94.4061989963,33.221944995,2010,2,train,109,Veg_Meadow_497
BG128_D1,202607271281,69,2918,011,95.5695172893,32.8446525756,2017,3,train,194,Veg_Coniferous
BG128_D1,202607271281,70,36704,145,95.0844270358,33.1500797722,2018,9,train,212,Veg_Meadow_497
BG128_D1,202607271281,71,4371,017,95.865961333,32.5931242961,2012,4,train,135,Veg_Shrub
BG128_D1,202607271281,72,55293,219,95.3224805861,33.1500797722,2013,10,train,153,Veg_Sparse
BG128_D1,202607271281,73,13608,054,94.9272218611,32.8401609992,2005,1,train,48,Veg_Meadow_497
BG128_D1,202607271281,74,46258,183,94.904763979,33.0557566674,2016,11,train,190,Veg_Meadow_499
BG128_D1,202607271281,75,21250,084,94.3298421972,33.6755942134,2011,11,train,130,Veg_Meadow_497
BG128_D1,202607271281,76,33869,134,93.804327756,33.3926248989,2013,6,train,149,Veg_Meadow_497
BG128_D1,202607271281,77,37461,148,94.7789998392,32.8895683398,2018,10,train,213,Veg_Meadow_497
BG128_D1,202607271281,78,19494,077,94.5139968304,33.2084702657,2012,7,train,138,Veg_Meadow_497
BG128_D1,202607271281,79,9206,036,94.6667104287,33.019824056,2016,3,train,182,Veg_Meadow_497
BG128_D1,202607271281,80,16438,065,93.6426310048,33.1770292307,2009,11,train,106,Veg_Meadow_497
BG128_D1,202607271281,81,8721,034,94.3028927387,33.6890689427,2017,10,train,201,Veg_Meadow_497
BG128_D1,202607271281,82,35875,142,94.9092555554,32.8671104577,2012,8,train,139,Veg_Meadow_497
BG128_D1,202607271281,83,39444,156,95.2775648219,32.8266862699,2016,1,train,180,Veg_Meadow_497
BG128_D1,202607271281,84,40955,162,94.648744123,33.5902542614,2015,12,train,179,Veg_Meadow_497
BG128_D1,202607271281,85,44211,175,95.6458740884,32.7682957765,2014,4,train,159,Veg_Meadow_499
BG128_D1,202607271281,86,5908,023,95.7896045339,32.6470232131,2014,5,train,160,Veg_Shrub
BG128_D1,202607271281,87,47491,188,93.5752573585,33.5138974623,2014,8,train,163,Veg_Meadow_504
BG128_D1,202607271281,88,30580,121,95.2640900927,32.8042283878,2012,5,train,136,Veg_Meadow_497
BG128_D1,202607271281,89,605,002,95.6234162063,32.7503294708,2013,6,train,149,Veg_Coniferous
BG128_D1,202607271281,90,48774,193,94.1546707168,33.4959311566,2016,7,train,186,Veg_Meadow_504
BG128_D1,202607271281,91,4591,018,95.7671466518,32.6470232131,2009,8,train,103,Veg_Shrub
BG128_D1,202607271281,92,4942,019,95.3584131975,32.8311778464,2017,11,train,202,Veg_Shrub
BG128_D1,202607271281,93,21183,084,94.3298421972,33.6755942134,2006,4,train,63,Veg_Meadow_497
BG128_D1,202607271281,94,14008,055,94.1007717997,33.4555069688,2017,5,train,196,Veg_Meadow_497
BG128_D1,202607271281,95,5198,020,95.2640900927,33.0647398202,2018,3,train,206,Veg_Shrub
BG128_D1,202607271281,96,20787,082,94.9137471319,32.9883830211,2015,4,train,171,Veg_Meadow_497
BG128_D1,202607271281,97,49451,196,94.3523000793,33.0961808552,2009,12,train,107,Veg_Meadow_504
BG128_D1,202607271281,98,46508,184,95.0125618131,33.0647398202,2016,9,train,188,Veg_Meadow_499
BG128_D1,202607271281,99,826,003,95.6997730055,32.6829558245,2010,11,train,118,Veg_Coniferous
BG128_D1,202607271281,100,53686,213,94.1546707168,33.1410966194,2005,11,train,58,Veg_Meadow_504
BG128_D1,202607271281,101,53540,212,94.0693307648,33.6037289907,2014,9,train,164,Veg_Meadow_504
BG128_D1,202607271281,102,35916,142,94.9092555554,32.8671104577,2016,1,train,180,Veg_Meadow_497
BG128_D1,202607271281,103,45643,181,95.6593488177,32.7997368114,2007,8,train,79,Veg_Meadow_499
BG128_D1,202607271281,104,5699,022,95.9737591671,32.7323631651,2017,12,train,203,Veg_Shrub
BG128_D1,202607271281,105,42738,169,94.3433169264,33.2623691827,2017,7,train,198,Veg_Meadow_497
BG128_D1,202607271281,106,5576,022,95.9737591671,32.7323631651,2007,9,train,80,Veg_Shrub
BG128_D1,202607271281,107,39427,156,95.2775648219,32.8266862699,2014,8,train,163,Veg_Meadow_497
BG128_D1,202607271281,108,52173,207,94.0783139176,33.6216952964,2005,10,train,57,Veg_Meadow_504
BG128_D1,202607271281,109,24601,097,94.7116261929,33.6441531785,2018,2,train,205,Veg_Meadow_497
BG128_D1,202607271281,110,5097,020,95.2640900927,33.0647398202,2009,10,train,105,Veg_Shrub
BG128_D1,202607271281,111,9330,037,94.3028927387,32.9165177983,2005,7,train,54,Veg_Meadow_497
BG128_D1,202607271281,112,56760,225,94.819424027,32.965925139,2010,1,train,108,Veg_Sparse
BG128_D1,202607271281,113,18186,072,95.1652754114,33.0871977023,2008,7,train,90,Veg_Meadow_497
BG128_D1,202607271281,114,23963,095,95.1832417171,33.0153324796,2006,12,train,71,Veg_Meadow_497
BG128_D1,202607271281,115,26794,106,93.6111899699,33.0782145495,2011,11,train,130,Veg_Meadow_497
BG128_D1,202607271281,116,52720,209,94.0962802233,33.5633048029,2009,5,train,100,Veg_Meadow_504
BG128_D1,202607271281,117,25036,099,94.4780642191,32.9165177983,2012,5,train,136,Veg_Meadow_497
BG128_D1,202607271281,118,1348,005,95.6907898526,32.6919389773,2012,5,train,136,Veg_Coniferous
BG128_D1,202607271281,119,56779,225,94.819424027,32.965925139,2011,8,train,127,Veg_Sparse
BG128_D1,202607271281,120,17230,068,95.2281574813,33.0243156324,2012,11,train,142,Veg_Meadow_497
BG128_D1,202607271281,121,42230,167,94.8373903327,33.0871977023,2017,3,train,194,Veg_Meadow_497
BG128_D1,202607271281,122,16469,065,93.6426310048,33.1770292307,2012,6,train,137,Veg_Meadow_497
BG128_D1,202607271281,123,26287,104,95.951301285,32.6964305537,2011,8,train,127,Veg_Meadow_497
BG128_D1,202607271281,124,58282,231,94.2400106688,33.3162680998,2010,11,train,118,Veg_Sparse
BG128_D1,202607271281,125,44680,177,95.951301285,32.7772789293,2011,5,train,124,Veg_Meadow_499
BG128_D1,202607271281,126,47378,188,93.5752573585,33.5138974623,2005,3,train,50,Veg_Meadow_504
BG128_D1,202607271281,127,17650,070,94.8643397912,32.8985514927,2005,11,train,58,Veg_Meadow_497
BG128_D2,202607271282,0,19755,078,94.5589125946,33.6666110606,2013,4,train,147,Veg_Meadow_497
BG128_D2,202607271282,1,25610,101,93.772886721,33.4420322396,2018,3,train,206,Veg_Meadow_497
BG128_D2,202607271282,2,4114,016,95.7626550754,32.6919389773,2011,11,train,130,Veg_Shrub
BG128_D2,202607271282,3,52217,207,94.0783139176,33.6216952964,2009,6,train,101,Veg_Meadow_504
BG128_D2,202607271282,4,37914,150,94.1097549526,33.4330490867,2014,7,train,162,Veg_Meadow_497
BG128_D2,202607271282,5,18294,072,95.1652754114,33.0871977023,2017,7,train,198,Veg_Meadow_497
BG128_D2,202607271282,6,5629,022,95.9737591671,32.7323631651,2012,2,train,133,Veg_Shrub
BG128_D2,202607271282,7,2810,011,95.5695172893,32.8446525756,2008,3,train,86,Veg_Coniferous
BG128_D2,202607271282,8,57619,228,94.5139968304,32.9075346455,2018,8,train,211,Veg_Sparse
BG128_D2,202607271282,9,48670,193,94.1546707168,33.4959311566,2007,11,train,82,Veg_Meadow_504
BG128_D2,202607271282,10,58577,232,94.6756935816,32.9389756805,2014,6,train,161,Veg_Sparse
BG128_D2,202607271282,11,35126,139,94.8014577213,33.3387259819,2013,3,train,146,Veg_Meadow_497
BG128_D2,202607271282,12,49679,197,94.6128115117,33.4105912046,2007,12,train,83,Veg_Meadow_504
BG128_D2,202607271282,13,19502,077,94.5139968304,33.2084702657,2013,3,train,146,Veg_Meadow_497
BG128_D2,202607271282,14,57829,229,94.7834914157,32.934484104,2015,2,train,169,Veg_Sparse
BG128_D2,202607271282,15,4668,018,95.7671466518,32.6470232131,2016,1,train,180,Veg_Shrub
BG128_D2,202607271282,16,2117,008,95.5515509836,32.8266862699,2013,6,train,149,Veg_Coniferous
BG128_D2,202607271282,17,35884,142,94.9092555554,32.8671104577,2013,5,train,148,Veg_Meadow_497
BG128_D2,202607271282,18,28757,114,94.904763979,33.2084702657,2007,6,train,77,Veg_Meadow_497
BG128_D2,202607271282,19,31601,125,93.6605973105,33.2174534185,2013,6,train,149,Veg_Meadow_497
BG128_D2,202607271282,20,27720,110,94.114246529,33.5363553444,2005,1,train,48,Veg_Meadow_497
BG128_D2,202607271282,21,20179,080,95.0170533895,32.8311778464,2006,8,train,67,Veg_Meadow_497
BG128_D2,202607271282,22,17998,071,94.1546707168,33.1815208072,2013,11,train,154,Veg_Meadow_497
BG128_D2,202607271282,23,47431,188,93.5752573585,33.5138974623,2009,8,train,103,Veg_Meadow_504
BG128_D2,202607271282,24,29016,115,94.1187381054,33.275843912,2008,1,train,84,Veg_Meadow_497
BG128_D2,202607271282,25,43186,171,95.6279077827,32.8087199643,2012,11,train,142,Veg_Meadow_499
BG128_D2,202607271282,26,58868,233,94.6846767344,33.756442589,2017,9,train,200,Veg_Sparse
BG128_D2,202607271282,27,52300,207,94.0783139176,33.6216952964,2016,5,train,184,Veg_Meadow_504
BG128_D2,202607271282,28,40130,159,95.1787501407,32.9434672569,2010,3,train,110,Veg_Meadow_497
BG128_D2,202607271282,29,22537,089,95.6279077827,32.6649895188,2014,2,train,157,Veg_Meadow_497
BG128_D2,202607271282,30,16386,065,93.6426310048,33.1770292307,2005,7,train,54,Veg_Meadow_497
BG128_D2,202607271282,31,5133,020,95.2640900927,33.0647398202,2012,10,train,141,Veg_Shrub
BG128_D2,202607271282,32,38578,153,94.2310275159,33.2174534185,2006,11,train,70,Veg_Meadow_497
BG128_D2,202607271282,33,19909,079,93.5752573585,33.3746585933,2005,2,train,49,Veg_Meadow_497
BG128_D2,202607271282,34,44657,177,95.951301285,32.7772789293,2009,6,train,101,Veg_Meadow_499
BG128_D2,202607271282,35,23780,094,94.8643397912,33.3027933705,2012,9,train,140,Veg_Meadow_497
BG128_D2,202607271282,36,16177,064,94.5364547125,33.3701670168,2009,2,train,97,Veg_Meadow_497
BG128_D2,202607271282,37,49398,196,94.3523000793,33.0961808552,2005,7,train,54,Veg_Meadow_504
BG128_D2,202607271282,38,2599,010,95.5605341364,32.8221946935,2011,8,train,127,Veg_Coniferous
BG128_D2,202607271282,39,27763,110,94.114246529,33.5363553444,2008,8,train,91,Veg_Meadow_497
BG128_D2,202607271282,40,33577,133,93.5977152406,33.4330490867,2010,2,train,109,Veg_Meadow_497
BG128_D2,202607271282,41,22996,091,94.5454378654,33.3566922876,2010,5,train,112,Veg_Meadow_497
BG128_D2,202607271282,42,29505,117,95.5156183722,32.8356694228,2006,10,train,69,Veg_Meadow_497
BG128_D2,202607271282,43,7662,030,94.4600979134,33.275843912,2013,7,train,150,Veg_Meadow_497
BG128_D2,202607271282,44,40353,160,95.214682752,33.0108409032,2007,10,train,81,Veg_Meadow_497
BG128_D2,202607271282,45,14427,057,95.021544966,33.0018577503,2010,4,train,111,Veg_Meadow_497
BG128_D2,202607271282,46,22339,088,94.8418819091,33.2354197242,2018,8,train,211,Veg_Meadow_497
BG128_D2,202607271282,47,45644,181,95.6593488177,32.7997368114,2007,9,train,80,Veg_Meadow_499
BG128_D2,202607271282,48,46242,183,94.904763979,33.0557566674,2015,7,train,174,Veg_Meadow_499
BG128_D2,202607271282,49,51272,203,94.2400106688,33.671102637,2014,9,train,164,Veg_Meadow_504
BG128_D2,202607271282,50,15461,061,94.4870473719,33.4824564273,2012,6,train,137,Veg_Meadow_497
BG128_D2,202607271282,51,29052,115,94.1187381054,33.275843912,2011,1,train,120,Veg_Meadow_497
BG128_D2,202607271282,52,43372,172,94.9586628961,33.0692313966,2007,5,train,76,Veg_Meadow_499
BG128_D2,202607271282,53,32104,127,94.4421316077,33.4644901217,2013,5,train,148,Veg_Meadow_497
BG128_D2,202607271282,54,21552,085,95.9917254728,32.8850767634,2016,1,train,180,Veg_Meadow_497
BG128_D2,202607271282,55,41457,164,93.6965299219,33.2668607592,2015,10,train,177,Veg_Meadow_497
BG128_D2,202607271282,56,37096,147,93.6246646991,33.5498300737,2009,5,train,100,Veg_Meadow_497
BG128_D2,202607271282,57,14483,057,95.021544966,33.0018577503,2014,12,train,167,Veg_Meadow_497
BG128_D2,202607271282,58,29781,118,95.5785004421,32.795245235,2008,10,train,93,Veg_Meadow_497
BG128_D2,202607271282,59,47967,190,93.7459372625,33.6980520955,2012,4,train,135,Veg_Meadow_504
BG128_D2,202607271282,60,7376,029,95.9782507435,32.795245235,2010,9,train,116,Veg_Shrub
BG128_D2,202607271282,61,6413,025,95.470702608,32.8221946935,2014,6,train,161,Veg_Shrub
BG128_D2,202607271282,62,7431,029,95.9782507435,32.795245235,2015,4,train,171,Veg_Shrub
BG128_D2,202607271282,63,36378,144,94.5274715597,32.934484104,2012,7,train,138,Veg_Meadow_497
BG128_D2,202607271282,64,21239,084,94.3298421972,33.6755942134,2010,12,train,119,Veg_Meadow_497
BG128_D2,202607271282,65,24346,096,94.9721376253,33.2399113006,2017,11,train,202,Veg_Meadow_497
BG128_D2,202607271282,66,26049,103,95.1203596472,32.9255009512,2012,10,train,141,Veg_Meadow_497
BG128_D2,202607271282,67,28823,114,94.904763979,33.2084702657,2012,12,train,143,Veg_Meadow_497
BG128_D2,202607271282,68,56062,222,95.8929107915,32.6694810952,2014,11,train,166,Veg_Sparse
BG128_D2,202607271282,69,3375,013,95.7222308876,32.7009221302,2013,4,train,147,Veg_Coniferous
BG128_D2,202607271282,70,19748,078,94.5589125946,33.6666110606,2012,9,train,140,Veg_Meadow_497
BG128_D2,202607271282,71,54323,215,95.8030792631,32.8671104577,2016,12,train,191,Veg_Sparse
BG128_D2,202607271282,72,11505,045,94.5364547125,33.5498300737,2018,10,train,213,Veg_Meadow_497
BG128_D2,202607271282,73,18757,074,95.1068849179,32.9075346455,2014,2,train,157,Veg_Meadow_497
BG128_D2,202607271282,74,44949,178,95.7716382282,32.7862620822,2012,10,train,141,Veg_Meadow_499
BG128_D2,202607271282,75,29388,116,94.8733229441,32.849144152,2018,1,train,204,Veg_Meadow_497
BG128_D2,202607271282,76,54261,215,95.8030792631,32.8671104577,2011,10,train,129,Veg_Sparse
BG128_D2,202607271282,77,3842,015,95.8435034509,32.6425316367,2010,3,train,110,Veg_Shrub
BG128_D2,202607271282,78,27502,109,94.4061989963,33.221944995,2007,11,train,82,Veg_Meadow_497
BG128_D2,202607271282,79,22683,090,94.509505254,33.4914395802,2005,4,train,51,Veg_Meadow_497
BG128_D2,202607271282,80,29017,115,94.1187381054,33.275843912,2008,2,train,85,Veg_Meadow_497
BG128_D2,202607271282,81,8064,032,94.76552511,33.105164008,2005,1,train,48,Veg_Meadow_497
BG128_D2,202607271282,82,38162,151,94.8867976733,32.8940599162,2014,3,train,158,Veg_Meadow_497
BG128_D2,202607271282,83,884,003,95.6997730055,32.6829558245,2015,9,train,176,Veg_Coniferous
BG128_D2,202607271282,84,54021,214,94.4466231841,33.5633048029,2012,10,train,141,Veg_Meadow_504
BG128_D2,202607271282,85,37402,148,94.7789998392,32.8895683398,2013,11,train,154,Veg_Meadow_497
BG128_D2,202607271282,86,45398,180,95.7581634989,32.7278715887,2008,3,train,86,Veg_Meadow_499
BG128_D2,202607271282,87,1038,004,95.6099414771,32.7997368114,2007,7,train,78,Veg_Coniferous
BG128_D2,202607271282,88,28240,112,95.5380762543,32.8311778464,2006,5,train,64,Veg_Meadow_497
BG128_D2,202607271282,89,44699,177,95.951301285,32.7772789293,2012,12,train,143,Veg_Meadow_499
BG128_D2,202607271282,90,32908,130,94.4960305247,32.9479588333,2017,5,train,196,Veg_Meadow_497
BG128_D2,202607271282,91,35031,139,94.8014577213,33.3387259819,2005,4,train,51,Veg_Meadow_497
BG128_D2,202607271282,92,22544,089,95.6279077827,32.6649895188,2014,9,train,164,Veg_Meadow_497
BG128_D2,202607271282,93,22591,089,95.6279077827,32.6649895188,2018,8,train,211,Veg_Meadow_497
BG128_D2,202607271282,94,43908,174,95.9647760143,32.6649895188,2010,1,train,108,Veg_Meadow_499
BG128_D2,202607271282,95,913,003,95.6997730055,32.6829558245,2018,2,train,205,Veg_Coniferous
BG128_D2,202607271282,96,885,003,95.6997730055,32.6829558245,2015,10,train,177,Veg_Coniferous
BG128_D2,202607271282,97,26743,106,93.6111899699,33.0782145495,2007,8,train,79,Veg_Meadow_497
BG128_D2,202607271282,98,56196,223,93.9525497779,33.3387259819,2005,1,train,48,Veg_Sparse
BG128_D2,202607271282,99,17924,071,94.1546707168,33.1815208072,2007,9,train,80,Veg_Meadow_497
BG128_D2,202607271282,100,43671,173,96.0231665077,32.7054137066,2011,4,train,123,Veg_Meadow_499
BG128_D2,202607271282,101,7386,029,95.9782507435,32.795245235,2011,7,train,126,Veg_Shrub
BG128_D2,202607271282,102,60770,241,94.1367044111,33.3207596762,2008,3,train,86,Veg_Sparse
BG128_D2,202607271282,103,7918,031,94.0199234242,33.051265091,2013,11,train,154,Veg_Meadow_497
BG128_D2,202607271282,104,26267,104,95.951301285,32.6964305537,2009,12,train,107,Veg_Meadow_497
BG128_D2,202607271282,105,31508,125,93.6605973105,33.2174534185,2005,9,train,56,Veg_Meadow_497
BG128_D2,202607271282,106,58971,234,94.4600979134,33.0782145495,2005,4,train,51,Veg_Sparse
BG128_D2,202607271282,107,42747,169,94.3433169264,33.2623691827,2018,4,train,207,Veg_Meadow_497
BG128_D2,202607271282,108,56776,225,94.819424027,32.965925139,2011,5,train,124,Veg_Sparse
BG128_D2,202607271282,109,38117,151,94.8867976733,32.8940599162,2010,6,train,113,Veg_Meadow_497
BG128_D2,202607271282,110,58050,230,94.680185158,33.0782145495,2012,7,train,138,Veg_Sparse
BG128_D2,202607271282,111,45163,179,95.9737591671,32.7638042,2009,8,train,103,Veg_Meadow_499
BG128_D2,202607271282,112,5387,021,95.7896045339,32.656006366,2012,12,train,143,Veg_Shrub
BG128_D2,202607271282,113,20753,082,94.9137471319,32.9883830211,2012,6,train,137,Veg_Meadow_497
BG128_D2,202607271282,114,25567,101,93.772886721,33.4420322396,2014,8,train,163,Veg_Meadow_497
BG128_D2,202607271282,115,16527,065,93.6426310048,33.1770292307,2017,4,train,195,Veg_Meadow_497
BG128_D2,202607271282,116,18161,072,95.1652754114,33.0871977023,2006,6,train,65,Veg_Meadow_497
BG128_D2,202607271282,117,20039,079,93.5752573585,33.3746585933,2015,12,train,179,Veg_Meadow_497
BG128_D2,202607271282,118,48721,193,94.1546707168,33.4959311566,2012,2,train,133,Veg_Meadow_504
BG128_D2,202607271282,119,45877,182,95.812062416,32.7143968594,2006,2,train,61,Veg_Meadow_499
BG128_D2,202607271282,120,51686,205,94.0872970705,33.671102637,2007,3,train,74,Veg_Meadow_504
BG128_D2,202607271282,121,2434,009,95.7491803461,32.6919389773,2018,11,train,214,Veg_Coniferous
BG128_D2,202607271282,122,48540,192,93.6561057341,33.5138974623,2018,1,train,204,Veg_Meadow_504
BG128_D2,202607271282,123,13775,054,94.9272218611,32.8401609992,2018,12,train,215,Veg_Meadow_497
BG128_D2,202607271282,124,37698,149,95.6144330535,32.7233800123,2017,7,train,198,Veg_Meadow_497
BG128_D2,202607271282,125,23300,092,94.33882535,33.2668607592,2014,9,train,164,Veg_Meadow_497
BG128_D2,202607271282,126,42854,170,94.5319631361,33.5049143094,2006,3,train,62,Veg_Meadow_497
BG128_D2,202607271282,127,2087,008,95.5515509836,32.8266862699,2010,12,train,119,Veg_Coniferous
BG128_D3,202607271283,0,18999,075,94.3253506208,33.1725376543,2013,4,train,147,Veg_Meadow_497
BG128_D3,202607271283,1,43931,174,95.9647760143,32.6649895188,2011,12,train,131,Veg_Meadow_499
BG128_D3,202607271283,2,55581,220,94.370266385,32.9973661739,2016,10,train,189,Veg_Sparse
BG128_D3,202607271283,3,55283,219,95.3224805861,33.1500797722,2012,12,train,143,Veg_Sparse
BG128_D3,202607271283,4,2369,009,95.7491803461,32.6919389773,2013,6,train,149,Veg_Coniferous
BG128_D3,202607271283,5,62002,246,94.1591622932,33.2983017941,2005,11,train,58,Veg_Sparse
BG128_D3,202607271283,6,52959,210,93.5123752886,33.585762685,2008,4,train,87,Veg_Meadow_504
BG128_D3,202607271283,7,46248,183,94.904763979,33.0557566674,2016,1,train,180,Veg_Meadow_499
BG128_D3,202607271283,8,37937,150,94.1097549526,33.4330490867,2016,6,train,185,Veg_Meadow_497
BG128_D3,202607271283,9,8166,032,94.76552511,33.105164008,2013,7,train,150,Veg_Meadow_497
BG128_D3,202607271283,10,4829,019,95.3584131975,32.8311778464,2008,6,train,89,Veg_Shrub
BG128_D3,202607271283,11,16893,067,95.2236659049,32.9973661739,2005,10,train,57,Veg_Meadow_497
BG128_D3,202607271283,12,32052,127,94.4421316077,33.4644901217,2009,1,train,96,Veg_Meadow_497
BG128_D3,202607271283,13,4948,019,95.3584131975,32.8311778464,2018,5,train,208,Veg_Shrub
BG128_D3,202607271283,14,50743,201,94.3118758915,32.9389756805,2012,8,train,139,Veg_Meadow_504
BG128_D3,202607271283,15,50793,201,94.3118758915,32.9389756805,2016,10,train,189,Veg_Meadow_504
BG128_D3,202607271283,16,42422,168,93.7234793804,33.5543216501,2012,3,train,134,Veg_Meadow_497
BG128_D3,202607271283,17,5412,021,95.7896045339,32.656006366,2015,1,train,168,Veg_Shrub
BG128_D3,202607271283,18,1140,004,95.6099414771,32.7997368114,2016,1,train,180,Veg_Coniferous
BG128_D3,202607271283,19,19405,077,94.5139968304,33.2084702657,2005,2,train,49,Veg_Meadow_497
BG128_D3,202607271283,20,37891,150,94.1097549526,33.4330490867,2012,8,train,139,Veg_Meadow_497
BG128_D3,202607271283,21,23810,094,94.8643397912,33.3027933705,2015,3,train,170,Veg_Meadow_497
BG128_D3,202607271283,22,36811,146,94.253485398,33.2174534185,2006,8,train,67,Veg_Meadow_497
BG128_D3,202607271283,23,21031,083,94.4151821492,33.7294931305,2014,8,train,163,Veg_Meadow_497
BG128_D3,202607271283,24,34527,137,94.0378897298,33.4510153924,2005,4,train,51,Veg_Meadow_497
BG128_D3,202607271283,25,13006,051,94.6083199353,32.9389756805,2017,11,train,202,Veg_Meadow_497
BG128_D3,202607271283,26,5327,021,95.7896045339,32.656006366,2007,12,train,83,Veg_Shrub
BG128_D3,202607271283,27,35076,139,94.8014577213,33.3387259819,2009,1,train,96,Veg_Meadow_497
BG128_D3,202607271283,28,49236,195,93.6471225812,33.6486447549,2013,1,train,144,Veg_Meadow_504
BG128_D3,202607271283,29,23978,095,95.1832417171,33.0153324796,2008,3,train,86,Veg_Meadow_497
BG128_D3,202607271283,30,48935,194,94.3343337736,33.1141471609,2008,12,train,95,Veg_Meadow_504
BG128_D3,202607271283,31,10870,043,94.9406965904,32.9165177983,2007,11,train,82,Veg_Meadow_497
BG128_D3,202607271283,32,24479,097,94.7116261929,33.6441531785,2007,12,train,83,Veg_Meadow_497
BG128_D3,202607271283,33,34672,137,94.0378897298,33.4510153924,2017,5,train,196,Veg_Meadow_497
BG128_D3,202607271283,34,42616,169,94.3433169264,33.2623691827,2007,5,train,76,Veg_Meadow_497
BG128_D3,202607271283,35,44185,175,95.6458740884,32.7682957765,2012,2,train,133,Veg_Meadow_499
BG128_D3,202607271283,36,36687,145,95.0844270358,33.1500797722,2017,4,train,195,Veg_Meadow_497
BG128_D3,202607271283,37,37101,147,93.6246646991,33.5498300737,2009,10,train,105,Veg_Meadow_497
BG128_D3,202607271283,38,3823,015,95.8435034509,32.6425316367,2008,8,train,91,Veg_Shrub
BG128_D3,202607271283,39,18405,073,94.5544210182,33.7339847069,2005,10,train,57,Veg_Meadow_497
BG128_D3,202607271283,40,46026,182,95.812062416,32.7143968594,2018,7,train,210,Veg_Meadow_499
BG128_D3,202607271283,41,43622,173,96.0231665077,32.7054137066,2007,3,train,74,Veg_Meadow_499
BG128_D3,202607271283,42,48402,192,93.6561057341,33.5138974623,2006,7,train,66,Veg_Meadow_504
BG128_D3,202607271283,43,33854,134,93.804327756,33.3926248989,2012,3,train,134,Veg_Meadow_497
BG128_D3,202607271283,44,9847,039,94.6846767344,33.2893186413,2006,8,train,67,Veg_Meadow_497
BG128_D3,202607271283,45,33634,133,93.5977152406,33.4330490867,2014,11,train,166,Veg_Meadow_497
BG128_D3,202607271283,46,30245,120,93.7594119918,33.0243156324,2005,6,train,53,Veg_Meadow_497
BG128_D3,202607271283,47,47965,190,93.7459372625,33.6980520955,2012,2,train,133,Veg_Meadow_504
BG128_D3,202607271283,48,23528,093,93.9839908128,33.0961808552,2012,9,train,140,Veg_Meadow_497
BG128_D3,202607271283,49,38442,152,93.718987804,33.4689816981,2016,7,train,186,Veg_Meadow_497
BG128_D3,202607271283,50,18664,074,95.1068849179,32.9075346455,2006,5,train,64,Veg_Meadow_497
BG128_D3,202607271283,51,7584,030,94.4600979134,33.275843912,2007,1,train,72,Veg_Meadow_497
BG128_D3,202607271283,52,24308,096,94.9721376253,33.2399113006,2014,9,train,164,Veg_Meadow_497
BG128_D3,202607271283,53,47968,190,93.7459372625,33.6980520955,2012,5,train,136,Veg_Meadow_504
BG128_D3,202607271283,54,49486,196,94.3523000793,33.0961808552,2012,11,train,142,Veg_Meadow_504
BG128_D3,202607271283,55,25853,102,95.0664607302,33.2938102177,2017,6,train,197,Veg_Meadow_497
BG128_D3,202607271283,56,16134,064,94.5364547125,33.3701670168,2005,7,train,54,Veg_Meadow_497
BG128_D3,202607271283,57,1382,005,95.6907898526,32.6919389773,2015,3,train,170,Veg_Coniferous
BG128_D3,202607271283,58,9944,039,94.6846767344,33.2893186413,2014,9,train,164,Veg_Meadow_497
BG128_D3,202607271283,59,19742,078,94.5589125946,33.6666110606,2012,3,train,134,Veg_Meadow_497
BG128_D3,202607271283,60,30544,121,95.2640900927,32.8042283878,2009,5,train,100,Veg_Meadow_497
BG128_D3,202607271283,61,5602,022,95.9737591671,32.7323631651,2009,11,train,106,Veg_Shrub
BG128_D3,202607271283,62,16976,067,95.2236659049,32.9973661739,2012,9,train,140,Veg_Meadow_497
BG128_D3,202607271283,63,35796,142,94.9092555554,32.8671104577,2006,1,train,60,Veg_Meadow_497
BG128_D3,202607271283,64,37836,150,94.1097549526,33.4330490867,2008,1,train,84,Veg_Meadow_497
BG128_D3,202607271283,65,44355,176,95.9737591671,32.8177031171,2005,4,train,51,Veg_Meadow_499
BG128_D3,202607271283,66,22970,091,94.5454378654,33.3566922876,2008,3,train,86,Veg_Meadow_497
BG128_D3,202607271283,67,10081,040,94.1232296818,33.5767795322,2005,2,train,49,Veg_Meadow_497
BG128_D3,202607271283,68,28767,114,94.904763979,33.2084702657,2008,4,train,87,Veg_Meadow_497
BG128_D3,202607271283,69,43720,173,96.0231665077,32.7054137066,2015,5,train,172,Veg_Meadow_499
BG128_D3,202607271283,70,13138,052,94.3028927387,33.3432175583,2007,11,train,82,Veg_Meadow_497
BG128_D3,202607271283,71,4597,018,95.7671466518,32.6470232131,2010,2,train,109,Veg_Shrub
BG128_D3,202607271283,72,45173,179,95.9737591671,32.7638042,2010,6,train,113,Veg_Meadow_499
BG128_D3,202607271283,73,50693,201,94.3118758915,32.9389756805,2008,6,train,89,Veg_Meadow_504
BG128_D3,202607271283,74,50816,201,94.3118758915,32.9389756805,2018,9,train,212,Veg_Meadow_504
BG128_D3,202607271283,75,547,002,95.6234162063,32.7503294708,2008,8,train,91,Veg_Coniferous
BG128_D3,202607271283,76,22019,087,94.3837411142,33.6351700256,2012,12,train,143,Veg_Meadow_497
BG128_D3,202607271283,77,31030,123,94.594845206,33.7744088947,2007,11,train,82,Veg_Meadow_497
BG128_D3,202607271283,78,13890,055,94.1007717997,33.4555069688,2007,7,train,78,Veg_Meadow_497
BG128_D3,202607271283,79,56533,224,94.0917886469,33.051265091,2012,2,train,133,Veg_Sparse
BG128_D3,202607271283,80,57845,229,94.7834914157,32.934484104,2016,6,train,185,Veg_Sparse
BG128_D3,202607271283,81,25264,100,93.7773782974,33.275843912,2010,5,train,112,Veg_Meadow_497
BG128_D3,202607271283,82,28493,113,93.772886721,33.105164008,2006,6,train,65,Veg_Meadow_497
BG128_D3,202607271283,83,39969,158,94.7745082628,32.9075346455,2017,10,train,201,Veg_Meadow_497
BG128_D3,202607271283,84,45213,179,95.9737591671,32.7638042,2013,10,train,153,Veg_Meadow_499
BG128_D3,202607271283,85,42469,168,93.7234793804,33.5543216501,2016,2,train,181,Veg_Meadow_497
BG128_D3,202607271283,86,27005,107,94.6846767344,33.3971164754,2008,6,train,89,Veg_Meadow_497
BG128_D3,202607271283,87,28369,112,95.5380762543,32.8311778464,2017,2,train,193,Veg_Meadow_497
BG128_D3,202607271283,88,14255,056,95.0440028481,33.1141471609,2016,12,train,191,Veg_Meadow_497
BG128_D3,202607271283,89,37859,150,94.1097549526,33.4330490867,2009,12,train,107,Veg_Meadow_497
BG128_D3,202607271283,90,46030,182,95.812062416,32.7143968594,2018,11,train,214,Veg_Meadow_499
BG128_D3,202607271283,91,5654,022,95.9737591671,32.7323631651,2014,3,train,158,Veg_Shrub
BG128_D3,202607271283,92,43387,172,94.9586628961,33.0692313966,2008,8,train,91,Veg_Meadow_499
BG128_D3,202607271283,93,10920,043,94.9406965904,32.9165177983,2012,1,train,132,Veg_Meadow_497
BG128_D3,202607271283,94,56760,225,94.819424027,32.965925139,2010,1,train,108,Veg_Sparse
BG128_D3,202607271283,95,18772,074,95.1068849179,32.9075346455,2015,5,train,172,Veg_Meadow_497
BG128_D3,202607271283,96,59743,237,94.1277212583,33.3342344055,2006,8,train,67,Veg_Sparse
BG128_D3,202607271283,97,2811,011,95.5695172893,32.8446525756,2008,4,train,87,Veg_Coniferous
BG128_D3,202607271283,98,38562,153,94.2310275159,33.2174534185,2005,7,train,54,Veg_Meadow_497
BG128_D3,202607271283,99,9219,036,94.6667104287,33.019824056,2017,4,train,195,Veg_Meadow_497
BG128_D3,202607271283,100,36553,145,95.0844270358,33.1500797722,2006,2,train,61,Veg_Meadow_497
BG128_D3,202607271283,101,1629,006,95.6368909356,32.7503294708,2014,10,train,165,Veg_Coniferous
BG128_D3,202607271283,102,27335,108,94.4735726426,33.7744088947,2014,12,train,167,Veg_Meadow_497
BG128_D3,202607271283,103,45164,179,95.9737591671,32.7638042,2009,9,train,104,Veg_Meadow_499
BG128_D3,202607271283,104,61782,245,94.1456875639,33.3522007111,2008,7,train,90,Veg_Sparse
BG128_D3,202607271283,105,60236,239,95.5829920185,32.6470232131,2005,9,train,56,Veg_Sparse
BG128_D3,202607271283,106,9651,038,95.0260365424,32.8446525756,2011,4,train,123,Veg_Meadow_497
BG128_D3,202607271283,107,14382,057,95.021544966,33.0018577503,2006,7,train,66,Veg_Meadow_497
BG128_D3,202607271283,108,31027,123,94.594845206,33.7744088947,2007,8,train,79,Veg_Meadow_497
BG128_D3,202607271283,109,2665,010,95.5605341364,32.8221946935,2017,2,train,193,Veg_Coniferous
BG128_D3,202607271283,110,3191,012,95.5740088657,32.8177031171,2018,12,train,215,Veg_Coniferous
BG128_D3,202607271283,111,51254,203,94.2400106688,33.671102637,2013,3,train,146,Veg_Meadow_504
BG128_D3,202607271283,112,39644,157,95.0844270358,32.9165177983,2011,9,train,128,Veg_Meadow_497
BG128_D3,202607271283,113,1030,004,95.6099414771,32.7997368114,2006,11,train,70,Veg_Coniferous
BG128_D3,202607271283,114,7376,029,95.9782507435,32.795245235,2010,9,train,116,Veg_Shrub
BG128_D3,202607271283,115,27778,110,94.114246529,33.5363553444,2009,11,train,106,Veg_Meadow_497
BG128_D3,202607271283,116,28041,111,93.9480582014,33.3117765234,2010,10,train,117,Veg_Meadow_497
BG128_D3,202607271283,117,20767,082,94.9137471319,32.9883830211,2013,8,train,151,Veg_Meadow_497
BG128_D3,202607271283,118,55539,220,94.370266385,32.9973661739,2013,4,train,147,Veg_Sparse
BG128_D3,202607271283,119,2598,010,95.5605341364,32.8221946935,2011,7,train,126,Veg_Coniferous
BG128_D3,202607271283,120,40073,159,95.1787501407,32.9434672569,2005,6,train,53,Veg_Meadow_497
BG128_D3,202607271283,121,14120,056,95.0440028481,33.1141471609,2005,9,train,56,Veg_Meadow_497
BG128_D3,202607271283,122,55768,221,95.4617194552,32.7143968594,2011,5,train,124,Veg_Sparse
BG128_D3,202607271283,123,55814,221,95.4617194552,32.7143968594,2015,3,train,170,Veg_Sparse
BG128_D3,202607271283,124,29039,115,94.1187381054,33.275843912,2009,12,train,107,Veg_Meadow_497
BG128_D3,202607271283,125,5553,022,95.9737591671,32.7323631651,2005,10,train,57,Veg_Shrub
BG128_D3,202607271283,126,18673,074,95.1068849179,32.9075346455,2007,2,train,73,Veg_Meadow_497
BG128_D3,202607271283,127,19557,077,94.5139968304,33.2084702657,2017,10,train,201,Veg_Meadow_497
BG256_D1,202607272561,0,27843,110,94.114246529,33.5363553444,2015,4,train,171,Veg_Meadow_497
BG256_D1,202607272561,1,41329,164,93.6965299219,33.2668607592,2005,2,train,49,Veg_Meadow_497
BG256_D1,202607272561,2,57226,227,93.9705160835,33.3162680998,2006,11,train,70,Veg_Sparse
BG256_D1,202607272561,3,8699,034,94.3028927387,33.6890689427,2015,12,train,179,Veg_Meadow_497
BG256_D1,202607272561,4,17486,069,95.5874835949,32.6649895188,2013,3,train,146,Veg_Meadow_497
BG256_D1,202607272561,5,47010,186,93.633647852,33.5094058859,2016,7,train,186,Veg_Meadow_504
BG256_D1,202607272561,6,54199,215,95.8030792631,32.8671104577,2006,8,train,67,Veg_Sparse
BG256_D1,202607272561,7,33017,131,94.6756935816,32.9030430691,2005,6,train,53,Veg_Meadow_497
BG256_D1,202607272561,8,17554,069,95.5874835949,32.6649895188,2018,11,train,214,Veg_Meadow_497
BG256_D1,202607272561,9,54233,215,95.8030792631,32.8671104577,2009,6,train,101,Veg_Sparse
BG256_D1,202607272561,10,57101,226,95.8704529094,32.7548210472,2017,6,train,197,Veg_Sparse
BG256_D1,202607272561,11,48292,191,93.6291562756,33.446523816,2018,5,train,208,Veg_Meadow_504
BG256_D1,202607272561,12,40976,162,94.648744123,33.5902542614,2017,9,train,200,Veg_Meadow_497
BG256_D1,202607272561,13,28356,112,95.5380762543,32.8311778464,2016,1,train,180,Veg_Meadow_497
BG256_D1,202607272561,14,59746,237,94.1277212583,33.3342344055,2006,11,train,70,Veg_Sparse
BG256_D1,202607272561,15,47414,188,93.5752573585,33.5138974623,2008,3,train,86,Veg_Meadow_504
BG256_D1,202607272561,16,29526,117,95.5156183722,32.8356694228,2008,7,train,90,Veg_Meadow_497
BG256_D1,202607272561,17,45869,182,95.812062416,32.7143968594,2005,6,train,53,Veg_Meadow_499
BG256_D1,202607272561,18,1803,007,95.695281429,32.7054137066,2008,4,train,87,Veg_Coniferous
BG256_D1,202607272561,19,12901,051,94.6083199353,32.9389756805,2009,2,train,97,Veg_Meadow_497
BG256_D1,202607272561,20,26466,105,95.0125618131,32.880585187,2005,7,train,54,Veg_Meadow_497
BG256_D1,202607272561,21,51039,202,93.7683951446,33.500422733,2016,4,train,183,Veg_Meadow_504
BG256_D1,202607272561,22,48512,192,93.6561057341,33.5138974623,2015,9,train,176,Veg_Meadow_504
BG256_D1,202607272561,23,47688,189,94.2624685509,32.9165177983,2010,1,train,108,Veg_Meadow_504
BG256_D1,202607272561,24,55560,220,94.370266385,32.9973661739,2015,1,train,168,Veg_Sparse
BG256_D1,202607272561,25,54068,214,94.4466231841,33.5633048029,2016,9,train,188,Veg_Meadow_504
BG256_D1,202607272561,26,32053,127,94.4421316077,33.4644901217,2009,2,train,97,Veg_Meadow_497
BG256_D1,202607272561,27,9721,038,95.0260365424,32.8446525756,2017,2,train,193,Veg_Meadow_497
BG256_D1,202607272561,28,52017,206,93.9031424372,33.4375406631,2013,10,train,153,Veg_Meadow_504
BG256_D1,202607272561,29,43615,173,96.0231665077,32.7054137066,2006,8,train,67,Veg_Meadow_499
BG256_D1,202607272561,30,26,000,95.5785004421,32.8536357285,2007,3,train,74,Veg_Coniferous
BG256_D1,202607272561,31,11411,045,94.5364547125,33.5498300737,2010,12,train,119,Veg_Meadow_497
BG256_D1,202607272561,32,10469,041,94.6397609702,33.1231303137,2016,6,train,185,Veg_Meadow_497
BG256_D1,202607272561,33,23829,094,94.8643397912,33.3027933705,2016,10,train,189,Veg_Meadow_497
BG256_D1,202607272561,34,51003,202,93.7683951446,33.500422733,2013,4,train,147,Veg_Meadow_504
BG256_D1,202607272561,35,34803,138,94.5813704767,32.9299925276,2007,4,train,75,Veg_Meadow_497
BG256_D1,202607272561,36,41403,164,93.6965299219,33.2668607592,2011,4,train,123,Veg_Meadow_497
BG256_D1,202607272561,37,6455,025,95.470702608,32.8221946935,2017,12,train,203,Veg_Shrub
BG256_D1,202607272561,38,35356,140,94.5364547125,33.0692313966,2011,5,train,124,Veg_Meadow_497
BG256_D1,202607272561,39,54200,215,95.8030792631,32.8671104577,2006,9,train,68,Veg_Sparse
BG256_D1,202607272561,40,20443,081,94.4196737256,33.6441531785,2007,8,train,79,Veg_Meadow_497
BG256_D1,202607272561,41,13636,054,94.9272218611,32.8401609992,2007,5,train,76,Veg_Meadow_497
BG256_D1,202607272561,42,46182,183,94.904763979,33.0557566674,2010,7,train,114,Veg_Meadow_499
BG256_D1,202607272561,43,2661,010,95.5605341364,32.8221946935,2016,10,train,189,Veg_Coniferous
BG256_D1,202607272561,44,36588,145,95.0844270358,33.1500797722,2009,1,train,96,Veg_Meadow_497
BG256_D1,202607272561,45,12986,051,94.6083199353,32.9389756805,2016,3,train,182,Veg_Meadow_497
BG256_D1,202607272561,46,12882,051,94.6083199353,32.9389756805,2007,7,train,78,Veg_Meadow_497
BG256_D1,202607272561,47,23965,095,95.1832417171,33.0153324796,2007,2,train,73,Veg_Meadow_497
BG256_D1,202607272561,48,44252,175,95.6458740884,32.7682957765,2017,9,train,200,Veg_Meadow_499
BG256_D1,202607272561,49,20816,082,94.9137471319,32.9883830211,2017,9,train,200,Veg_Meadow_497
BG256_D1,202607272561,50,30330,120,93.7594119918,33.0243156324,2012,7,train,138,Veg_Meadow_497
BG256_D1,202607272561,51,16699,066,95.865961333,32.8446525756,2010,8,train,115,Veg_Meadow_497
BG256_D1,202607272561,52,3149,012,95.5740088657,32.8177031171,2015,6,train,173,Veg_Coniferous
BG256_D1,202607272561,53,59559,236,94.8463734855,32.8266862699,2012,4,train,135,Veg_Sparse
BG256_D1,202607272561,54,50549,200,93.8941592844,33.5992374143,2017,6,train,197,Veg_Meadow_504
BG256_D1,202607272561,55,10222,040,94.1232296818,33.5767795322,2016,11,train,190,Veg_Meadow_497
BG256_D1,202607272561,56,18680,074,95.1068849179,32.9075346455,2007,9,train,80,Veg_Meadow_497
BG256_D1,202607272561,57,59344,235,94.1591622932,33.3432175583,2015,5,train,172,Veg_Sparse
BG256_D1,202607272561,58,33827,134,93.804327756,33.3926248989,2009,12,train,107,Veg_Meadow_497
BG256_D1,202607272561,59,59287,235,94.1591622932,33.3432175583,2010,8,train,115,Veg_Sparse
BG256_D1,202607272561,60,8124,032,94.76552511,33.105164008,2010,1,train,108,Veg_Meadow_497
BG256_D1,202607272561,61,39860,158,94.7745082628,32.9075346455,2008,9,train,92,Veg_Meadow_497
BG256_D1,202607272561,62,59118,234,94.4600979134,33.0782145495,2017,7,train,198,Veg_Sparse
BG256_D1,202607272561,63,49183,195,93.6471225812,33.6486447549,2008,8,train,91,Veg_Meadow_504
BG256_D1,202607272561,64,4916,019,95.3584131975,32.8311778464,2015,9,train,176,Veg_Shrub
BG256_D1,202607272561,65,11677,046,94.5409462889,33.0782145495,2012,2,train,133,Veg_Meadow_497
BG256_D1,202607272561,66,7841,031,94.0199234242,33.051265091,2007,6,train,77,Veg_Meadow_497
BG256_D1,202607272561,67,33798,134,93.804327756,33.3926248989,2007,7,train,78,Veg_Meadow_497
BG256_D1,202607272561,68,4033,016,95.7626550754,32.6919389773,2005,2,train,49,Veg_Shrub
BG256_D1,202607272561,69,10476,041,94.6397609702,33.1231303137,2017,1,train,192,Veg_Meadow_497
BG256_D1,202607272561,70,53175,211,93.8447519438,33.1770292307,2005,4,train,51,Veg_Meadow_504
BG256_D1,202607272561,71,59598,236,94.8463734855,32.8266862699,2015,7,train,174,Veg_Sparse
BG256_D1,202607272561,72,56866,225,94.819424027,32.965925139,2018,11,train,214,Veg_Sparse
BG256_D1,202607272561,73,52813,209,94.0962802233,33.5633048029,2017,2,train,193,Veg_Meadow_504
BG256_D1,202607272561,74,59745,237,94.1277212583,33.3342344055,2006,10,train,69,Veg_Sparse
BG256_D1,202607272561,75,25295,100,93.7773782974,33.275843912,2012,12,train,143,Veg_Meadow_497
BG256_D1,202607272561,76,25960,103,95.1203596472,32.9255009512,2005,5,train,52,Veg_Meadow_497
BG256_D1,202607272561,77,6894,027,95.5246015251,32.7188884358,2012,7,train,138,Veg_Shrub
BG256_D1,202607272561,78,59507,236,94.8463734855,32.8266862699,2007,12,train,83,Veg_Sparse
BG256_D1,202607272561,79,49043,194,94.3343337736,33.1141471609,2017,12,train,203,Veg_Meadow_504
BG256_D1,202607272561,80,24045,095,95.1832417171,33.0153324796,2013,10,train,153,Veg_Meadow_497
BG256_D1,202607272561,81,10609,042,94.5364547125,33.702543672,2007,2,train,73,Veg_Meadow_497
BG256_D1,202607272561,82,1811,007,95.695281429,32.7054137066,2008,12,train,95,Veg_Coniferous
BG256_D1,202607272561,83,30512,121,95.2640900927,32.8042283878,2006,9,train,68,Veg_Meadow_497
BG256_D1,202607272561,84,42891,170,94.5319631361,33.5049143094,2009,4,train,99,Veg_Meadow_497
BG256_D1,202607272561,85,60102,238,94.4061989963,33.3387259819,2015,7,train,174,Veg_Sparse
BG256_D1,202607272561,86,25545,101,93.772886721,33.4420322396,2012,10,train,141,Veg_Meadow_497
BG256_D1,202607272561,87,59604,236,94.8463734855,32.8266862699,2016,1,train,180,Veg_Sparse
BG256_D1,202607272561,88,57350,227,93.9705160835,33.3162680998,2017,3,train,194,Veg_Sparse
BG256_D1,202607272561,89,9091,036,94.6667104287,33.019824056,2006,8,train,67,Veg_Meadow_497
BG256_D1,202607272561,90,42958,170,94.5319631361,33.5049143094,2014,11,train,166,Veg_Meadow_497
BG256_D1,202607272561,91,5450,021,95.7896045339,32.656006366,2018,3,train,206,Veg_Shrub
BG256_D1,202607272561,92,29059,115,94.1187381054,33.275843912,2011,8,train,127,Veg_Meadow_497
BG256_D1,202607272561,93,61851,245,94.1456875639,33.3522007111,2014,4,train,159,Veg_Sparse
BG256_D1,202607272561,94,25750,102,95.0664607302,33.2938102177,2008,11,train,94,Veg_Meadow_497
BG256_D1,202607272561,95,11923,047,94.9182387083,32.8985514927,2011,8,train,127,Veg_Meadow_497
BG256_D1,202607272561,96,59788,237,94.1277212583,33.3342344055,2010,5,train,112,Veg_Sparse
BG256_D1,202607272561,97,9984,039,94.6846767344,33.2893186413,2018,1,train,204,Veg_Meadow_497
BG256_D1,202607272561,98,36293,144,94.5274715597,32.934484104,2005,6,train,53,Veg_Meadow_497
BG256_D1,202607272561,99,49410,196,94.3523000793,33.0961808552,2006,7,train,66,Veg_Meadow_504
BG256_D1,202607272561,100,26830,106,93.6111899699,33.0782145495,2014,11,train,166,Veg_Meadow_497
BG256_D1,202607272561,101,622,002,95.6234162063,32.7503294708,2014,11,train,166,Veg_Coniferous
BG256_D1,202607272561,102,57527,228,94.5139968304,32.9075346455,2010,12,train,119,Veg_Sparse
BG256_D1,202607272561,103,13197,052,94.3028927387,33.3432175583,2012,10,train,141,Veg_Meadow_497
BG256_D1,202607272561,104,35423,140,94.5364547125,33.0692313966,2016,12,train,191,Veg_Meadow_497
BG256_D1,202607272561,105,47461,188,93.5752573585,33.5138974623,2012,2,train,133,Veg_Meadow_504
BG256_D1,202607272561,106,30495,121,95.2640900927,32.8042283878,2005,4,train,51,Veg_Meadow_497
BG256_D1,202607272561,107,55484,220,94.370266385,32.9973661739,2008,9,train,92,Veg_Sparse
BG256_D1,202607272561,108,6448,025,95.470702608,32.8221946935,2017,5,train,196,Veg_Shrub
BG256_D1,202607272561,109,32867,130,94.4960305247,32.9479588333,2013,12,train,155,Veg_Meadow_497
BG256_D1,202607272561,110,27508,109,94.4061989963,33.221944995,2008,5,train,88,Veg_Meadow_497
BG256_D1,202607272561,111,39440,156,95.2775648219,32.8266862699,2015,9,train,176,Veg_Meadow_497
BG256_D1,202607272561,112,35176,139,94.8014577213,33.3387259819,2017,5,train,196,Veg_Meadow_497
BG256_D1,202607272561,113,53428,212,94.0693307648,33.6037289907,2005,5,train,52,Veg_Meadow_504
BG256_D1,202607272561,114,3883,015,95.8435034509,32.6425316367,2013,8,train,151,Veg_Shrub
BG256_D1,202607272561,115,43907,174,95.9647760143,32.6649895188,2009,12,train,107,Veg_Meadow_499
BG256_D1,202607272561,116,6686,026,95.9737591671,32.7997368114,2016,3,train,182,Veg_Shrub
BG256_D1,202607272561,117,19242,076,95.385362656,32.7997368114,2012,7,train,138,Veg_Meadow_497
BG256_D1,202607272561,118,32861,130,94.4960305247,32.9479588333,2013,6,train,149,Veg_Meadow_497
BG256_D1,202607272561,119,61269,243,95.4392615731,32.7548210472,2007,10,train,81,Veg_Sparse
BG256_D1,202607272561,120,25106,099,94.4780642191,32.9165177983,2018,3,train,206,Veg_Meadow_497
BG256_D1,202607272561,121,42734,169,94.3433169264,33.2623691827,2017,3,train,194,Veg_Meadow_497
BG256_D1,202607272561,122,37918,150,94.1097549526,33.4330490867,2014,11,train,166,Veg_Meadow_497
BG256_D1,202607272561,123,31148,123,94.594845206,33.7744088947,2017,9,train,200,Veg_Meadow_497
BG256_D1,202607272561,124,61135,242,94.3882326906,32.9614335626,2017,8,train,199,Veg_Sparse
BG256_D1,202607272561,125,62001,246,94.1591622932,33.2983017941,2005,10,train,57,Veg_Sparse
BG256_D1,202607272561,126,60539,240,93.7100046511,33.2803354884,2009,12,train,107,Veg_Sparse
BG256_D1,202607272561,127,6567,026,95.9737591671,32.7997368114,2006,4,train,63,Veg_Shrub
BG256_D1,202607272561,128,35672,141,94.5454378654,33.5049143094,2016,9,train,188,Veg_Meadow_497
BG256_D1,202607272561,129,15492,061,94.4870473719,33.4824564273,2015,1,train,168,Veg_Meadow_497
BG256_D1,202607272561,130,2852,011,95.5695172893,32.8446525756,2011,9,train,128,Veg_Coniferous
BG256_D1,202607272561,131,38599,153,94.2310275159,33.2174534185,2008,8,train,91,Veg_Meadow_497
BG256_D1,202607272561,132,43659,173,96.0231665077,32.7054137066,2010,4,train,111,Veg_Meadow_499
BG256_D1,202607272561,133,50158,199,93.5932236642,33.4599985452,2005,11,train,58,Veg_Meadow_504
BG256_D1,202607272561,134,35851,142,94.9092555554,32.8671104577,2010,8,train,115,Veg_Meadow_497
BG256_D1,202607272561,135,12981,051,94.6083199353,32.9389756805,2015,10,train,177,Veg_Meadow_497
BG256_D1,202607272561,136,53260,211,93.8447519438,33.1770292307,2012,5,train,136,Veg_Meadow_504
BG256_D1,202607272561,137,8332,033,94.0154318477,33.1725376543,2006,5,train,64,Veg_Meadow_497
BG256_D1,202607272561,138,33283,132,93.7998361796,33.19050396,2006,8,train,67,Veg_Meadow_497
BG256_D1,202607272561,139,20317,080,95.0170533895,32.8311778464,2018,2,train,205,Veg_Meadow_497
BG256_D1,202607272561,140,7457,029,95.9782507435,32.795245235,2017,6,train,197,Veg_Shrub
BG256_D1,202607272561,141,19954,079,93.5752573585,33.3746585933,2008,11,train,94,Veg_Meadow_497
BG256_D1,202607272561,142,35438,140,94.5364547125,33.0692313966,2018,3,train,206,Veg_Meadow_497
BG256_D1,202607272561,143,12982,051,94.6083199353,32.9389756805,2015,11,train,178,Veg_Meadow_497
BG256_D1,202607272561,144,45721,181,95.6593488177,32.7997368114,2014,2,train,157,Veg_Meadow_499
BG256_D1,202607272561,145,36627,145,95.0844270358,33.1500797722,2012,4,train,135,Veg_Meadow_497
BG256_D1,202607272561,146,51470,204,93.6066983935,33.1725376543,2010,3,train,110,Veg_Meadow_504
BG256_D1,202607272561,147,25712,102,95.0664607302,33.2938102177,2005,9,train,56,Veg_Meadow_497
BG256_D1,202607272561,148,38126,151,94.8867976733,32.8940599162,2011,3,train,122,Veg_Meadow_497
BG256_D1,202607272561,149,53985,214,94.4466231841,33.5633048029,2009,10,train,105,Veg_Meadow_504
BG256_D1,202607272561,150,15531,061,94.4870473719,33.4824564273,2018,4,train,207,Veg_Meadow_497
BG256_D1,202607272561,151,27524,109,94.4061989963,33.221944995,2009,9,train,104,Veg_Meadow_497
BG256_D1,202607272561,152,61496,244,95.5380762543,32.656006366,2005,9,train,56,Veg_Sparse
BG256_D1,202607272561,153,14871,059,94.9406965904,32.8311778464,2005,4,train,51,Veg_Meadow_497
BG256_D1,202607272561,154,52500,208,93.7100046511,33.6306784492,2012,1,train,132,Veg_Meadow_504
BG256_D1,202607272561,155,56305,223,93.9525497779,33.3387259819,2014,2,train,157,Veg_Sparse
BG256_D1,202607272561,156,25612,101,93.772886721,33.4420322396,2018,5,train,208,Veg_Meadow_497
BG256_D1,202607272561,157,2384,009,95.7491803461,32.6919389773,2014,9,train,164,Veg_Coniferous
BG256_D1,202607272561,158,415,001,95.6279077827,32.7997368114,2018,8,train,211,Veg_Coniferous
BG256_D1,202607272561,159,56737,225,94.819424027,32.965925139,2008,2,train,85,Veg_Sparse
BG256_D1,202607272561,160,19739,078,94.5589125946,33.6666110606,2011,12,train,131,Veg_Meadow_497
BG256_D1,202607272561,161,24772,098,95.8030792631,32.9075346455,2011,5,train,124,Veg_Meadow_497
BG256_D1,202607272561,162,47469,188,93.5752573585,33.5138974623,2012,10,train,141,Veg_Meadow_504
BG256_D1,202607272561,163,8574,034,94.3028927387,33.6890689427,2005,7,train,54,Veg_Meadow_497
BG256_D1,202607272561,164,13223,052,94.3028927387,33.3432175583,2014,12,train,167,Veg_Meadow_497
BG256_D1,202607272561,165,18417,073,94.5544210182,33.7339847069,2006,10,train,69,Veg_Meadow_497
BG256_D1,202607272561,166,18962,075,94.3253506208,33.1725376543,2010,3,train,110,Veg_Meadow_497
BG256_D1,202607272561,167,11748,046,94.5409462889,33.0782145495,2018,1,train,204,Veg_Meadow_497
BG256_D1,202607272561,168,17234,068,95.2281574813,33.0243156324,2013,3,train,146,Veg_Meadow_497
BG256_D1,202607272561,169,13454,053,95.8749444859,32.6829558245,2013,3,train,146,Veg_Meadow_497
BG256_D1,202607272561,170,35693,141,94.5454378654,33.5049143094,2018,6,train,209,Veg_Meadow_497
BG256_D1,202607272561,171,38103,151,94.8867976733,32.8940599162,2009,4,train,99,Veg_Meadow_497
BG256_D1,202607272561,172,17697,070,94.8643397912,32.8985514927,2009,10,train,105,Veg_Meadow_497
BG256_D1,202607272561,173,50779,201,94.3118758915,32.9389756805,2015,8,train,175,Veg_Meadow_504
BG256_D1,202607272561,174,59990,238,94.4061989963,33.3387259819,2006,3,train,62,Veg_Sparse
BG256_D1,202607272561,175,19488,077,94.5139968304,33.2084702657,2012,1,train,132,Veg_Meadow_497
BG256_D1,202607272561,176,58757,233,94.6846767344,33.756442589,2008,6,train,89,Veg_Sparse
BG256_D1,202607272561,177,7979,031,94.0199234242,33.051265091,2018,12,train,215,Veg_Meadow_497
BG256_D1,202607272561,178,15762,062,94.9811207782,33.2533860299,2016,7,train,186,Veg_Meadow_497
BG256_D1,202607272561,179,35439,140,94.5364547125,33.0692313966,2018,4,train,207,Veg_Meadow_497
BG256_D1,202607272561,180,34588,137,94.0378897298,33.4510153924,2010,5,train,112,Veg_Meadow_497
BG256_D1,202607272561,181,18425,073,94.5544210182,33.7339847069,2007,6,train,77,Veg_Meadow_497
BG256_D1,202607272561,182,35062,139,94.8014577213,33.3387259819,2007,11,train,82,Veg_Meadow_497
BG256_D1,202607272561,183,24585,097,94.7116261929,33.6441531785,2016,10,train,189,Veg_Meadow_497
BG256_D1,202607272561,184,48439,192,93.6561057341,33.5138974623,2009,8,train,103,Veg_Meadow_504
BG256_D1,202607272561,185,46480,184,95.0125618131,33.0647398202,2014,5,train,160,Veg_Meadow_499
BG256_D1,202607272561,186,47998,190,93.7459372625,33.6980520955,2014,11,train,166,Veg_Meadow_504
BG256_D1,202607272561,187,5830,023,95.7896045339,32.6470232131,2007,11,train,82,Veg_Shrub
BG256_D1,202607272561,188,50174,199,93.5932236642,33.4599985452,2007,3,train,74,Veg_Meadow_504
BG256_D1,202607272561,189,36129,143,94.4376400313,33.7474594362,2012,10,train,141,Veg_Meadow_497
BG256_D1,202607272561,190,46513,184,95.0125618131,33.0647398202,2017,2,train,193,Veg_Meadow_499
BG256_D1,202607272561,191,34537,137,94.0378897298,33.4510153924,2006,2,train,61,Veg_Meadow_497
BG256_D1,202607272561,192,44150,175,95.6458740884,32.7682957765,2009,3,train,98,Veg_Meadow_499
BG256_D1,202607272561,193,21965,087,94.3837411142,33.6351700256,2008,6,train,89,Veg_Meadow_497
BG256_D1,202607272561,194,6552,026,95.9737591671,32.7997368114,2005,1,train,48,Veg_Shrub
BG256_D1,202607272561,195,41867,166,94.5229799833,33.0602482438,2007,12,train,83,Veg_Meadow_497
BG256_D1,202607272561,196,2160,008,95.5515509836,32.8266862699,2017,1,train,192,Veg_Coniferous
BG256_D1,202607272561,197,36620,145,95.0844270358,33.1500797722,2011,9,train,128,Veg_Meadow_497
BG256_D1,202607272561,198,47250,187,93.5932236642,33.6306784492,2015,7,train,174,Veg_Meadow_504
BG256_D1,202607272561,199,22000,087,94.3837411142,33.6351700256,2011,5,train,124,Veg_Meadow_497
BG256_D1,202607272561,200,22572,089,95.6279077827,32.6649895188,2017,1,train,192,Veg_Meadow_497
BG256_D1,202607272561,201,54759,217,94.6667104287,33.4644901217,2011,4,train,123,Veg_Sparse
BG256_D1,202607272561,202,25966,103,95.1203596472,32.9255009512,2005,11,train,58,Veg_Meadow_497
BG256_D1,202607272561,203,23700,094,94.8643397912,33.3027933705,2006,1,train,60,Veg_Meadow_497
BG256_D1,202607272561,204,23202,092,94.33882535,33.2668607592,2006,7,train,66,Veg_Meadow_497
BG256_D1,202607272561,205,1902,007,95.695281429,32.7054137066,2016,7,train,186,Veg_Coniferous
BG256_D1,202607272561,206,37393,148,94.7789998392,32.8895683398,2013,2,train,145,Veg_Meadow_497
BG256_D1,202607272561,207,4881,019,95.3584131975,32.8311778464,2012,10,train,141,Veg_Shrub
BG256_D1,202607272561,208,9665,038,95.0260365424,32.8446525756,2012,6,train,137,Veg_Meadow_497
BG256_D1,202607272561,209,20693,082,94.9137471319,32.9883830211,2007,6,train,77,Veg_Meadow_497
BG256_D1,202607272561,210,35887,142,94.9092555554,32.8671104577,2013,8,train,151,Veg_Meadow_497
BG256_D1,202607272561,211,35365,140,94.5364547125,33.0692313966,2012,2,train,133,Veg_Meadow_497
BG256_D1,202607272561,212,50184,199,93.5932236642,33.4599985452,2008,1,train,84,Veg_Meadow_504
BG256_D1,202607272561,213,52762,209,94.0962802233,33.5633048029,2012,11,train,142,Veg_Meadow_504
BG256_D1,202607272561,214,57985,230,94.680185158,33.0782145495,2007,2,train,73,Veg_Sparse
BG256_D1,202607272561,215,42091,167,94.8373903327,33.0871977023,2005,8,train,55,Veg_Meadow_497
BG256_D1,202607272561,216,42489,168,93.7234793804,33.5543216501,2017,10,train,201,Veg_Meadow_497
BG256_D1,202607272561,217,2680,010,95.5605341364,32.8221946935,2018,5,train,208,Veg_Coniferous
BG256_D1,202607272561,218,41719,165,94.5499294418,32.9883830211,2016,8,train,187,Veg_Meadow_497
BG256_D1,202607272561,219,48527,192,93.6561057341,33.5138974623,2016,12,train,191,Veg_Meadow_504
BG256_D1,202607272561,220,29282,116,94.8733229441,32.849144152,2009,3,train,98,Veg_Meadow_497
BG256_D1,202607272561,221,27730,110,94.114246529,33.5363553444,2005,11,train,58,Veg_Meadow_497
BG256_D1,202607272561,222,52565,208,93.7100046511,33.6306784492,2017,6,train,197,Veg_Meadow_504
BG256_D1,202607272561,223,29640,117,95.5156183722,32.8356694228,2018,1,train,204,Veg_Meadow_497
BG256_D1,202607272561,224,10650,042,94.5364547125,33.702543672,2010,7,train,114,Veg_Meadow_497
BG256_D1,202607272561,225,48215,191,93.6291562756,33.446523816,2011,12,train,131,Veg_Meadow_504
BG256_D1,202607272561,226,39142,155,95.2910395512,32.9299925276,2011,11,train,130,Veg_Meadow_497
BG256_D1,202607272561,227,10408,041,94.6397609702,33.1231303137,2011,5,train,124,Veg_Meadow_497
BG256_D1,202607272561,228,30587,121,95.2640900927,32.8042283878,2012,12,train,143,Veg_Meadow_497
BG256_D1,202607272561,229,25605,101,93.772886721,33.4420322396,2017,10,train,201,Veg_Meadow_497
BG256_D1,202607272561,230,9961,039,94.6846767344,33.2893186413,2016,2,train,181,Veg_Meadow_497
BG256_D1,202607272561,231,29743,118,95.5785004421,32.795245235,2005,8,train,55,Veg_Meadow_497
BG256_D1,202607272561,232,37079,147,93.6246646991,33.5498300737,2007,12,train,83,Veg_Meadow_497
BG256_D1,202607272561,233,373,001,95.6279077827,32.7997368114,2015,2,train,169,Veg_Coniferous
BG256_D1,202607272561,234,547,002,95.6234162063,32.7503294708,2008,8,train,91,Veg_Coniferous
BG256_D1,202607272561,235,43881,174,95.9647760143,32.6649895188,2007,10,train,81,Veg_Meadow_499
BG256_D1,202607272561,236,40734,161,94.6442525466,33.2444028771,2018,7,train,210,Veg_Meadow_497
BG256_D1,202607272561,237,21818,086,93.8178024852,33.4375406631,2017,3,train,194,Veg_Meadow_497
BG256_D1,202607272561,238,44014,174,95.9647760143,32.6649895188,2018,11,train,214,Veg_Meadow_499
BG256_D1,202607272561,239,16154,064,94.5364547125,33.3701670168,2007,3,train,74,Veg_Meadow_497
BG256_D1,202607272561,240,51409,204,93.6066983935,33.1725376543,2005,2,train,49,Veg_Meadow_504
BG256_D1,202607272561,241,20176,080,95.0170533895,32.8311778464,2006,5,train,64,Veg_Meadow_497
BG256_D1,202607272561,242,53192,211,93.8447519438,33.1770292307,2006,9,train,68,Veg_Meadow_504
BG256_D1,202607272561,243,45708,181,95.6593488177,32.7997368114,2013,1,train,144,Veg_Meadow_499
BG256_D1,202607272561,244,40125,159,95.1787501407,32.9434672569,2009,10,train,105,Veg_Meadow_497
BG256_D1,202607272561,245,47729,189,94.2624685509,32.9165177983,2013,6,train,149,Veg_Meadow_504
BG256_D1,202607272561,246,31272,124,95.2101911756,33.1635545015,2007,1,train,72,Veg_Meadow_497
BG256_D1,202607272561,247,16983,067,95.2236659049,32.9973661739,2013,4,train,147,Veg_Meadow_497
BG256_D1,202607272561,248,36905,146,94.253485398,33.2174534185,2014,6,train,161,Veg_Meadow_497
BG256_D1,202607272561,249,57242,227,93.9705160835,33.3162680998,2008,3,train,86,Veg_Sparse
BG256_D1,202607272561,250,13755,054,94.9272218611,32.8401609992,2017,4,train,195,Veg_Meadow_497
BG256_D1,202607272561,251,56592,224,94.0917886469,33.051265091,2017,1,train,192,Veg_Sparse
BG256_D1,202607272561,252,58756,233,94.6846767344,33.756442589,2008,5,train,88,Veg_Sparse
BG256_D1,202607272561,253,18510,073,94.5544210182,33.7339847069,2014,7,train,162,Veg_Meadow_497
BG256_D1,202607272561,254,36653,145,95.0844270358,33.1500797722,2014,6,train,161,Veg_Meadow_497
BG256_D1,202607272561,255,20768,082,94.9137471319,32.9883830211,2013,9,train,152,Veg_Meadow_497
BG256_D2,202607272562,0,37359,148,94.7789998392,32.8895683398,2010,4,train,111,Veg_Meadow_497
BG256_D2,202607272562,1,55515,220,94.370266385,32.9973661739,2011,4,train,123,Veg_Sparse
BG256_D2,202607272562,2,25469,101,93.772886721,33.4420322396,2006,6,train,65,Veg_Meadow_497
BG256_D2,202607272562,3,48026,190,93.7459372625,33.6980520955,2017,3,train,194,Veg_Meadow_504
BG256_D2,202607272562,4,49243,195,93.6471225812,33.6486447549,2013,8,train,151,Veg_Meadow_504
BG256_D2,202607272562,5,11948,047,94.9182387083,32.8985514927,2013,9,train,152,Veg_Meadow_497
BG256_D2,202607272562,6,4170,016,95.7626550754,32.6919389773,2016,7,train,186,Veg_Shrub
BG256_D2,202607272562,7,9621,038,95.0260365424,32.8446525756,2008,10,train,93,Veg_Meadow_497
BG256_D2,202607272562,8,18690,074,95.1068849179,32.9075346455,2008,7,train,90,Veg_Meadow_497
BG256_D2,202607272562,9,52474,208,93.7100046511,33.6306784492,2009,11,train,106,Veg_Meadow_504
BG256_D2,202607272562,10,3618,014,95.7177393111,32.6964305537,2012,7,train,138,Veg_Coniferous
BG256_D2,202607272562,11,55000,218,94.9541713196,33.2668607592,2010,5,train,112,Veg_Sparse
BG256_D2,202607272562,12,37411,148,94.7789998392,32.8895683398,2014,8,train,163,Veg_Meadow_497
BG256_D2,202607272562,13,5045,020,95.2640900927,33.0647398202,2005,6,train,53,Veg_Shrub
BG256_D2,202607272562,14,52815,209,94.0962802233,33.5633048029,2017,4,train,195,Veg_Meadow_504
BG256_D2,202607272562,15,16992,067,95.2236659049,32.9973661739,2014,1,train,156,Veg_Meadow_497
BG256_D2,202607272562,16,12423,049,94.1367044111,33.5633048029,2011,4,train,123,Veg_Meadow_497
BG256_D2,202607272562,17,14913,059,94.9406965904,32.8311778464,2008,10,train,93,Veg_Meadow_497
BG256_D2,202607272562,18,37853,150,94.1097549526,33.4330490867,2009,6,train,101,Veg_Meadow_497
BG256_D2,202607272562,19,41709,165,94.5499294418,32.9883830211,2015,10,train,177,Veg_Meadow_497
BG256_D2,202607272562,20,36674,145,95.0844270358,33.1500797722,2016,3,train,182,Veg_Meadow_497
BG256_D2,202607272562,21,57822,229,94.7834914157,32.934484104,2014,7,train,162,Veg_Sparse
BG256_D2,202607272562,22,34611,137,94.0378897298,33.4510153924,2012,4,train,135,Veg_Meadow_497
BG256_D2,202607272562,23,40603,161,94.6442525466,33.2444028771,2007,8,train,79,Veg_Meadow_497
BG256_D2,202607272562,24,3103,012,95.5740088657,32.8177031171,2011,8,train,127,Veg_Coniferous
BG256_D2,202607272562,25,47742,189,94.2624685509,32.9165177983,2014,7,train,162,Veg_Meadow_504
BG256_D2,202607272562,26,37629,149,95.6144330535,32.7233800123,2011,10,train,129,Veg_Meadow_497
BG256_D2,202607272562,27,50964,202,93.7683951446,33.500422733,2010,1,train,108,Veg_Meadow_504
BG256_D2,202607272562,28,43751,173,96.0231665077,32.7054137066,2017,12,train,203,Veg_Meadow_499
BG256_D2,202607272562,29,13711,054,94.9272218611,32.8401609992,2013,8,train,151,Veg_Meadow_497
BG256_D2,202607272562,30,14473,057,95.021544966,33.0018577503,2014,2,train,157,Veg_Meadow_497
BG256_D2,202607272562,31,9857,039,94.6846767344,33.2893186413,2007,6,train,77,Veg_Meadow_497
BG256_D2,202607272562,32,49545,196,94.3523000793,33.0961808552,2017,10,train,201,Veg_Meadow_504
BG256_D2,202607272562,33,31822,126,94.4870473719,33.7250015541,2010,11,train,118,Veg_Meadow_497
BG256_D2,202607272562,34,21485,085,95.9917254728,32.8850767634,2010,6,train,113,Veg_Meadow_497
BG256_D2,202607272562,35,23049,091,94.5454378654,33.3566922876,2014,10,train,165,Veg_Meadow_497
BG256_D2,202607272562,36,56106,222,95.8929107915,32.6694810952,2018,7,train,210,Veg_Sparse
BG256_D2,202607272562,37,10745,042,94.5364547125,33.702543672,2018,6,train,209,Veg_Meadow_497
BG256_D2,202607272562,38,11975,047,94.9182387083,32.8985514927,2015,12,train,179,Veg_Meadow_497
BG256_D2,202607272562,39,9214,036,94.6667104287,33.019824056,2016,11,train,190,Veg_Meadow_497
BG256_D2,202607272562,40,58736,233,94.6846767344,33.756442589,2006,9,train,68,Veg_Sparse
BG256_D2,202607272562,41,51464,204,93.6066983935,33.1725376543,2009,9,train,104,Veg_Meadow_504
BG256_D2,202607272562,42,30646,121,95.2640900927,32.8042283878,2017,11,train,202,Veg_Meadow_497
BG256_D2,202607272562,43,13652,054,94.9272218611,32.8401609992,2008,9,train,92,Veg_Meadow_497
BG256_D2,202607272562,44,24007,095,95.1832417171,33.0153324796,2010,8,train,115,Veg_Meadow_497
BG256_D2,202607272562,45,3615,014,95.7177393111,32.6964305537,2012,4,train,135,Veg_Coniferous
BG256_D2,202607272562,46,35822,142,94.9092555554,32.8671104577,2008,3,train,86,Veg_Meadow_497
BG256_D2,202607272562,47,50180,199,93.5932236642,33.4599985452,2007,9,train,80,Veg_Meadow_504
BG256_D2,202607272562,48,12748,050,94.509505254,33.4195743575,2017,5,train,196,Veg_Meadow_497
BG256_D2,202607272562,49,46644,185,94.9586628961,33.051265091,2007,1,train,72,Veg_Meadow_499
BG256_D2,202607272562,50,15467,061,94.4870473719,33.4824564273,2012,12,train,143,Veg_Meadow_497
BG256_D2,202607272562,51,55508,220,94.370266385,32.9973661739,2010,9,train,116,Veg_Sparse
BG256_D2,202607272562,52,9924,039,94.6846767344,33.2893186413,2013,1,train,144,Veg_Meadow_497
BG256_D2,202607272562,53,52329,207,94.0783139176,33.6216952964,2018,10,train,213,Veg_Meadow_504
BG256_D2,202607272562,54,9642,038,95.0260365424,32.8446525756,2010,7,train,114,Veg_Meadow_497
BG256_D2,202607272562,55,20562,081,94.4196737256,33.6441531785,2017,7,train,198,Veg_Meadow_497
BG256_D2,202607272562,56,23094,091,94.5454378654,33.3566922876,2018,7,train,210,Veg_Meadow_497
BG256_D2,202607272562,57,16480,065,93.6426310048,33.1770292307,2013,5,train,148,Veg_Meadow_497
BG256_D2,202607272562,58,57974,230,94.680185158,33.0782145495,2006,3,train,62,Veg_Sparse
BG256_D2,202607272562,59,3064,012,95.5740088657,32.8177031171,2008,5,train,88,Veg_Coniferous
BG256_D2,202607272562,60,25052,099,94.4780642191,32.9165177983,2013,9,train,152,Veg_Meadow_497
BG256_D2,202607272562,61,32328,128,94.5858620532,33.446523816,2011,1,train,120,Veg_Meadow_497
BG256_D2,202607272562,62,2893,011,95.5695172893,32.8446525756,2015,2,train,169,Veg_Coniferous
BG256_D2,202607272562,63,3904,015,95.8435034509,32.6425316367,2015,5,train,172,Veg_Shrub
BG256_D2,202607272562,64,60261,239,95.5829920185,32.6470232131,2007,10,train,81,Veg_Sparse
BG256_D2,202607272562,65,37081,147,93.6246646991,33.5498300737,2008,2,train,85,Veg_Meadow_497
BG256_D2,202607272562,66,22499,089,95.6279077827,32.6649895188,2010,12,train,119,Veg_Meadow_497
BG256_D2,202607272562,67,8176,032,94.76552511,33.105164008,2014,5,train,160,Veg_Meadow_497
BG256_D2,202607272562,68,25298,100,93.7773782974,33.275843912,2013,3,train,146,Veg_Meadow_497
BG256_D2,202607272562,69,36127,143,94.4376400313,33.7474594362,2012,8,train,139,Veg_Meadow_497
BG256_D2,202607272562,70,59519,236,94.8463734855,32.8266862699,2008,12,train,95,Veg_Sparse
BG256_D2,202607272562,71,15920,063,94.2714517037,33.4779648509,2008,9,train,92,Veg_Meadow_497
BG256_D2,202607272562,72,32042,127,94.4421316077,33.4644901217,2008,3,train,86,Veg_Meadow_497
BG256_D2,202607272562,73,47211,187,93.5932236642,33.6306784492,2012,4,train,135,Veg_Meadow_504
BG256_D2,202607272562,74,25741,102,95.0664607302,33.2938102177,2008,2,train,85,Veg_Meadow_497
BG256_D2,202607272562,75,59638,236,94.8463734855,32.8266862699,2018,11,train,214,Veg_Sparse
BG256_D2,202607272562,76,29736,118,95.5785004421,32.795245235,2005,1,train,48,Veg_Meadow_497
BG256_D2,202607272562,77,3645,014,95.7177393111,32.6964305537,2014,10,train,165,Veg_Coniferous
BG256_D2,202607272562,78,39978,158,94.7745082628,32.9075346455,2018,7,train,210,Veg_Meadow_497
BG256_D2,202607272562,79,26497,105,95.0125618131,32.880585187,2008,2,train,85,Veg_Meadow_497
BG256_D2,202607272562,80,28581,113,93.772886721,33.105164008,2013,10,train,153,Veg_Meadow_497
BG256_D2,202607272562,81,51685,205,94.0872970705,33.671102637,2007,2,train,73,Veg_Meadow_504
BG256_D2,202607272562,82,7411,029,95.9782507435,32.795245235,2013,8,train,151,Veg_Shrub
BG256_D2,202607272562,83,44390,176,95.9737591671,32.8177031171,2008,3,train,86,Veg_Meadow_499
BG256_D2,202607272562,84,59573,236,94.8463734855,32.8266862699,2013,6,train,149,Veg_Sparse
BG256_D2,202607272562,85,36135,143,94.4376400313,33.7474594362,2013,4,train,147,Veg_Meadow_497
BG256_D2,202607272562,86,57014,226,95.8704529094,32.7548210472,2010,3,train,110,Veg_Sparse
BG256_D2,202607272562,87,47966,190,93.7459372625,33.6980520955,2012,3,train,134,Veg_Meadow_504
BG256_D2,202607272562,88,14175,056,95.0440028481,33.1141471609,2010,4,train,111,Veg_Meadow_497
BG256_D2,202607272562,89,50012,198,93.5348331707,33.5363553444,2014,9,train,164,Veg_Meadow_504
BG256_D2,202607272562,90,7701,030,94.4600979134,33.275843912,2016,10,train,189,Veg_Meadow_497
BG256_D2,202607272562,91,42422,168,93.7234793804,33.5543216501,2012,3,train,134,Veg_Meadow_497
BG256_D2,202607272562,92,31128,123,94.594845206,33.7744088947,2016,1,train,180,Veg_Meadow_497
BG256_D2,202607272562,93,9873,039,94.6846767344,33.2893186413,2008,10,train,93,Veg_Meadow_497
BG256_D2,202607272562,94,59242,235,94.1591622932,33.3432175583,2006,11,train,70,Veg_Sparse
BG256_D2,202607272562,95,56449,224,94.0917886469,33.051265091,2005,2,train,49,Veg_Sparse
BG256_D2,202607272562,96,287,001,95.6279077827,32.7997368114,2007,12,train,83,Veg_Coniferous
BG256_D2,202607272562,97,35613,141,94.5454378654,33.5049143094,2011,10,train,129,Veg_Meadow_497
BG256_D2,202607272562,98,29758,118,95.5785004421,32.795245235,2006,11,train,70,Veg_Meadow_497
BG256_D2,202607272562,99,19168,076,95.385362656,32.7997368114,2006,5,train,64,Veg_Meadow_497
BG256_D2,202607272562,100,6206,024,95.2865479748,33.0602482438,2018,3,train,206,Veg_Shrub
BG256_D2,202607272562,101,51505,204,93.6066983935,33.1725376543,2013,2,train,145,Veg_Meadow_504
BG256_D2,202607272562,102,44422,176,95.9737591671,32.8177031171,2010,11,train,118,Veg_Meadow_499
BG256_D2,202607272562,103,16669,066,95.865961333,32.8446525756,2008,2,train,85,Veg_Meadow_497
BG256_D2,202607272562,104,41893,166,94.5229799833,33.0602482438,2010,2,train,109,Veg_Meadow_497
BG256_D2,202607272562,105,13107,052,94.3028927387,33.3432175583,2005,4,train,51,Veg_Meadow_497
BG256_D2,202607272562,106,23466,093,93.9839908128,33.0961808552,2007,7,train,78,Veg_Meadow_497
BG256_D2,202607272562,107,8619,034,94.3028927387,33.6890689427,2009,4,train,99,Veg_Meadow_497
BG256_D2,202607272562,108,5127,020,95.2640900927,33.0647398202,2012,4,train,135,Veg_Shrub
BG256_D2,202607272562,109,7461,029,95.9782507435,32.795245235,2017,10,train,201,Veg_Shrub
BG256_D2,202607272562,110,4549,018,95.7671466518,32.6470232131,2006,2,train,61,Veg_Shrub
BG256_D2,202607272562,111,24224,096,94.9721376253,33.2399113006,2007,9,train,80,Veg_Meadow_497
BG256_D2,202607272562,112,7835,031,94.0199234242,33.051265091,2006,12,train,71,Veg_Meadow_497
BG256_D2,202607272562,113,7563,030,94.4600979134,33.275843912,2005,4,train,51,Veg_Meadow_497
BG256_D2,202607272562,114,58365,231,94.2400106688,33.3162680998,2017,10,train,201,Veg_Sparse
BG256_D2,202607272562,115,24722,098,95.8030792631,32.9075346455,2007,3,train,74,Veg_Meadow_497
BG256_D2,202607272562,116,27505,109,94.4061989963,33.221944995,2008,2,train,85,Veg_Meadow_497
BG256_D2,202607272562,117,56725,225,94.819424027,32.965925139,2007,2,train,73,Veg_Sparse
BG256_D2,202607272562,118,59735,237,94.1277212583,33.3342344055,2005,12,train,59,Veg_Sparse
BG256_D2,202607272562,119,1426,005,95.6907898526,32.6919389773,2018,11,train,214,Veg_Coniferous
BG256_D2,202607272562,120,56763,225,94.819424027,32.965925139,2010,4,train,111,Veg_Sparse
BG256_D2,202607272562,121,2925,011,95.5695172893,32.8446525756,2017,10,train,201,Veg_Coniferous
BG256_D2,202607272562,122,20238,080,95.0170533895,32.8311778464,2011,7,train,126,Veg_Meadow_497
BG256_D2,202607272562,123,55289,219,95.3224805861,33.1500797722,2013,6,train,149,Veg_Sparse
BG256_D2,202607272562,124,5626,022,95.9737591671,32.7323631651,2011,11,train,130,Veg_Shrub
BG256_D2,202607272562,125,31121,123,94.594845206,33.7744088947,2015,6,train,173,Veg_Meadow_497
BG256_D2,202607272562,126,42876,170,94.5319631361,33.5049143094,2008,1,train,84,Veg_Meadow_497
BG256_D2,202607272562,127,22304,088,94.8418819091,33.2354197242,2015,9,train,176,Veg_Meadow_497
BG256_D2,202607272562,128,10895,043,94.9406965904,32.9165177983,2009,12,train,107,Veg_Meadow_497
BG256_D2,202607272562,129,28876,114,94.904763979,33.2084702657,2017,5,train,196,Veg_Meadow_497
BG256_D2,202607272562,130,24452,097,94.7116261929,33.6441531785,2005,9,train,56,Veg_Meadow_497
BG256_D2,202607272562,131,28519,113,93.772886721,33.105164008,2008,8,train,91,Veg_Meadow_497
BG256_D2,202607272562,132,18719,074,95.1068849179,32.9075346455,2010,12,train,119,Veg_Meadow_497
BG256_D2,202607272562,133,35420,140,94.5364547125,33.0692313966,2016,9,train,188,Veg_Meadow_497
BG256_D2,202607272562,134,44248,175,95.6458740884,32.7682957765,2017,5,train,196,Veg_Meadow_499
BG256_D2,202607272562,135,45889,182,95.812062416,32.7143968594,2007,2,train,73,Veg_Meadow_499
BG256_D2,202607272562,136,38321,152,93.718987804,33.4689816981,2006,6,train,65,Veg_Meadow_497
BG256_D2,202607272562,137,32597,129,93.633647852,33.5902542614,2012,6,train,137,Veg_Meadow_497
BG256_D2,202607272562,138,28250,112,95.5380762543,32.8311778464,2007,3,train,74,Veg_Meadow_497
BG256_D2,202607272562,139,8590,034,94.3028927387,33.6890689427,2006,11,train,70,Veg_Meadow_497
BG256_D2,202607272562,140,52965,210,93.5123752886,33.585762685,2008,10,train,93,Veg_Meadow_504
BG256_D2,202607272562,141,20749,082,94.9137471319,32.9883830211,2012,2,train,133,Veg_Meadow_497
BG256_D2,202607272562,142,19975,079,93.5752573585,33.3746585933,2010,8,train,115,Veg_Meadow_497
BG256_D2,202607272562,143,39665,157,95.0844270358,32.9165177983,2013,6,train,149,Veg_Meadow_497
BG256_D2,202607272562,144,10727,042,94.5364547125,33.702543672,2016,12,train,191,Veg_Meadow_497
BG256_D2,202607272562,145,55336,219,95.3224805861,33.1500797722,2017,5,train,196,Veg_Sparse
BG256_D2,202607272562,146,47746,189,94.2624685509,32.9165177983,2014,11,train,166,Veg_Meadow_504
BG256_D2,202607272562,147,46739,185,94.9586628961,33.051265091,2014,12,train,167,Veg_Meadow_499
BG256_D2,202607272562,148,3632,014,95.7177393111,32.6964305537,2013,9,train,152,Veg_Coniferous
BG256_D2,202607272562,149,45737,181,95.6593488177,32.7997368114,2015,6,train,173,Veg_Meadow_499
BG256_D2,202607272562,150,40444,160,95.214682752,33.0108409032,2015,5,train,172,Veg_Meadow_497
BG256_D2,202607272562,151,9654,038,95.0260365424,32.8446525756,2011,7,train,126,Veg_Meadow_497
BG256_D2,202607272562,152,51798,205,94.0872970705,33.671102637,2016,7,train,186,Veg_Meadow_504
BG256_D2,202607272562,153,48701,193,94.1546707168,33.4959311566,2010,6,train,113,Veg_Meadow_504
BG256_D2,202607272562,154,10942,043,94.9406965904,32.9165177983,2013,11,train,154,Veg_Meadow_497
BG256_D2,202607272562,155,11372,045,94.5364547125,33.5498300737,2007,9,train,80,Veg_Meadow_497
BG256_D2,202607272562,156,36889,146,94.253485398,33.2174534185,2013,2,train,145,Veg_Meadow_497
BG256_D2,202607272562,157,9734,038,95.0260365424,32.8446525756,2018,3,train,206,Veg_Meadow_497
BG256_D2,202607272562,158,56034,222,95.8929107915,32.6694810952,2012,7,train,138,Veg_Sparse
BG256_D2,202607272562,159,15440,061,94.4870473719,33.4824564273,2010,9,train,116,Veg_Meadow_497
BG256_D2,202607272562,160,35185,139,94.8014577213,33.3387259819,2018,2,train,205,Veg_Meadow_497
BG256_D2,202607272562,161,34546,137,94.0378897298,33.4510153924,2006,11,train,70,Veg_Meadow_497
BG256_D2,202607272562,162,22467,089,95.6279077827,32.6649895188,2008,4,train,87,Veg_Meadow_497
BG256_D2,202607272562,163,50928,202,93.7683951446,33.500422733,2007,1,train,72,Veg_Meadow_504
BG256_D2,202607272562,164,8412,033,94.0154318477,33.1725376543,2013,1,train,144,Veg_Meadow_497
BG256_D2,202607272562,165,27311,108,94.4735726426,33.7744088947,2012,12,train,143,Veg_Meadow_497
BG256_D2,202607272562,166,36352,144,94.5274715597,32.934484104,2010,5,train,112,Veg_Meadow_497
BG256_D2,202607272562,167,28226,112,95.5380762543,32.8311778464,2005,3,train,50,Veg_Meadow_497
BG256_D2,202607272562,168,25862,102,95.0664607302,33.2938102177,2018,3,train,206,Veg_Meadow_497
BG256_D2,202607272562,169,11881,047,94.9182387083,32.8985514927,2008,2,train,85,Veg_Meadow_497
BG256_D2,202607272562,170,40732,161,94.6442525466,33.2444028771,2018,5,train,208,Veg_Meadow_497
BG256_D2,202607272562,171,12876,051,94.6083199353,32.9389756805,2007,1,train,72,Veg_Meadow_497
BG256_D2,202607272562,172,43683,173,96.0231665077,32.7054137066,2012,4,train,135,Veg_Meadow_499
BG256_D2,202607272562,173,34589,137,94.0378897298,33.4510153924,2010,6,train,113,Veg_Meadow_497
BG256_D2,202607272562,174,51817,205,94.0872970705,33.671102637,2018,2,train,205,Veg_Meadow_504
BG256_D2,202607272562,175,16216,064,94.5364547125,33.3701670168,2012,5,train,136,Veg_Meadow_497
BG256_D2,202607272562,176,2798,011,95.5695172893,32.8446525756,2007,3,train,74,Veg_Coniferous
BG256_D2,202607272562,177,31099,123,94.594845206,33.7744088947,2013,8,train,151,Veg_Meadow_497
BG256_D2,202607272562,178,22521,089,95.6279077827,32.6649895188,2012,10,train,141,Veg_Meadow_497
BG256_D2,202607272562,179,13941,055,94.1007717997,33.4555069688,2011,10,train,129,Veg_Meadow_497
BG256_D2,202607272562,180,18293,072,95.1652754114,33.0871977023,2017,6,train,197,Veg_Meadow_497
BG256_D2,202607272562,181,27373,108,94.4735726426,33.7744088947,2018,2,train,205,Veg_Meadow_497
BG256_D2,202607272562,182,58519,232,94.6756935816,32.9389756805,2009,8,train,103,Veg_Sparse
BG256_D2,202607272562,183,16690,066,95.865961333,32.8446525756,2009,11,train,106,Veg_Meadow_497
BG256_D2,202607272562,184,11099,044,94.6532356995,33.2488944535,2005,12,train,59,Veg_Meadow_497
BG256_D2,202607272562,185,18967,075,94.3253506208,33.1725376543,2010,8,train,115,Veg_Meadow_497
BG256_D2,202607272562,186,13218,052,94.3028927387,33.3432175583,2014,7,train,162,Veg_Meadow_497
BG256_D2,202607272562,187,17482,069,95.5874835949,32.6649895188,2012,11,train,142,Veg_Meadow_497
BG256_D2,202607272562,188,10699,042,94.5364547125,33.702543672,2014,8,train,163,Veg_Meadow_497
BG256_D2,202607272562,189,52260,207,94.0783139176,33.6216952964,2013,1,train,144,Veg_Meadow_504
BG256_D2,202607272562,190,17992,071,94.1546707168,33.1815208072,2013,5,train,148,Veg_Meadow_497
BG256_D2,202607272562,191,52787,209,94.0962802233,33.5633048029,2014,12,train,167,Veg_Meadow_504
BG256_D2,202607272562,192,2136,008,95.5515509836,32.8266862699,2015,1,train,168,Veg_Coniferous
BG256_D2,202607272562,193,58311,231,94.2400106688,33.3162680998,2013,4,train,147,Veg_Sparse
BG256_D2,202607272562,194,47885,190,93.7459372625,33.6980520955,2005,6,train,53,Veg_Meadow_504
BG256_D2,202607272562,195,28241,112,95.5380762543,32.8311778464,2006,6,train,65,Veg_Meadow_497
BG256_D2,202607272562,196,47963,190,93.7459372625,33.6980520955,2011,12,train,131,Veg_Meadow_504
BG256_D2,202607272562,197,47530,188,93.5752573585,33.5138974623,2017,11,train,202,Veg_Meadow_504
BG256_D2,202607272562,198,32372,128,94.5858620532,33.446523816,2014,9,train,164,Veg_Meadow_497
BG256_D2,202607272562,199,61145,242,94.3882326906,32.9614335626,2018,6,train,209,Veg_Sparse
BG256_D2,202607272562,200,48292,191,93.6291562756,33.446523816,2018,5,train,208,Veg_Meadow_504
BG256_D2,202607272562,201,5420,021,95.7896045339,32.656006366,2015,9,train,176,Veg_Shrub
BG256_D2,202607272562,202,17458,069,95.5874835949,32.6649895188,2010,11,train,118,Veg_Meadow_497
BG256_D2,202607272562,203,11695,046,94.5409462889,33.0782145495,2013,8,train,151,Veg_Meadow_497
BG256_D2,202607272562,204,25512,101,93.772886721,33.4420322396,2010,1,train,108,Veg_Meadow_497
BG256_D2,202607272562,205,26847,106,93.6111899699,33.0782145495,2016,4,train,183,Veg_Meadow_497
BG256_D2,202607272562,206,58281,231,94.2400106688,33.3162680998,2010,10,train,117,Veg_Sparse
BG256_D2,202607272562,207,29807,118,95.5785004421,32.795245235,2010,12,train,119,Veg_Meadow_497
BG256_D2,202607272562,208,31116,123,94.594845206,33.7744088947,2015,1,train,168,Veg_Meadow_497
BG256_D2,202607272562,209,60574,240,93.7100046511,33.2803354884,2012,11,train,142,Veg_Sparse
BG256_D2,202607272562,210,40684,161,94.6442525466,33.2444028771,2014,5,train,160,Veg_Meadow_497
BG256_D2,202607272562,211,9138,036,94.6667104287,33.019824056,2010,7,train,114,Veg_Meadow_497
BG256_D2,202607272562,212,43496,172,94.9586628961,33.0692313966,2017,9,train,200,Veg_Meadow_499
BG256_D2,202607272562,213,42462,168,93.7234793804,33.5543216501,2015,7,train,174,Veg_Meadow_497
BG256_D2,202607272562,214,45738,181,95.6593488177,32.7997368114,2015,7,train,174,Veg_Meadow_499
BG256_D2,202607272562,215,18456,073,94.5544210182,33.7339847069,2010,1,train,108,Veg_Meadow_497
BG256_D2,202607272562,216,48491,192,93.6561057341,33.5138974623,2013,12,train,155,Veg_Meadow_504
BG256_D2,202607272562,217,36935,146,94.253485398,33.2174534185,2016,12,train,191,Veg_Meadow_497
BG256_D2,202607272562,218,56532,224,94.0917886469,33.051265091,2012,1,train,132,Veg_Sparse
BG256_D2,202607272562,219,49951,198,93.5348331707,33.5363553444,2009,8,train,103,Veg_Meadow_504
BG256_D2,202607272562,220,28870,114,94.904763979,33.2084702657,2016,11,train,190,Veg_Meadow_497
BG256_D2,202607272562,221,50008,198,93.5348331707,33.5363553444,2014,5,train,160,Veg_Meadow_504
BG256_D2,202607272562,222,44395,176,95.9737591671,32.8177031171,2008,8,train,91,Veg_Meadow_499
BG256_D2,202607272562,223,54955,218,94.9541713196,33.2668607592,2006,8,train,67,Veg_Sparse
BG256_D2,202607272562,224,43365,172,94.9586628961,33.0692313966,2006,10,train,69,Veg_Meadow_499
BG256_D2,202607272562,225,57784,229,94.7834914157,32.934484104,2011,5,train,124,Veg_Sparse
BG256_D2,202607272562,226,16275,064,94.5364547125,33.3701670168,2017,4,train,195,Veg_Meadow_497
BG256_D2,202607272562,227,31516,125,93.6605973105,33.2174534185,2006,5,train,64,Veg_Meadow_497
BG256_D2,202607272562,228,9986,039,94.6846767344,33.2893186413,2018,3,train,206,Veg_Meadow_497
BG256_D2,202607272562,229,58572,232,94.6756935816,32.9389756805,2014,1,train,156,Veg_Sparse
BG256_D2,202607272562,230,49156,195,93.6471225812,33.6486447549,2006,5,train,64,Veg_Meadow_504
BG256_D2,202607272562,231,24782,098,95.8030792631,32.9075346455,2012,3,train,134,Veg_Meadow_497
BG256_D2,202607272562,232,50695,201,94.3118758915,32.9389756805,2008,8,train,91,Veg_Meadow_504
BG256_D2,202607272562,233,1313,005,95.6907898526,32.6919389773,2009,6,train,101,Veg_Coniferous
BG256_D2,202607272562,234,8178,032,94.76552511,33.105164008,2014,7,train,162,Veg_Meadow_497
BG256_D2,202607272562,235,37567,149,95.6144330535,32.7233800123,2006,8,train,67,Veg_Meadow_497
BG256_D2,202607272562,236,49998,198,93.5348331707,33.5363553444,2013,7,train,150,Veg_Meadow_504
BG256_D2,202607272562,237,61356,243,95.4392615731,32.7548210472,2015,1,train,168,Veg_Sparse
BG256_D2,202607272562,238,55775,221,95.4617194552,32.7143968594,2011,12,train,131,Veg_Sparse
BG256_D2,202607272562,239,23592,093,93.9839908128,33.0961808552,2018,1,train,204,Veg_Meadow_497
BG256_D2,202607272562,240,59089,234,94.4600979134,33.0782145495,2015,2,train,169,Veg_Sparse
BG256_D2,202607272562,241,6863,027,95.5246015251,32.7188884358,2009,12,train,107,Veg_Shrub
BG256_D2,202607272562,242,15723,062,94.9811207782,33.2533860299,2013,4,train,147,Veg_Meadow_497
BG256_D2,202607272562,243,23074,091,94.5454378654,33.3566922876,2016,11,train,190,Veg_Meadow_497
BG256_D2,202607272562,244,29888,118,95.5785004421,32.795245235,2017,9,train,200,Veg_Meadow_497
BG256_D2,202607272562,245,54686,217,94.6667104287,33.4644901217,2005,3,train,50,Veg_Sparse
BG256_D2,202607272562,246,5328,021,95.7896045339,32.656006366,2008,1,train,84,Veg_Shrub
BG256_D2,202607272562,247,50654,201,94.3118758915,32.9389756805,2005,3,train,50,Veg_Meadow_504
BG256_D2,202607272562,248,53487,212,94.0693307648,33.6037289907,2010,4,train,111,Veg_Meadow_504
BG256_D2,202607272562,249,43734,173,96.0231665077,32.7054137066,2016,7,train,186,Veg_Meadow_499
BG256_D2,202607272562,250,6333,025,95.470702608,32.8221946935,2007,10,train,81,Veg_Shrub
BG256_D2,202607272562,251,54295,215,95.8030792631,32.8671104577,2014,8,train,163,Veg_Sparse
BG256_D2,202607272562,252,40377,160,95.214682752,33.0108409032,2009,10,train,105,Veg_Meadow_497
BG256_D2,202607272562,253,52505,208,93.7100046511,33.6306784492,2012,6,train,137,Veg_Meadow_504
BG256_D2,202607272562,254,60764,241,94.1367044111,33.3207596762,2007,9,train,80,Veg_Sparse
BG256_D2,202607272562,255,12647,050,94.509505254,33.4195743575,2008,12,train,95,Veg_Meadow_497
BG256_D3,202607272563,0,28390,112,95.5380762543,32.8311778464,2018,11,train,214,Veg_Meadow_497
BG256_D3,202607272563,1,16293,064,94.5364547125,33.3701670168,2018,10,train,213,Veg_Meadow_497
BG256_D3,202607272563,2,764,003,95.6997730055,32.6829558245,2005,9,train,56,Veg_Coniferous
BG256_D3,202607272563,3,46154,183,94.904763979,33.0557566674,2008,3,train,86,Veg_Meadow_499
BG256_D3,202607272563,4,30516,121,95.2640900927,32.8042283878,2007,1,train,72,Veg_Meadow_497
BG256_D3,202607272563,5,51789,205,94.0872970705,33.671102637,2015,10,train,177,Veg_Meadow_504
BG256_D3,202607272563,6,52819,209,94.0962802233,33.5633048029,2017,8,train,199,Veg_Meadow_504
BG256_D3,202607272563,7,26096,103,95.1203596472,32.9255009512,2016,9,train,188,Veg_Meadow_497
BG256_D3,202607272563,8,45726,181,95.6593488177,32.7997368114,2014,7,train,162,Veg_Meadow_499
BG256_D3,202607272563,9,29140,115,94.1187381054,33.275843912,2018,5,train,208,Veg_Meadow_497
BG256_D3,202607272563,10,49683,197,94.6128115117,33.4105912046,2008,4,train,87,Veg_Meadow_504
BG256_D3,202607272563,11,39362,156,95.2775648219,32.8266862699,2009,3,train,98,Veg_Meadow_497
BG256_D3,202607272563,12,32401,128,94.5858620532,33.446523816,2017,2,train,193,Veg_Meadow_497
BG256_D3,202607272563,13,24462,097,94.7116261929,33.6441531785,2006,7,train,66,Veg_Meadow_497
BG256_D3,202607272563,14,56600,224,94.0917886469,33.051265091,2017,9,train,200,Veg_Sparse
BG256_D3,202607272563,15,34384,136,94.1367044111,33.0647398202,2014,5,train,160,Veg_Meadow_497
BG256_D3,202607272563,16,56599,224,94.0917886469,33.051265091,2017,8,train,199,Veg_Sparse
BG256_D3,202607272563,17,43651,173,96.0231665077,32.7054137066,2009,8,train,103,Veg_Meadow_499
BG256_D3,202607272563,18,54734,217,94.6667104287,33.4644901217,2009,3,train,98,Veg_Sparse
BG256_D3,202607272563,19,57273,227,93.9705160835,33.3162680998,2010,10,train,117,Veg_Sparse
BG256_D3,202607272563,20,56542,224,94.0917886469,33.051265091,2012,11,train,142,Veg_Sparse
BG256_D3,202607272563,21,47926,190,93.7459372625,33.6980520955,2008,11,train,94,Veg_Meadow_504
BG256_D3,202607272563,22,22054,087,94.3837411142,33.6351700256,2015,11,train,178,Veg_Meadow_497
BG256_D3,202607272563,23,48234,191,93.6291562756,33.446523816,2013,7,train,150,Veg_Meadow_504
BG256_D3,202607272563,24,48764,193,94.1546707168,33.4959311566,2015,9,train,176,Veg_Meadow_504
BG256_D3,202607272563,25,30022,119,94.2175527867,33.2039786893,2007,11,train,82,Veg_Meadow_497
BG256_D3,202607272563,26,33040,131,94.6756935816,32.9030430691,2007,5,train,76,Veg_Meadow_497
BG256_D3,202607272563,27,54454,216,94.2265359395,33.2938102177,2006,11,train,70,Veg_Sparse
BG256_D3,202607272563,28,36595,145,95.0844270358,33.1500797722,2009,8,train,103,Veg_Meadow_497
BG256_D3,202607272563,29,60615,240,93.7100046511,33.2803354884,2016,4,train,183,Veg_Sparse
BG256_D3,202607272563,30,48685,193,94.1546707168,33.4959311566,2009,2,train,97,Veg_Meadow_504
BG256_D3,202607272563,31,61637,244,95.5380762543,32.656006366,2017,6,train,197,Veg_Sparse
BG256_D3,202607272563,32,4430,017,95.865961333,32.5931242961,2017,3,train,194,Veg_Shrub
BG256_D3,202607272563,33,15224,060,94.6577272759,33.5677963793,2013,9,train,152,Veg_Meadow_497
BG256_D3,202607272563,34,42749,169,94.3433169264,33.2623691827,2018,6,train,209,Veg_Meadow_497
BG256_D3,202607272563,35,21971,087,94.3837411142,33.6351700256,2008,12,train,95,Veg_Meadow_497
BG256_D3,202607272563,36,51720,205,94.0872970705,33.671102637,2010,1,train,108,Veg_Meadow_504
BG256_D3,202607272563,37,60138,238,94.4061989963,33.3387259819,2018,7,train,210,Veg_Sparse
BG256_D3,202607272563,38,17704,070,94.8643397912,32.8985514927,2010,5,train,112,Veg_Meadow_497
BG256_D3,202607272563,39,28254,112,95.5380762543,32.8311778464,2007,7,train,78,Veg_Meadow_497
BG256_D3,202607272563,40,34119,135,93.9884823892,33.4016080518,2013,4,train,147,Veg_Meadow_497
BG256_D3,202607272563,41,43930,174,95.9647760143,32.6649895188,2011,11,train,130,Veg_Meadow_499
BG256_D3,202607272563,42,16897,067,95.2236659049,32.9973661739,2006,2,train,61,Veg_Meadow_497
BG256_D3,202607272563,43,52015,206,93.9031424372,33.4375406631,2013,8,train,151,Veg_Meadow_504
BG256_D3,202607272563,44,26723,106,93.6111899699,33.0782145495,2005,12,train,59,Veg_Meadow_497
BG256_D3,202607272563,45,4656,018,95.7671466518,32.6470232131,2015,1,train,168,Veg_Shrub
BG256_D3,202607272563,46,41475,164,93.6965299219,33.2668607592,2017,4,train,195,Veg_Meadow_497
BG256_D3,202607272563,47,10208,040,94.1232296818,33.5767795322,2015,9,train,176,Veg_Meadow_497
BG256_D3,202607272563,48,5672,022,95.9737591671,32.7323631651,2015,9,train,176,Veg_Shrub
BG256_D3,202607272563,49,9332,037,94.3028927387,32.9165177983,2005,9,train,56,Veg_Meadow_497
BG256_D3,202607272563,50,36099,143,94.4376400313,33.7474594362,2010,4,train,111,Veg_Meadow_497
BG256_D3,202607272563,51,31842,126,94.4870473719,33.7250015541,2012,7,train,138,Veg_Meadow_497
BG256_D3,202607272563,52,47961,190,93.7459372625,33.6980520955,2011,10,train,129,Veg_Meadow_504
BG256_D3,202607272563,53,13758,054,94.9272218611,32.8401609992,2017,7,train,198,Veg_Meadow_497
BG256_D3,202607272563,54,140,000,95.5785004421,32.8536357285,2016,9,train,188,Veg_Coniferous
BG256_D3,202607272563,55,2550,010,95.5605341364,32.8221946935,2007,7,train,78,Veg_Coniferous
BG256_D3,202607272563,56,9652,038,95.0260365424,32.8446525756,2011,5,train,124,Veg_Meadow_497
BG256_D3,202607272563,57,29138,115,94.1187381054,33.275843912,2018,3,train,206,Veg_Meadow_497
BG256_D3,202607272563,58,50467,200,93.8941592844,33.5992374143,2010,8,train,115,Veg_Meadow_504
BG256_D3,202607272563,59,14435,057,95.021544966,33.0018577503,2010,12,train,119,Veg_Meadow_497
BG256_D3,202607272563,60,48512,192,93.6561057341,33.5138974623,2015,9,train,176,Veg_Meadow_504
BG256_D3,202607272563,61,46623,185,94.9586628961,33.051265091,2005,4,train,51,Veg_Meadow_499
BG256_D3,202607272563,62,3851,015,95.8435034509,32.6425316367,2010,12,train,119,Veg_Shrub
BG256_D3,202607272563,63,19512,077,94.5139968304,33.2084702657,2014,1,train,156,Veg_Meadow_497
BG256_D3,202607272563,64,62007,246,94.1591622932,33.2983017941,2006,4,train,63,Veg_Sparse
BG256_D3,202607272563,65,29829,118,95.5785004421,32.795245235,2012,10,train,141,Veg_Meadow_497
BG256_D3,202607272563,66,13880,055,94.1007717997,33.4555069688,2006,9,train,68,Veg_Meadow_497
BG256_D3,202607272563,67,20525,081,94.4196737256,33.6441531785,2014,6,train,161,Veg_Meadow_497
BG256_D3,202607272563,68,23060,091,94.5454378654,33.3566922876,2015,9,train,176,Veg_Meadow_497
BG256_D3,202607272563,69,19405,077,94.5139968304,33.2084702657,2005,2,train,49,Veg_Meadow_497
BG256_D3,202607272563,70,36948,146,94.253485398,33.2174534185,2018,1,train,204,Veg_Meadow_497
BG256_D3,202607272563,71,36547,145,95.0844270358,33.1500797722,2005,8,train,55,Veg_Meadow_497
BG256_D3,202607272563,72,45936,182,95.812062416,32.7143968594,2011,1,train,120,Veg_Meadow_499
BG256_D3,202607272563,73,38896,154,95.0709523066,33.2803354884,2012,5,train,136,Veg_Meadow_497
BG256_D3,202607272563,74,11712,046,94.5409462889,33.0782145495,2015,1,train,168,Veg_Meadow_497
BG256_D3,202607272563,75,14632,058,95.1697669878,32.8716020341,2006,5,train,64,Veg_Meadow_497
BG256_D3,202607272563,76,5908,023,95.7896045339,32.6470232131,2014,5,train,160,Veg_Shrub
BG256_D3,202607272563,77,28067,111,93.9480582014,33.3117765234,2012,12,train,143,Veg_Meadow_497
BG256_D3,202607272563,78,60314,239,95.5829920185,32.6470232131,2012,3,train,134,Veg_Sparse
BG256_D3,202607272563,79,1671,006,95.6368909356,32.7503294708,2018,4,train,207,Veg_Coniferous
BG256_D3,202607272563,80,27037,107,94.6846767344,33.3971164754,2011,2,train,121,Veg_Meadow_497
BG256_D3,202607272563,81,38947,154,95.0709523066,33.2803354884,2016,8,train,187,Veg_Meadow_497
BG256_D3,202607272563,82,57805,229,94.7834914157,32.934484104,2013,2,train,145,Veg_Sparse
BG256_D3,202607272563,83,39398,156,95.2775648219,32.8266862699,2012,3,train,134,Veg_Meadow_497
BG256_D3,202607272563,84,1061,004,95.6099414771,32.7997368114,2009,6,train,101,Veg_Coniferous
BG256_D3,202607272563,85,17507,069,95.5874835949,32.6649895188,2014,12,train,167,Veg_Meadow_497
BG256_D3,202607272563,86,27873,110,94.114246529,33.5363553444,2017,10,train,201,Veg_Meadow_497
BG256_D3,202607272563,87,24050,095,95.1832417171,33.0153324796,2014,3,train,158,Veg_Meadow_497
BG256_D3,202607272563,88,24297,096,94.9721376253,33.2399113006,2013,10,train,153,Veg_Meadow_497
BG256_D3,202607272563,89,37089,147,93.6246646991,33.5498300737,2008,10,train,93,Veg_Meadow_497
BG256_D3,202607272563,90,19741,078,94.5589125946,33.6666110606,2012,2,train,133,Veg_Meadow_497
BG256_D3,202607272563,91,48434,192,93.6561057341,33.5138974623,2009,3,train,98,Veg_Meadow_504
BG256_D3,202607272563,92,58999,234,94.4600979134,33.0782145495,2007,8,train,79,Veg_Sparse
BG256_D3,202607272563,93,47195,187,93.5932236642,33.6306784492,2010,12,train,119,Veg_Meadow_504
BG256_D3,202607272563,94,40097,159,95.1787501407,32.9434672569,2007,6,train,77,Veg_Meadow_497
BG256_D3,202607272563,95,50981,202,93.7683951446,33.500422733,2011,6,train,125,Veg_Meadow_504
BG256_D3,202607272563,96,49904,198,93.5348331707,33.5363553444,2005,9,train,56,Veg_Meadow_504
BG256_D3,202607272563,97,55844,221,95.4617194552,32.7143968594,2017,9,train,200,Veg_Sparse
BG256_D3,202607272563,98,54318,215,95.8030792631,32.8671104577,2016,7,train,186,Veg_Sparse
BG256_D3,202607272563,99,52492,208,93.7100046511,33.6306784492,2011,5,train,124,Veg_Meadow_504
BG256_D3,202607272563,100,50292,199,93.5932236642,33.4599985452,2017,1,train,192,Veg_Meadow_504
BG256_D3,202607272563,101,7419,029,95.9782507435,32.795245235,2014,4,train,159,Veg_Shrub
BG256_D3,202607272563,102,33924,134,93.804327756,33.3926248989,2018,1,train,204,Veg_Meadow_497
BG256_D3,202607272563,103,13638,054,94.9272218611,32.8401609992,2007,7,train,78,Veg_Meadow_497
BG256_D3,202607272563,104,19783,078,94.5589125946,33.6666110606,2015,8,train,175,Veg_Meadow_497
BG256_D3,202607272563,105,52564,208,93.7100046511,33.6306784492,2017,5,train,196,Veg_Meadow_504
BG256_D3,202607272563,106,13697,054,94.9272218611,32.8401609992,2012,6,train,137,Veg_Meadow_497
BG256_D3,202607272563,107,15908,063,94.2714517037,33.4779648509,2007,9,train,80,Veg_Meadow_497
BG256_D3,202607272563,108,25012,099,94.4780642191,32.9165177983,2010,5,train,112,Veg_Meadow_497
BG256_D3,202607272563,109,40615,161,94.6442525466,33.2444028771,2008,8,train,91,Veg_Meadow_497
BG256_D3,202607272563,110,31591,125,93.6605973105,33.2174534185,2012,8,train,139,Veg_Meadow_497
BG256_D3,202607272563,111,5299,021,95.7896045339,32.656006366,2005,8,train,55,Veg_Shrub
BG256_D3,202607272563,112,18928,075,94.3253506208,33.1725376543,2007,5,train,76,Veg_Meadow_497
BG256_D3,202607272563,113,56763,225,94.819424027,32.965925139,2010,4,train,111,Veg_Sparse
BG256_D3,202607272563,114,17253,068,95.2281574813,33.0243156324,2014,10,train,165,Veg_Meadow_497
BG256_D3,202607272563,115,27735,110,94.114246529,33.5363553444,2006,4,train,63,Veg_Meadow_497
BG256_D3,202607272563,116,37435,148,94.7789998392,32.8895683398,2016,8,train,187,Veg_Meadow_497
BG256_D3,202607272563,117,9465,037,94.3028927387,32.9165177983,2016,10,train,189,Veg_Meadow_497
BG256_D3,202607272563,118,3158,012,95.5740088657,32.8177031171,2016,3,train,182,Veg_Coniferous
BG256_D3,202607272563,119,15706,062,94.9811207782,33.2533860299,2011,11,train,130,Veg_Meadow_497
BG256_D3,202607272563,120,49961,198,93.5348331707,33.5363553444,2010,6,train,113,Veg_Meadow_504
BG256_D3,202607272563,121,21474,085,95.9917254728,32.8850767634,2009,7,train,102,Veg_Meadow_497
BG256_D3,202607272563,122,35918,142,94.9092555554,32.8671104577,2016,3,train,182,Veg_Meadow_497
BG256_D3,202607272563,123,60120,238,94.4061989963,33.3387259819,2017,1,train,192,Veg_Sparse
BG256_D3,202607272563,124,29242,116,94.8733229441,32.849144152,2005,11,train,58,Veg_Meadow_497
BG256_D3,202607272563,125,15503,061,94.4870473719,33.4824564273,2015,12,train,179,Veg_Meadow_497
BG256_D3,202607272563,126,9882,039,94.6846767344,33.2893186413,2009,7,train,102,Veg_Meadow_497
BG256_D3,202607272563,127,41125,163,94.3792495378,33.7294931305,2009,2,train,97,Veg_Meadow_497
BG256_D3,202607272563,128,16668,066,95.865961333,32.8446525756,2008,1,train,84,Veg_Meadow_497
BG256_D3,202607272563,129,51162,203,94.2400106688,33.671102637,2005,7,train,54,Veg_Meadow_504
BG256_D3,202607272563,130,42852,170,94.5319631361,33.5049143094,2006,1,train,60,Veg_Meadow_497
BG256_D3,202607272563,131,45113,179,95.9737591671,32.7638042,2005,6,train,53,Veg_Meadow_499
BG256_D3,202607272563,132,387,001,95.6279077827,32.7997368114,2016,4,train,183,Veg_Coniferous
BG256_D3,202607272563,133,47387,188,93.5752573585,33.5138974623,2005,12,train,59,Veg_Meadow_504
BG256_D3,202607272563,134,14730,058,95.1697669878,32.8716020341,2014,7,train,162,Veg_Meadow_497
BG256_D3,202607272563,135,60561,240,93.7100046511,33.2803354884,2011,10,train,129,Veg_Sparse
BG256_D3,202607272563,136,15228,060,94.6577272759,33.5677963793,2014,1,train,156,Veg_Meadow_497
BG256_D3,202607272563,137,19298,076,95.385362656,32.7997368114,2017,3,train,194,Veg_Meadow_497
BG256_D3,202607272563,138,18676,074,95.1068849179,32.9075346455,2007,5,train,76,Veg_Meadow_497
BG256_D3,202607272563,139,25299,100,93.7773782974,33.275843912,2013,4,train,147,Veg_Meadow_497
BG256_D3,202607272563,140,31069,123,94.594845206,33.7744088947,2011,2,train,121,Veg_Meadow_497
BG256_D3,202607272563,141,52066,206,93.9031424372,33.4375406631,2017,11,train,202,Veg_Meadow_504
BG256_D3,202607272563,142,60241,239,95.5829920185,32.6470232131,2006,2,train,61,Veg_Sparse
BG256_D3,202607272563,143,27599,109,94.4061989963,33.221944995,2015,12,train,179,Veg_Meadow_497
BG256_D3,202607272563,144,24839,098,95.8030792631,32.9075346455,2016,12,train,191,Veg_Meadow_497
BG256_D3,202607272563,145,49179,195,93.6471225812,33.6486447549,2008,4,train,87,Veg_Meadow_504
BG256_D3,202607272563,146,5085,020,95.2640900927,33.0647398202,2008,10,train,93,Veg_Shrub
BG256_D3,202607272563,147,4873,019,95.3584131975,32.8311778464,2012,2,train,133,Veg_Shrub
BG256_D3,202607272563,148,40990,162,94.648744123,33.5902542614,2018,11,train,214,Veg_Meadow_497
BG256_D3,202607272563,149,2089,008,95.5515509836,32.8266862699,2011,2,train,121,Veg_Coniferous
BG256_D3,202607272563,150,43965,174,95.9647760143,32.6649895188,2014,10,train,165,Veg_Meadow_499
BG256_D3,202607272563,151,7623,030,94.4600979134,33.275843912,2010,4,train,111,Veg_Meadow_497
BG256_D3,202607272563,152,14975,059,94.9406965904,32.8311778464,2013,12,train,155,Veg_Meadow_497
BG256_D3,202607272563,153,6958,027,95.5246015251,32.7188884358,2017,11,train,202,Veg_Shrub
BG256_D3,202607272563,154,38355,152,93.718987804,33.4689816981,2009,4,train,99,Veg_Meadow_497
BG256_D3,202607272563,155,22794,090,94.509505254,33.4914395802,2014,7,train,162,Veg_Meadow_497
BG256_D3,202607272563,156,36641,145,95.0844270358,33.1500797722,2013,6,train,149,Veg_Meadow_497
BG256_D3,202607272563,157,8426,033,94.0154318477,33.1725376543,2014,3,train,158,Veg_Meadow_497
BG256_D3,202607272563,158,2855,011,95.5695172893,32.8446525756,2011,12,train,131,Veg_Coniferous
BG256_D3,202607272563,159,9737,038,95.0260365424,32.8446525756,2018,6,train,209,Veg_Meadow_497
BG256_D3,202607272563,160,48794,193,94.1546707168,33.4959311566,2018,3,train,206,Veg_Meadow_504
BG256_D3,202607272563,161,41583,165,94.5499294418,32.9883830211,2005,4,train,51,Veg_Meadow_497
BG256_D3,202607272563,162,24029,095,95.1832417171,33.0153324796,2012,6,train,137,Veg_Meadow_497
BG256_D3,202607272563,163,39416,156,95.2775648219,32.8266862699,2013,9,train,152,Veg_Meadow_497
BG256_D3,202607272563,164,39912,158,94.7745082628,32.9075346455,2013,1,train,144,Veg_Meadow_497
BG256_D3,202607272563,165,23945,095,95.1832417171,33.0153324796,2005,6,train,53,Veg_Meadow_497
BG256_D3,202607272563,166,21216,084,94.3298421972,33.6755942134,2009,1,train,96,Veg_Meadow_497
BG256_D3,202607272563,167,10617,042,94.5364547125,33.702543672,2007,10,train,81,Veg_Meadow_497
BG256_D3,202607272563,168,23082,091,94.5454378654,33.3566922876,2017,7,train,198,Veg_Meadow_497
BG256_D3,202607272563,169,12727,050,94.509505254,33.4195743575,2015,8,train,175,Veg_Meadow_497
BG256_D3,202607272563,170,59308,235,94.1591622932,33.3432175583,2012,5,train,136,Veg_Sparse
BG256_D3,202607272563,171,3100,012,95.5740088657,32.8177031171,2011,5,train,124,Veg_Coniferous
BG256_D3,202607272563,172,8098,032,94.76552511,33.105164008,2007,11,train,82,Veg_Meadow_497
BG256_D3,202607272563,173,11497,045,94.5364547125,33.5498300737,2018,2,train,205,Veg_Meadow_497
BG256_D3,202607272563,174,35090,139,94.8014577213,33.3387259819,2010,3,train,110,Veg_Meadow_497
BG256_D3,202607272563,175,48280,191,93.6291562756,33.446523816,2017,5,train,196,Veg_Meadow_504
BG256_D3,202607272563,176,38690,153,94.2310275159,33.2174534185,2016,3,train,182,Veg_Meadow_497
BG256_D3,202607272563,177,9082,036,94.6667104287,33.019824056,2005,11,train,58,Veg_Meadow_497
BG256_D3,202607272563,178,29779,118,95.5785004421,32.795245235,2008,8,train,91,Veg_Meadow_497
BG256_D3,202607272563,179,55196,219,95.3224805861,33.1500797722,2005,9,train,56,Veg_Sparse
BG256_D3,202607272563,180,30549,121,95.2640900927,32.8042283878,2009,10,train,105,Veg_Meadow_497
BG256_D3,202607272563,181,7120,028,95.0395112716,33.1231303137,2010,5,train,112,Veg_Shrub
BG256_D3,202607272563,182,28004,111,93.9480582014,33.3117765234,2007,9,train,80,Veg_Meadow_497
BG256_D3,202607272563,183,51411,204,93.6066983935,33.1725376543,2005,4,train,51,Veg_Meadow_504
BG256_D3,202607272563,184,45227,179,95.9737591671,32.7638042,2014,12,train,167,Veg_Meadow_499
BG256_D3,202607272563,185,53301,211,93.8447519438,33.1770292307,2015,10,train,177,Veg_Meadow_504
BG256_D3,202607272563,186,10201,040,94.1232296818,33.5767795322,2015,2,train,169,Veg_Meadow_497
BG256_D3,202607272563,187,51306,203,94.2400106688,33.671102637,2017,7,train,198,Veg_Meadow_504
BG256_D3,202607272563,188,59353,235,94.1591622932,33.3432175583,2016,2,train,181,Veg_Sparse
BG256_D3,202607272563,189,15991,063,94.2714517037,33.4779648509,2014,8,train,163,Veg_Meadow_497
BG256_D3,202607272563,190,50038,198,93.5348331707,33.5363553444,2016,11,train,190,Veg_Meadow_504
BG256_D3,202607272563,191,9400,037,94.3028927387,32.9165177983,2011,5,train,124,Veg_Meadow_497
BG256_D3,202607272563,192,58883,233,94.6846767344,33.756442589,2018,12,train,215,Veg_Sparse
BG256_D3,202607272563,193,53953,214,94.4466231841,33.5633048029,2007,2,train,73,Veg_Meadow_504
BG256_D3,202607272563,194,26261,104,95.951301285,32.6964305537,2009,6,train,101,Veg_Meadow_497
BG256_D3,202607272563,195,33681,133,93.5977152406,33.4330490867,2018,10,train,213,Veg_Meadow_497
BG256_D3,202607272563,196,16946,067,95.2236659049,32.9973661739,2010,3,train,110,Veg_Meadow_497
BG256_D3,202607272563,197,15683,062,94.9811207782,33.2533860299,2009,12,train,107,Veg_Meadow_497
BG256_D3,202607272563,198,56827,225,94.819424027,32.965925139,2015,8,train,175,Veg_Sparse
BG256_D3,202607272563,199,59536,236,94.8463734855,32.8266862699,2010,5,train,112,Veg_Sparse
BG256_D3,202607272563,200,25244,100,93.7773782974,33.275843912,2008,9,train,92,Veg_Meadow_497
BG256_D3,202607272563,201,60383,239,95.5829920185,32.6470232131,2017,12,train,203,Veg_Sparse
BG256_D3,202607272563,202,1317,005,95.6907898526,32.6919389773,2009,10,train,105,Veg_Coniferous
BG256_D3,202607272563,203,42245,167,94.8373903327,33.0871977023,2018,6,train,209,Veg_Meadow_497
BG256_D3,202607272563,204,50929,202,93.7683951446,33.500422733,2007,2,train,73,Veg_Meadow_504
BG256_D3,202607272563,205,3427,013,95.7222308876,32.7009221302,2017,8,train,199,Veg_Coniferous
BG256_D3,202607272563,206,3537,014,95.7177393111,32.6964305537,2005,10,train,57,Veg_Coniferous
BG256_D3,202607272563,207,4073,016,95.7626550754,32.6919389773,2008,6,train,89,Veg_Shrub
BG256_D3,202607272563,208,38667,153,94.2310275159,33.2174534185,2014,4,train,159,Veg_Meadow_497
BG256_D3,202607272563,209,6450,025,95.470702608,32.8221946935,2017,7,train,198,Veg_Shrub
BG256_D3,202607272563,210,38131,151,94.8867976733,32.8940599162,2011,8,train,127,Veg_Meadow_497
BG256_D3,202607272563,211,28770,114,94.904763979,33.2084702657,2008,7,train,90,Veg_Meadow_497
BG256_D3,202607272563,212,60273,239,95.5829920185,32.6470232131,2008,10,train,93,Veg_Sparse
BG256_D3,202607272563,213,29798,118,95.5785004421,32.795245235,2010,3,train,110,Veg_Meadow_497
BG256_D3,202607272563,214,12000,047,94.9182387083,32.8985514927,2018,1,train,204,Veg_Meadow_497
BG256_D3,202607272563,215,43928,174,95.9647760143,32.6649895188,2011,9,train,128,Veg_Meadow_499
BG256_D3,202607272563,216,59836,237,94.1277212583,33.3342344055,2014,5,train,160,Veg_Sparse
BG256_D3,202607272563,217,40418,160,95.214682752,33.0108409032,2013,3,train,146,Veg_Meadow_497
BG256_D3,202607272563,218,34885,138,94.5813704767,32.9299925276,2014,2,train,157,Veg_Meadow_497
BG256_D3,202607272563,219,56976,226,95.8704529094,32.7548210472,2007,1,train,72,Veg_Sparse
BG256_D3,202607272563,220,30495,121,95.2640900927,32.8042283878,2005,4,train,51,Veg_Meadow_497
BG256_D3,202607272563,221,23005,091,94.5454378654,33.3566922876,2011,2,train,121,Veg_Meadow_497
BG256_D3,202607272563,222,12899,051,94.6083199353,32.9389756805,2008,12,train,95,Veg_Meadow_497
BG256_D3,202607272563,223,59738,237,94.1277212583,33.3342344055,2006,3,train,62,Veg_Sparse
BG256_D3,202607272563,224,14475,057,95.021544966,33.0018577503,2014,4,train,159,Veg_Meadow_497
BG256_D3,202607272563,225,60096,238,94.4061989963,33.3387259819,2015,1,train,168,Veg_Sparse
BG256_D3,202607272563,226,16438,065,93.6426310048,33.1770292307,2009,11,train,106,Veg_Meadow_497
BG256_D3,202607272563,227,56999,226,95.8704529094,32.7548210472,2008,12,train,95,Veg_Sparse
BG256_D3,202607272563,228,43924,174,95.9647760143,32.6649895188,2011,5,train,124,Veg_Meadow_499
BG256_D3,202607272563,229,2062,008,95.5515509836,32.8266862699,2008,11,train,94,Veg_Coniferous
BG256_D3,202607272563,230,53174,211,93.8447519438,33.1770292307,2005,3,train,50,Veg_Meadow_504
BG256_D3,202607272563,231,38818,154,95.0709523066,33.2803354884,2005,11,train,58,Veg_Meadow_497
BG256_D3,202607272563,232,29857,118,95.5785004421,32.795245235,2015,2,train,169,Veg_Meadow_497
BG256_D3,202607272563,233,28821,114,94.904763979,33.2084702657,2012,10,train,141,Veg_Meadow_497
BG256_D3,202607272563,234,54490,216,94.2265359395,33.2938102177,2009,11,train,106,Veg_Sparse
BG256_D3,202607272563,235,47981,190,93.7459372625,33.6980520955,2013,6,train,149,Veg_Meadow_504
BG256_D3,202607272563,236,56214,223,93.9525497779,33.3387259819,2006,7,train,66,Veg_Sparse
BG256_D3,202607272563,237,2280,009,95.7491803461,32.6919389773,2006,1,train,60,Veg_Coniferous
BG256_D3,202607272563,238,57329,227,93.9705160835,33.3162680998,2015,6,train,173,Veg_Sparse
BG256_D3,202607272563,239,40704,161,94.6442525466,33.2444028771,2016,1,train,180,Veg_Meadow_497
BG256_D3,202607272563,240,36117,143,94.4376400313,33.7474594362,2011,10,train,129,Veg_Meadow_497
BG256_D3,202607272563,241,26020,103,95.1203596472,32.9255009512,2010,5,train,112,Veg_Meadow_497
BG256_D3,202607272563,242,59081,234,94.4600979134,33.0782145495,2014,6,train,161,Veg_Sparse
BG256_D3,202607272563,243,30869,122,94.1456875639,33.0602482438,2015,6,train,173,Veg_Meadow_497
BG256_D3,202607272563,244,34123,135,93.9884823892,33.4016080518,2013,8,train,151,Veg_Meadow_497
BG256_D3,202607272563,245,18690,074,95.1068849179,32.9075346455,2008,7,train,90,Veg_Meadow_497
BG256_D3,202607272563,246,16436,065,93.6426310048,33.1770292307,2009,9,train,104,Veg_Meadow_497
BG256_D3,202607272563,247,45421,180,95.7581634989,32.7278715887,2010,2,train,109,Veg_Meadow_499
BG256_D3,202607272563,248,51408,204,93.6066983935,33.1725376543,2005,1,train,48,Veg_Meadow_504
BG256_D3,202607272563,249,19570,077,94.5139968304,33.2084702657,2018,11,train,214,Veg_Meadow_497
BG256_D3,202607272563,250,41914,166,94.5229799833,33.0602482438,2011,11,train,130,Veg_Meadow_497
BG256_D3,202607272563,251,26777,106,93.6111899699,33.0782145495,2010,6,train,113,Veg_Meadow_497
BG256_D3,202607272563,252,12200,048,93.7234793804,33.5498300737,2013,9,train,152,Veg_Meadow_497
BG256_D3,202607272563,253,28347,112,95.5380762543,32.8311778464,2015,4,train,171,Veg_Meadow_497
BG256_D3,202607272563,254,50207,199,93.5932236642,33.4599985452,2009,12,train,107,Veg_Meadow_504
BG256_D3,202607272563,255,25355,100,93.7773782974,33.275843912,2017,12,train,203,Veg_Meadow_497
BG512_D1,202607275121,0,34421,136,94.1367044111,33.0647398202,2017,6,train,197,Veg_Meadow_497
BG512_D1,202607275121,1,30087,119,94.2175527867,33.2039786893,2013,4,train,147,Veg_Meadow_497
BG512_D1,202607275121,2,14932,059,94.9406965904,32.8311778464,2010,5,train,112,Veg_Meadow_497
BG512_D1,202607275121,3,56468,224,94.0917886469,33.051265091,2006,9,train,68,Veg_Sparse
BG512_D1,202607275121,4,7935,031,94.0199234242,33.051265091,2015,4,train,171,Veg_Meadow_497
BG512_D1,202607275121,5,27294,108,94.4735726426,33.7744088947,2011,7,train,126,Veg_Meadow_497
BG512_D1,202607275121,6,18497,073,94.5544210182,33.7339847069,2013,6,train,149,Veg_Meadow_497
BG512_D1,202607275121,7,52212,207,94.0783139176,33.6216952964,2009,1,train,96,Veg_Meadow_504
BG512_D1,202607275121,8,9970,039,94.6846767344,33.2893186413,2016,11,train,190,Veg_Meadow_497
BG512_D1,202607275121,9,38680,153,94.2310275159,33.2174534185,2015,5,train,172,Veg_Meadow_497
BG512_D1,202607275121,10,33564,133,93.5977152406,33.4330490867,2009,1,train,96,Veg_Meadow_497
BG512_D1,202607275121,11,60880,241,94.1367044111,33.3207596762,2017,5,train,196,Veg_Sparse
BG512_D1,202607275121,12,41112,163,94.3792495378,33.7294931305,2008,1,train,84,Veg_Meadow_497
BG512_D1,202607275121,13,38809,154,95.0709523066,33.2803354884,2005,2,train,49,Veg_Meadow_497
BG512_D1,202607275121,14,57014,226,95.8704529094,32.7548210472,2010,3,train,110,Veg_Sparse
BG512_D1,202607275121,15,19517,077,94.5139968304,33.2084702657,2014,6,train,161,Veg_Meadow_497
BG512_D1,202607275121,16,57261,227,93.9705160835,33.3162680998,2009,10,train,105,Veg_Sparse
BG512_D1,202607275121,17,59492,236,94.8463734855,32.8266862699,2006,9,train,68,Veg_Sparse
BG512_D1,202607275121,18,51759,205,94.0872970705,33.671102637,2013,4,train,147,Veg_Meadow_504
BG512_D1,202607275121,19,9915,039,94.6846767344,33.2893186413,2012,4,train,135,Veg_Meadow_497
BG512_D1,202607275121,20,13138,052,94.3028927387,33.3432175583,2007,11,train,82,Veg_Meadow_497
BG512_D1,202607275121,21,557,002,95.6234162063,32.7503294708,2009,6,train,101,Veg_Coniferous
BG512_D1,202607275121,22,55270,219,95.3224805861,33.1500797722,2011,11,train,130,Veg_Sparse
BG512_D1,202607275121,23,28340,112,95.5380762543,32.8311778464,2014,9,train,164,Veg_Meadow_497
BG512_D1,202607275121,24,40235,159,95.1787501407,32.9434672569,2018,12,train,215,Veg_Meadow_497
BG512_D1,202607275121,25,16505,065,93.6426310048,33.1770292307,2015,6,train,173,Veg_Meadow_497
BG512_D1,202607275121,26,7971,031,94.0199234242,33.051265091,2018,4,train,207,Veg_Meadow_497
BG512_D1,202607275121,27,59124,234,94.4600979134,33.0782145495,2018,1,train,204,Veg_Sparse
BG512_D1,202607275121,28,42879,170,94.5319631361,33.5049143094,2008,4,train,87,Veg_Meadow_497
BG512_D1,202607275121,29,25508,101,93.772886721,33.4420322396,2009,9,train,104,Veg_Meadow_497
BG512_D1,202607275121,30,1834,007,95.695281429,32.7054137066,2010,11,train,118,Veg_Coniferous
BG512_D1,202607275121,31,43631,173,96.0231665077,32.7054137066,2007,12,train,83,Veg_Meadow_499
BG512_D1,202607275121,32,45942,182,95.812062416,32.7143968594,2011,7,train,126,Veg_Meadow_499
BG512_D1,202607275121,33,43164,171,95.6279077827,32.8087199643,2011,1,train,120,Veg_Meadow_499
BG512_D1,202607275121,34,2117,008,95.5515509836,32.8266862699,2013,6,train,149,Veg_Coniferous
BG512_D1,202607275121,35,40725,161,94.6442525466,33.2444028771,2017,10,train,201,Veg_Meadow_497
BG512_D1,202607275121,36,38364,152,93.718987804,33.4689816981,2010,1,train,108,Veg_Meadow_497
BG512_D1,202607275121,37,4351,017,95.865961333,32.5931242961,2010,8,train,115,Veg_Shrub
BG512_D1,202607275121,38,47713,189,94.2624685509,32.9165177983,2012,2,train,133,Veg_Meadow_504
BG512_D1,202607275121,39,38418,152,93.718987804,33.4689816981,2014,7,train,162,Veg_Meadow_497
BG512_D1,202607275121,40,51159,203,94.2400106688,33.671102637,2005,4,train,51,Veg_Meadow_504
BG512_D1,202607275121,41,35942,142,94.9092555554,32.8671104577,2018,3,train,206,Veg_Meadow_497
BG512_D1,202607275121,42,24759,098,95.8030792631,32.9075346455,2010,4,train,111,Veg_Meadow_497
BG512_D1,202607275121,43,20933,083,94.4151821492,33.7294931305,2006,6,train,65,Veg_Meadow_497
BG512_D1,202607275121,44,26744,106,93.6111899699,33.0782145495,2007,9,train,80,Veg_Meadow_497
BG512_D1,202607275121,45,14143,056,95.0440028481,33.1141471609,2007,8,train,79,Veg_Meadow_497
BG512_D1,202607275121,46,48009,190,93.7459372625,33.6980520955,2015,10,train,177,Veg_Meadow_504
BG512_D1,202607275121,47,36432,144,94.5274715597,32.934484104,2017,1,train,192,Veg_Meadow_497
BG512_D1,202607275121,48,59814,237,94.1277212583,33.3342344055,2012,7,train,138,Veg_Sparse
BG512_D1,202607275121,49,10412,041,94.6397609702,33.1231303137,2011,9,train,128,Veg_Meadow_497
BG512_D1,202607275121,50,39842,158,94.7745082628,32.9075346455,2007,3,train,74,Veg_Meadow_497
BG512_D1,202607275121,51,23719,094,94.8643397912,33.3027933705,2007,8,train,79,Veg_Meadow_497
BG512_D1,202607275121,52,56315,223,93.9525497779,33.3387259819,2014,12,train,167,Veg_Sparse
BG512_D1,202607275121,53,30511,121,95.2640900927,32.8042283878,2006,8,train,67,Veg_Meadow_497
BG512_D1,202607275121,54,22701,090,94.509505254,33.4914395802,2006,10,train,69,Veg_Meadow_497
BG512_D1,202607275121,55,50253,199,93.5932236642,33.4599985452,2013,10,train,153,Veg_Meadow_504
BG512_D1,202607275121,56,41912,166,94.5229799833,33.0602482438,2011,9,train,128,Veg_Meadow_497
BG512_D1,202607275121,57,52782,209,94.0962802233,33.5633048029,2014,7,train,162,Veg_Meadow_504
BG512_D1,202607275121,58,1053,004,95.6099414771,32.7997368114,2008,10,train,93,Veg_Coniferous
BG512_D1,202607275121,59,12391,049,94.1367044111,33.5633048029,2008,8,train,91,Veg_Meadow_497
BG512_D1,202607275121,60,53753,213,94.1546707168,33.1410966194,2011,6,train,125,Veg_Meadow_504
BG512_D1,202607275121,61,20569,081,94.4196737256,33.6441531785,2018,2,train,205,Veg_Meadow_497
BG512_D1,202607275121,62,25720,102,95.0664607302,33.2938102177,2006,5,train,64,Veg_Meadow_497
BG512_D1,202607275121,63,52513,208,93.7100046511,33.6306784492,2013,2,train,145,Veg_Meadow_504
BG512_D1,202607275121,64,58067,230,94.680185158,33.0782145495,2013,12,train,155,Veg_Sparse
BG512_D1,202607275121,65,49460,196,94.3523000793,33.0961808552,2010,9,train,116,Veg_Meadow_504
BG512_D1,202607275121,66,11745,046,94.5409462889,33.0782145495,2017,10,train,201,Veg_Meadow_497
BG512_D1,202607275121,67,46141,183,94.904763979,33.0557566674,2007,2,train,73,Veg_Meadow_499
BG512_D1,202607275121,68,45707,181,95.6593488177,32.7997368114,2012,12,train,143,Veg_Meadow_499
BG512_D1,202607275121,69,41904,166,94.5229799833,33.0602482438,2011,1,train,120,Veg_Meadow_497
BG512_D1,202607275121,70,53522,212,94.0693307648,33.6037289907,2013,3,train,146,Veg_Meadow_504
BG512_D1,202607275121,71,34294,136,94.1367044111,33.0647398202,2006,11,train,70,Veg_Meadow_497
BG512_D1,202607275121,72,14373,057,95.021544966,33.0018577503,2005,10,train,57,Veg_Meadow_497
BG512_D1,202607275121,73,6194,024,95.2865479748,33.0602482438,2017,3,train,194,Veg_Shrub
BG512_D1,202607275121,74,6658,026,95.9737591671,32.7997368114,2013,11,train,154,Veg_Shrub
BG512_D1,202607275121,75,13694,054,94.9272218611,32.8401609992,2012,3,train,134,Veg_Meadow_497
BG512_D1,202607275121,76,61243,243,95.4392615731,32.7548210472,2005,8,train,55,Veg_Sparse
BG512_D1,202607275121,77,45110,179,95.9737591671,32.7638042,2005,3,train,50,Veg_Meadow_499
BG512_D1,202607275121,78,1280,005,95.6907898526,32.6919389773,2006,9,train,68,Veg_Coniferous
BG512_D1,202607275121,79,16638,066,95.865961333,32.8446525756,2005,7,train,54,Veg_Meadow_497
BG512_D1,202607275121,80,49203,195,93.6471225812,33.6486447549,2010,4,train,111,Veg_Meadow_504
BG512_D1,202607275121,81,43700,173,96.0231665077,32.7054137066,2013,9,train,152,Veg_Meadow_499
BG512_D1,202607275121,82,53332,211,93.8447519438,33.1770292307,2018,5,train,208,Veg_Meadow_504
BG512_D1,202607275121,83,55303,219,95.3224805861,33.1500797722,2014,8,train,163,Veg_Sparse
BG512_D1,202607275121,84,47782,189,94.2624685509,32.9165177983,2017,11,train,202,Veg_Meadow_504
BG512_D1,202607275121,85,32130,127,94.4421316077,33.4644901217,2015,7,train,174,Veg_Meadow_497
BG512_D1,202607275121,86,2419,009,95.7491803461,32.6919389773,2017,8,train,199,Veg_Coniferous
BG512_D1,202607275121,87,35898,142,94.9092555554,32.8671104577,2014,7,train,162,Veg_Meadow_497
BG512_D1,202607275121,88,28565,113,93.772886721,33.105164008,2012,6,train,137,Veg_Meadow_497
BG512_D1,202607275121,89,10466,041,94.6397609702,33.1231303137,2016,3,train,182,Veg_Meadow_497
BG512_D1,202607275121,90,9159,036,94.6667104287,33.019824056,2012,4,train,135,Veg_Meadow_497
BG512_D1,202607275121,91,61392,243,95.4392615731,32.7548210472,2018,1,train,204,Veg_Sparse
BG512_D1,202607275121,92,32525,129,93.633647852,33.5902542614,2006,6,train,65,Veg_Meadow_497
BG512_D1,202607275121,93,5880,023,95.7896045339,32.6470232131,2012,1,train,132,Veg_Shrub
BG512_D1,202607275121,94,43690,173,96.0231665077,32.7054137066,2012,11,train,142,Veg_Meadow_499
BG512_D1,202607275121,95,54328,215,95.8030792631,32.8671104577,2017,5,train,196,Veg_Sparse
BG512_D1,202607275121,96,4911,019,95.3584131975,32.8311778464,2015,4,train,171,Veg_Shrub
BG512_D1,202607275121,97,41389,164,93.6965299219,33.2668607592,2010,2,train,109,Veg_Meadow_497
BG512_D1,202607275121,98,32858,130,94.4960305247,32.9479588333,2013,3,train,146,Veg_Meadow_497
BG512_D1,202607275121,99,15775,062,94.9811207782,33.2533860299,2017,8,train,199,Veg_Meadow_497
BG512_D1,202607275121,100,6839,027,95.5246015251,32.7188884358,2007,12,train,83,Veg_Shrub
BG512_D1,202607275121,101,44954,178,95.7716382282,32.7862620822,2013,3,train,146,Veg_Meadow_499
BG512_D1,202607275121,102,26845,106,93.6111899699,33.0782145495,2016,2,train,181,Veg_Meadow_497
BG512_D1,202607275121,103,37432,148,94.7789998392,32.8895683398,2016,5,train,184,Veg_Meadow_497
BG512_D1,202607275121,104,52742,209,94.0962802233,33.5633048029,2011,3,train,122,Veg_Meadow_504
BG512_D1,202607275121,105,40158,159,95.1787501407,32.9434672569,2012,7,train,138,Veg_Meadow_497
BG512_D1,202607275121,106,19444,077,94.5139968304,33.2084702657,2008,5,train,88,Veg_Meadow_497
BG512_D1,202607275121,107,25054,099,94.4780642191,32.9165177983,2013,11,train,154,Veg_Meadow_497
BG512_D1,202607275121,108,20457,081,94.4196737256,33.6441531785,2008,10,train,93,Veg_Meadow_497
BG512_D1,202607275121,109,31802,126,94.4870473719,33.7250015541,2009,3,train,98,Veg_Meadow_497
BG512_D1,202607275121,110,57758,229,94.7834914157,32.934484104,2009,3,train,98,Veg_Sparse
BG512_D1,202607275121,111,33270,132,93.7998361796,33.19050396,2005,7,train,54,Veg_Meadow_497
BG512_D1,202607275121,112,32090,127,94.4421316077,33.4644901217,2012,3,train,134,Veg_Meadow_497
BG512_D1,202607275121,113,14928,059,94.9406965904,32.8311778464,2010,1,train,108,Veg_Meadow_497
BG512_D1,202607275121,114,35675,141,94.5454378654,33.5049143094,2016,12,train,191,Veg_Meadow_497
BG512_D1,202607275121,115,56484,224,94.0917886469,33.051265091,2008,1,train,84,Veg_Sparse
BG512_D1,202607275121,116,1174,004,95.6099414771,32.7997368114,2018,11,train,214,Veg_Coniferous
BG512_D1,202607275121,117,35807,142,94.9092555554,32.8671104577,2006,12,train,71,Veg_Meadow_497
BG512_D1,202607275121,118,18784,074,95.1068849179,32.9075346455,2016,5,train,184,Veg_Meadow_497
BG512_D1,202607275121,119,57021,226,95.8704529094,32.7548210472,2010,10,train,117,Veg_Sparse
BG512_D1,202607275121,120,26622,105,95.0125618131,32.880585187,2018,7,train,210,Veg_Meadow_497
BG512_D1,202607275121,121,47542,188,93.5752573585,33.5138974623,2018,11,train,214,Veg_Meadow_504
BG512_D1,202607275121,122,39130,155,95.2910395512,32.9299925276,2010,11,train,118,Veg_Meadow_497
BG512_D1,202607275121,123,31862,126,94.4870473719,33.7250015541,2014,3,train,158,Veg_Meadow_497
BG512_D1,202607275121,124,55302,219,95.3224805861,33.1500797722,2014,7,train,162,Veg_Sparse
BG512_D1,202607275121,125,2568,010,95.5605341364,32.8221946935,2009,1,train,96,Veg_Coniferous
BG512_D1,202607275121,126,52317,207,94.0783139176,33.6216952964,2017,10,train,201,Veg_Meadow_504
BG512_D1,202607275121,127,32600,129,93.633647852,33.5902542614,2012,9,train,140,Veg_Meadow_497
BG512_D1,202607275121,128,54049,214,94.4466231841,33.5633048029,2015,2,train,169,Veg_Meadow_504
BG512_D1,202607275121,129,29392,116,94.8733229441,32.849144152,2018,5,train,208,Veg_Meadow_497
BG512_D1,202607275121,130,21925,087,94.3837411142,33.6351700256,2005,2,train,49,Veg_Meadow_497
BG512_D1,202607275121,131,24448,097,94.7116261929,33.6441531785,2005,5,train,52,Veg_Meadow_497
BG512_D1,202607275121,132,34417,136,94.1367044111,33.0647398202,2017,2,train,193,Veg_Meadow_497
BG512_D1,202607275121,133,33175,131,94.6756935816,32.9030430691,2018,8,train,211,Veg_Meadow_497
BG512_D1,202607275121,134,61587,244,95.5380762543,32.656006366,2013,4,train,147,Veg_Sparse
BG512_D1,202607275121,135,32880,130,94.4960305247,32.9479588333,2015,1,train,168,Veg_Meadow_497
BG512_D1,202607275121,136,58217,231,94.2400106688,33.3162680998,2005,6,train,53,Veg_Sparse
BG512_D1,202607275121,137,13226,052,94.3028927387,33.3432175583,2015,3,train,170,Veg_Meadow_497
BG512_D1,202607275121,138,34881,138,94.5813704767,32.9299925276,2013,10,train,153,Veg_Meadow_497
BG512_D1,202607275121,139,25230,100,93.7773782974,33.275843912,2007,7,train,78,Veg_Meadow_497
BG512_D1,202607275121,140,25502,101,93.772886721,33.4420322396,2009,3,train,98,Veg_Meadow_497
BG512_D1,202607275121,141,553,002,95.6234162063,32.7503294708,2009,2,train,97,Veg_Coniferous
BG512_D1,202607275121,142,23004,091,94.5454378654,33.3566922876,2011,1,train,120,Veg_Meadow_497
BG512_D1,202607275121,143,55460,220,94.370266385,32.9973661739,2006,9,train,68,Veg_Sparse
BG512_D1,202607275121,144,26361,104,95.951301285,32.6964305537,2017,10,train,201,Veg_Meadow_497
BG512_D1,202607275121,145,25804,102,95.0664607302,33.2938102177,2013,5,train,148,Veg_Meadow_497
BG512_D1,202607275121,146,30869,122,94.1456875639,33.0602482438,2015,6,train,173,Veg_Meadow_497
BG512_D1,202607275121,147,9608,038,95.0260365424,32.8446525756,2007,9,train,80,Veg_Meadow_497
BG512_D1,202607275121,148,26598,105,95.0125618131,32.880585187,2016,7,train,186,Veg_Meadow_497
BG512_D1,202607275121,149,36616,145,95.0844270358,33.1500797722,2011,5,train,124,Veg_Meadow_497
BG512_D1,202607275121,150,49969,198,93.5348331707,33.5363553444,2011,2,train,121,Veg_Meadow_504
BG512_D1,202607275121,151,37657,149,95.6144330535,32.7233800123,2014,2,train,157,Veg_Meadow_497
BG512_D1,202607275121,152,27579,109,94.4061989963,33.221944995,2014,4,train,159,Veg_Meadow_497
BG512_D1,202607275121,153,22017,087,94.3837411142,33.6351700256,2012,10,train,141,Veg_Meadow_497
BG512_D1,202607275121,154,4386,017,95.865961333,32.5931242961,2013,7,train,150,Veg_Shrub
BG512_D1,202607275121,155,37700,149,95.6144330535,32.7233800123,2017,9,train,200,Veg_Meadow_497
BG512_D1,202607275121,156,50719,201,94.3118758915,32.9389756805,2010,8,train,115,Veg_Meadow_504
BG512_D1,202607275121,157,39200,155,95.2910395512,32.9299925276,2016,9,train,188,Veg_Meadow_497
BG512_D1,202607275121,158,37671,149,95.6144330535,32.7233800123,2015,4,train,171,Veg_Meadow_497
BG512_D1,202607275121,159,58994,234,94.4600979134,33.0782145495,2007,3,train,74,Veg_Sparse
BG512_D1,202607275121,160,55462,220,94.370266385,32.9973661739,2006,11,train,70,Veg_Sparse
BG512_D1,202607275121,161,54459,216,94.2265359395,33.2938102177,2007,4,train,75,Veg_Sparse
BG512_D1,202607275121,162,16934,067,95.2236659049,32.9973661739,2009,3,train,98,Veg_Meadow_497
BG512_D1,202607275121,163,39179,155,95.2910395512,32.9299925276,2014,12,train,167,Veg_Meadow_497
BG512_D1,202607275121,164,61611,244,95.5380762543,32.656006366,2015,4,train,171,Veg_Sparse
BG512_D1,202607275121,165,39373,156,95.2775648219,32.8266862699,2010,2,train,109,Veg_Meadow_497
BG512_D1,202607275121,166,27001,107,94.6846767344,33.3971164754,2008,2,train,85,Veg_Meadow_497
BG512_D1,202607275121,167,364,001,95.6279077827,32.7997368114,2014,5,train,160,Veg_Coniferous
BG512_D1,202607275121,168,2162,008,95.5515509836,32.8266862699,2017,3,train,194,Veg_Coniferous
BG512_D1,202607275121,169,49653,197,94.6128115117,33.4105912046,2005,10,train,57,Veg_Meadow_504
BG512_D1,202607275121,170,59600,236,94.8463734855,32.8266862699,2015,9,train,176,Veg_Sparse
BG512_D1,202607275121,171,24284,096,94.9721376253,33.2399113006,2012,9,train,140,Veg_Meadow_497
BG512_D1,202607275121,172,4805,019,95.3584131975,32.8311778464,2006,6,train,65,Veg_Shrub
BG512_D1,202607275121,173,53300,211,93.8447519438,33.1770292307,2015,9,train,176,Veg_Meadow_504
BG512_D1,202607275121,174,57580,228,94.5139968304,32.9075346455,2015,5,train,172,Veg_Sparse
BG512_D1,202607275121,175,58002,230,94.680185158,33.0782145495,2008,7,train,90,Veg_Sparse
BG512_D1,202607275121,176,33397,132,93.7998361796,33.19050396,2016,2,train,181,Veg_Meadow_497
BG512_D1,202607275121,177,33367,132,93.7998361796,33.19050396,2013,8,train,151,Veg_Meadow_497
BG512_D1,202607275121,178,32914,130,94.4960305247,32.9479588333,2017,11,train,202,Veg_Meadow_497
BG512_D1,202607275121,179,53553,212,94.0693307648,33.6037289907,2015,10,train,177,Veg_Meadow_504
BG512_D1,202607275121,180,43852,174,95.9647760143,32.6649895188,2005,5,train,52,Veg_Meadow_499
BG512_D1,202607275121,181,8821,035,93.858226673,33.3162680998,2005,2,train,49,Veg_Meadow_497
BG512_D1,202607275121,182,10203,040,94.1232296818,33.5767795322,2015,4,train,171,Veg_Meadow_497
BG512_D1,202607275121,183,7340,029,95.9782507435,32.795245235,2007,9,train,80,Veg_Shrub
BG512_D1,202607275121,184,33411,132,93.7998361796,33.19050396,2017,4,train,195,Veg_Meadow_497
BG512_D1,202607275121,185,5651,022,95.9737591671,32.7323631651,2013,12,train,155,Veg_Shrub
BG512_D1,202607275121,186,18511,073,94.5544210182,33.7339847069,2014,8,train,163,Veg_Meadow_497
BG512_D1,202607275121,187,41609,165,94.5499294418,32.9883830211,2007,6,train,77,Veg_Meadow_497
BG512_D1,202607275121,188,32597,129,93.633647852,33.5902542614,2012,6,train,137,Veg_Meadow_497
BG512_D1,202607275121,189,13208,052,94.3028927387,33.3432175583,2013,9,train,152,Veg_Meadow_497
BG512_D1,202607275121,190,21446,085,95.9917254728,32.8850767634,2007,3,train,74,Veg_Meadow_497
BG512_D1,202607275121,191,24967,099,94.4780642191,32.9165177983,2006,8,train,67,Veg_Meadow_497
BG512_D1,202607275121,192,7436,029,95.9782507435,32.795245235,2015,9,train,176,Veg_Shrub
BG512_D1,202607275121,193,54721,217,94.6667104287,33.4644901217,2008,2,train,85,Veg_Sparse
BG512_D1,202607275121,194,45613,181,95.6593488177,32.7997368114,2005,2,train,49,Veg_Meadow_499
BG512_D1,202607275121,195,1087,004,95.6099414771,32.7997368114,2011,8,train,127,Veg_Coniferous
BG512_D1,202607275121,196,12390,049,94.1367044111,33.5633048029,2008,7,train,90,Veg_Meadow_497
BG512_D1,202607275121,197,17503,069,95.5874835949,32.6649895188,2014,8,train,163,Veg_Meadow_497
BG512_D1,202607275121,198,19731,078,94.5589125946,33.6666110606,2011,4,train,123,Veg_Meadow_497
BG512_D1,202607275121,199,2624,010,95.5605341364,32.8221946935,2013,9,train,152,Veg_Coniferous
BG512_D1,202607275121,200,24299,096,94.9721376253,33.2399113006,2013,12,train,155,Veg_Meadow_497
BG512_D1,202607275121,201,11384,045,94.5364547125,33.5498300737,2008,9,train,92,Veg_Meadow_497
BG512_D1,202607275121,202,7709,030,94.4600979134,33.275843912,2017,6,train,197,Veg_Meadow_497
BG512_D1,202607275121,203,23532,093,93.9839908128,33.0961808552,2013,1,train,144,Veg_Meadow_497
BG512_D1,202607275121,204,49182,195,93.6471225812,33.6486447549,2008,7,train,90,Veg_Meadow_504
BG512_D1,202607275121,205,4113,016,95.7626550754,32.6919389773,2011,10,train,129,Veg_Shrub
BG512_D1,202607275121,206,24955,099,94.4780642191,32.9165177983,2005,8,train,55,Veg_Meadow_497
BG512_D1,202607275121,207,57815,229,94.7834914157,32.934484104,2013,12,train,155,Veg_Sparse
BG512_D1,202607275121,208,48725,193,94.1546707168,33.4959311566,2012,6,train,137,Veg_Meadow_504
BG512_D1,202607275121,209,9603,038,95.0260365424,32.8446525756,2007,4,train,75,Veg_Meadow_497
BG512_D1,202607275121,210,60863,241,94.1367044111,33.3207596762,2015,12,train,179,Veg_Sparse
BG512_D1,202607275121,211,2619,010,95.5605341364,32.8221946935,2013,4,train,147,Veg_Coniferous
BG512_D1,202607275121,212,50297,199,93.5932236642,33.4599985452,2017,6,train,197,Veg_Meadow_504
BG512_D1,202607275121,213,7137,028,95.0395112716,33.1231303137,2011,10,train,129,Veg_Shrub
BG512_D1,202607275121,214,58033,230,94.680185158,33.0782145495,2011,2,train,121,Veg_Sparse
BG512_D1,202607275121,215,45165,179,95.9737591671,32.7638042,2009,10,train,105,Veg_Meadow_499
BG512_D1,202607275121,216,16723,066,95.865961333,32.8446525756,2012,8,train,139,Veg_Meadow_497
BG512_D1,202607275121,217,58218,231,94.2400106688,33.3162680998,2005,7,train,54,Veg_Sparse
BG512_D1,202607275121,218,11687,046,94.5409462889,33.0782145495,2012,12,train,143,Veg_Meadow_497
BG512_D1,202607275121,219,38616,153,94.2310275159,33.2174534185,2010,1,train,108,Veg_Meadow_497
BG512_D1,202607275121,220,39666,157,95.0844270358,32.9165177983,2013,7,train,150,Veg_Meadow_497
BG512_D1,202607275121,221,37672,149,95.6144330535,32.7233800123,2015,5,train,172,Veg_Meadow_497
BG512_D1,202607275121,222,23235,092,94.33882535,33.2668607592,2009,4,train,99,Veg_Meadow_497
BG512_D1,202607275121,223,31608,125,93.6605973105,33.2174534185,2014,1,train,156,Veg_Meadow_497
BG512_D1,202607275121,224,24812,098,95.8030792631,32.9075346455,2014,9,train,164,Veg_Meadow_497
BG512_D1,202607275121,225,21734,086,93.8178024852,33.4375406631,2010,3,train,110,Veg_Meadow_497
BG512_D1,202607275121,226,21946,087,94.3837411142,33.6351700256,2006,11,train,70,Veg_Meadow_497
BG512_D1,202607275121,227,36854,146,94.253485398,33.2174534185,2010,3,train,110,Veg_Meadow_497
BG512_D1,202607275121,228,26483,105,95.0125618131,32.880585187,2006,12,train,71,Veg_Meadow_497
BG512_D1,202607275121,229,51481,204,93.6066983935,33.1725376543,2011,2,train,121,Veg_Meadow_504
BG512_D1,202607275121,230,50436,200,93.8941592844,33.5992374143,2008,1,train,84,Veg_Meadow_504
BG512_D1,202607275121,231,876,003,95.6997730055,32.6829558245,2015,1,train,168,Veg_Coniferous
BG512_D1,202607275121,232,5702,022,95.9737591671,32.7323631651,2018,3,train,206,Veg_Shrub
BG512_D1,202607275121,233,49271,195,93.6471225812,33.6486447549,2015,12,train,179,Veg_Meadow_504
BG512_D1,202607275121,234,4132,016,95.7626550754,32.6919389773,2013,5,train,148,Veg_Shrub
BG512_D1,202607275121,235,33128,131,94.6756935816,32.9030430691,2014,9,train,164,Veg_Meadow_497
BG512_D1,202607275121,236,13369,053,95.8749444859,32.6829558245,2006,2,train,61,Veg_Meadow_497
BG512_D1,202607275121,237,50754,201,94.3118758915,32.9389756805,2013,7,train,150,Veg_Meadow_504
BG512_D1,202607275121,238,56803,225,94.819424027,32.965925139,2013,8,train,151,Veg_Sparse
BG512_D1,202607275121,239,18272,072,95.1652754114,33.0871977023,2015,9,train,176,Veg_Meadow_497
BG512_D1,202607275121,240,329,001,95.6279077827,32.7997368114,2011,6,train,125,Veg_Coniferous
BG512_D1,202607275121,241,2570,010,95.5605341364,32.8221946935,2009,3,train,98,Veg_Coniferous
BG512_D1,202607275121,242,33655,133,93.5977152406,33.4330490867,2016,8,train,187,Veg_Meadow_497
BG512_D1,202607275121,243,1317,005,95.6907898526,32.6919389773,2009,10,train,105,Veg_Coniferous
BG512_D1,202607275121,244,26012,103,95.1203596472,32.9255009512,2009,9,train,104,Veg_Meadow_497
BG512_D1,202607275121,245,43861,174,95.9647760143,32.6649895188,2006,2,train,61,Veg_Meadow_499
BG512_D1,202607275121,246,4441,017,95.865961333,32.5931242961,2018,2,train,205,Veg_Shrub
BG512_D1,202607275121,247,15461,061,94.4870473719,33.4824564273,2012,6,train,137,Veg_Meadow_497
BG512_D1,202607275121,248,3044,012,95.5740088657,32.8177031171,2006,9,train,68,Veg_Coniferous
BG512_D1,202607275121,249,9204,036,94.6667104287,33.019824056,2016,1,train,180,Veg_Meadow_497
BG512_D1,202607275121,250,47932,190,93.7459372625,33.6980520955,2009,5,train,100,Veg_Meadow_504
BG512_D1,202607275121,251,12708,050,94.509505254,33.4195743575,2014,1,train,156,Veg_Meadow_497
BG512_D1,202607275121,252,9410,037,94.3028927387,32.9165177983,2012,3,train,134,Veg_Meadow_497
BG512_D1,202607275121,253,59496,236,94.8463734855,32.8266862699,2007,1,train,72,Veg_Sparse
BG512_D1,202607275121,254,546,002,95.6234162063,32.7503294708,2008,7,train,90,Veg_Coniferous
BG512_D1,202607275121,255,54270,215,95.8030792631,32.8671104577,2012,7,train,138,Veg_Sparse
BG512_D1,202607275121,256,28035,111,93.9480582014,33.3117765234,2010,4,train,111,Veg_Meadow_497
BG512_D1,202607275121,257,18261,072,95.1652754114,33.0871977023,2014,10,train,165,Veg_Meadow_497
BG512_D1,202607275121,258,40427,160,95.214682752,33.0108409032,2013,12,train,155,Veg_Meadow_497
BG512_D1,202607275121,259,48977,194,94.3343337736,33.1141471609,2012,6,train,137,Veg_Meadow_504
BG512_D1,202607275121,260,37653,149,95.6144330535,32.7233800123,2013,10,train,153,Veg_Meadow_497
BG512_D1,202607275121,261,43624,173,96.0231665077,32.7054137066,2007,5,train,76,Veg_Meadow_499
BG512_D1,202607275121,262,39644,157,95.0844270358,32.9165177983,2011,9,train,128,Veg_Meadow_497
BG512_D1,202607275121,263,4380,017,95.865961333,32.5931242961,2013,1,train,144,Veg_Shrub
BG512_D1,202607275121,264,34799,138,94.5813704767,32.9299925276,2006,12,train,71,Veg_Meadow_497
BG512_D1,202607275121,265,33535,133,93.5977152406,33.4330490867,2006,8,train,67,Veg_Meadow_497
BG512_D1,202607275121,266,47194,187,93.5932236642,33.6306784492,2010,11,train,118,Veg_Meadow_504
BG512_D1,202607275121,267,50535,200,93.8941592844,33.5992374143,2016,4,train,183,Veg_Meadow_504
BG512_D1,202607275121,268,26495,105,95.0125618131,32.880585187,2007,12,train,83,Veg_Meadow_497
BG512_D1,202607275121,269,14479,057,95.021544966,33.0018577503,2014,8,train,163,Veg_Meadow_497
BG512_D1,202607275121,270,40691,161,94.6442525466,33.2444028771,2014,12,train,167,Veg_Meadow_497
BG512_D1,202607275121,271,19718,078,94.5589125946,33.6666110606,2010,3,train,110,Veg_Meadow_497
BG512_D1,202607275121,272,45682,181,95.6593488177,32.7997368114,2010,11,train,118,Veg_Meadow_499
BG512_D1,202607275121,273,5069,020,95.2640900927,33.0647398202,2007,6,train,77,Veg_Shrub
BG512_D1,202607275121,274,33136,131,94.6756935816,32.9030430691,2015,5,train,172,Veg_Meadow_497
BG512_D1,202607275121,275,16042,063,94.2714517037,33.4779648509,2018,11,train,214,Veg_Meadow_497
BG512_D1,202607275121,276,16660,066,95.865961333,32.8446525756,2007,5,train,76,Veg_Meadow_497
BG512_D1,202607275121,277,30529,121,95.2640900927,32.8042283878,2008,2,train,85,Veg_Meadow_497
BG512_D1,202607275121,278,59386,235,94.1591622932,33.3432175583,2018,11,train,214,Veg_Sparse
BG512_D1,202607275121,279,46488,184,95.0125618131,33.0647398202,2015,1,train,168,Veg_Meadow_499
BG512_D1,202607275121,280,52531,208,93.7100046511,33.6306784492,2014,8,train,163,Veg_Meadow_504
BG512_D1,202607275121,281,23257,092,94.33882535,33.2668607592,2011,2,train,121,Veg_Meadow_497
BG512_D1,202607275121,282,45403,180,95.7581634989,32.7278715887,2008,8,train,91,Veg_Meadow_499
BG512_D1,202607275121,283,44451,176,95.9737591671,32.8177031171,2013,4,train,147,Veg_Meadow_499
BG512_D1,202607275121,284,6187,024,95.2865479748,33.0602482438,2016,8,train,187,Veg_Shrub
BG512_D1,202607275121,285,7943,031,94.0199234242,33.051265091,2015,12,train,179,Veg_Meadow_497
BG512_D1,202607275121,286,29779,118,95.5785004421,32.795245235,2008,8,train,91,Veg_Meadow_497
BG512_D1,202607275121,287,30799,122,94.1456875639,33.0602482438,2009,8,train,103,Veg_Meadow_497
BG512_D1,202607275121,288,58978,234,94.4600979134,33.0782145495,2005,11,train,58,Veg_Sparse
BG512_D1,202607275121,289,26623,105,95.0125618131,32.880585187,2018,8,train,211,Veg_Meadow_497
BG512_D1,202607275121,290,41458,164,93.6965299219,33.2668607592,2015,11,train,178,Veg_Meadow_497
BG512_D1,202607275121,291,15412,061,94.4870473719,33.4824564273,2008,5,train,88,Veg_Meadow_497
BG512_D1,202607275121,292,12623,050,94.509505254,33.4195743575,2006,12,train,71,Veg_Meadow_497
BG512_D1,202607275121,293,17162,068,95.2281574813,33.0243156324,2007,3,train,74,Veg_Meadow_497
BG512_D1,202607275121,294,11344,045,94.5364547125,33.5498300737,2005,5,train,52,Veg_Meadow_497
BG512_D1,202607275121,295,11393,045,94.5364547125,33.5498300737,2009,6,train,101,Veg_Meadow_497
BG512_D1,202607275121,296,40632,161,94.6442525466,33.2444028771,2010,1,train,108,Veg_Meadow_497
BG512_D1,202607275121,297,48545,192,93.6561057341,33.5138974623,2018,6,train,209,Veg_Meadow_504
BG512_D1,202607275121,298,5438,021,95.7896045339,32.656006366,2017,3,train,194,Veg_Shrub
BG512_D1,202607275121,299,61784,245,94.1456875639,33.3522007111,2008,9,train,92,Veg_Sparse
BG512_D1,202607275121,300,514,002,95.6234162063,32.7503294708,2005,11,train,58,Veg_Coniferous
BG512_D1,202607275121,301,57269,227,93.9705160835,33.3162680998,2010,6,train,113,Veg_Sparse
BG512_D1,202607275121,302,30281,120,93.7594119918,33.0243156324,2008,6,train,89,Veg_Meadow_497
BG512_D1,202607275121,303,32405,128,94.5858620532,33.446523816,2017,6,train,197,Veg_Meadow_497
BG512_D1,202607275121,304,40348,160,95.214682752,33.0108409032,2007,5,train,76,Veg_Meadow_497
BG512_D1,202607275121,305,1651,006,95.6368909356,32.7503294708,2016,8,train,187,Veg_Coniferous
BG512_D1,202607275121,306,4607,018,95.7671466518,32.6470232131,2010,12,train,119,Veg_Shrub
BG512_D1,202607275121,307,59877,237,94.1277212583,33.3342344055,2017,10,train,201,Veg_Sparse
BG512_D1,202607275121,308,4171,016,95.7626550754,32.6919389773,2016,8,train,187,Veg_Shrub
BG512_D1,202607275121,309,35645,141,94.5454378654,33.5049143094,2014,6,train,161,Veg_Meadow_497
BG512_D1,202607275121,310,24259,096,94.9721376253,33.2399113006,2010,8,train,115,Veg_Meadow_497
BG512_D1,202607275121,311,25741,102,95.0664607302,33.2938102177,2008,2,train,85,Veg_Meadow_497
BG512_D1,202607275121,312,7976,031,94.0199234242,33.051265091,2018,9,train,212,Veg_Meadow_497
BG512_D1,202607275121,313,45016,178,95.7716382282,32.7862620822,2018,5,train,208,Veg_Meadow_499
BG512_D1,202607275121,314,46991,186,93.633647852,33.5094058859,2014,12,train,167,Veg_Meadow_504
BG512_D1,202607275121,315,57073,226,95.8704529094,32.7548210472,2015,2,train,169,Veg_Sparse
BG512_D1,202607275121,316,7428,029,95.9782507435,32.795245235,2015,1,train,168,Veg_Shrub
BG512_D1,202607275121,317,45405,180,95.7581634989,32.7278715887,2008,10,train,93,Veg_Meadow_499
BG512_D1,202607275121,318,20788,082,94.9137471319,32.9883830211,2015,5,train,172,Veg_Meadow_497
BG512_D1,202607275121,319,18296,072,95.1652754114,33.0871977023,2017,9,train,200,Veg_Meadow_497
BG512_D1,202607275121,320,11174,044,94.6532356995,33.2488944535,2012,3,train,134,Veg_Meadow_497
BG512_D1,202607275121,321,2534,010,95.5605341364,32.8221946935,2006,3,train,62,Veg_Coniferous
BG512_D1,202607275121,322,5681,022,95.9737591671,32.7323631651,2016,6,train,185,Veg_Shrub
BG512_D1,202607275121,323,35937,142,94.9092555554,32.8671104577,2017,10,train,201,Veg_Meadow_497
BG512_D1,202607275121,324,22961,091,94.5454378654,33.3566922876,2007,6,train,77,Veg_Meadow_497
BG512_D1,202607275121,325,51827,205,94.0872970705,33.671102637,2018,12,train,215,Veg_Meadow_504
BG512_D1,202607275121,326,30128,119,94.2175527867,33.2039786893,2016,9,train,188,Veg_Meadow_497
BG512_D1,202607275121,327,9157,036,94.6667104287,33.019824056,2012,2,train,133,Veg_Meadow_497
BG512_D1,202607275121,328,41358,164,93.6965299219,33.2668607592,2007,7,train,78,Veg_Meadow_497
BG512_D1,202607275121,329,4131,016,95.7626550754,32.6919389773,2013,4,train,147,Veg_Shrub
BG512_D1,202607275121,330,48655,193,94.1546707168,33.4959311566,2006,8,train,67,Veg_Meadow_504
BG512_D1,202607275121,331,58492,232,94.6756935816,32.9389756805,2007,5,train,76,Veg_Sparse
BG512_D1,202607275121,332,13222,052,94.3028927387,33.3432175583,2014,11,train,166,Veg_Meadow_497
BG512_D1,202607275121,333,49910,198,93.5348331707,33.5363553444,2006,3,train,62,Veg_Meadow_504
BG512_D1,202607275121,334,20967,083,94.4151821492,33.7294931305,2009,4,train,99,Veg_Meadow_497
BG512_D1,202607275121,335,16263,064,94.5364547125,33.3701670168,2016,4,train,183,Veg_Meadow_497
BG512_D1,202607275121,336,21943,087,94.3837411142,33.6351700256,2006,8,train,67,Veg_Meadow_497
BG512_D1,202607275121,337,29310,116,94.8733229441,32.849144152,2011,7,train,126,Veg_Meadow_497
BG512_D1,202607275121,338,41149,163,94.3792495378,33.7294931305,2011,2,train,121,Veg_Meadow_497
BG512_D1,202607275121,339,50472,200,93.8941592844,33.5992374143,2011,1,train,120,Veg_Meadow_504
BG512_D1,202607275121,340,27062,107,94.6846767344,33.3971164754,2013,3,train,146,Veg_Meadow_497
BG512_D1,202607275121,341,52274,207,94.0783139176,33.6216952964,2014,3,train,158,Veg_Meadow_504
BG512_D1,202607275121,342,56339,223,93.9525497779,33.3387259819,2016,12,train,191,Veg_Sparse
BG512_D1,202607275121,343,61241,243,95.4392615731,32.7548210472,2005,6,train,53,Veg_Sparse
BG512_D1,202607275121,344,50692,201,94.3118758915,32.9389756805,2008,5,train,88,Veg_Meadow_504
BG512_D1,202607275121,345,34661,137,94.0378897298,33.4510153924,2016,6,train,185,Veg_Meadow_497
BG512_D1,202607275121,346,52747,209,94.0962802233,33.5633048029,2011,8,train,127,Veg_Meadow_504
BG512_D1,202607275121,347,8575,034,94.3028927387,33.6890689427,2005,8,train,55,Veg_Meadow_497
BG512_D1,202607275121,348,46199,183,94.904763979,33.0557566674,2011,12,train,131,Veg_Meadow_499
BG512_D1,202607275121,349,51526,204,93.6066983935,33.1725376543,2014,11,train,166,Veg_Meadow_504
BG512_D1,202607275121,350,50555,200,93.8941592844,33.5992374143,2017,12,train,203,Veg_Meadow_504
BG512_D1,202607275121,351,18477,073,94.5544210182,33.7339847069,2011,10,train,129,Veg_Meadow_497
BG512_D1,202607275121,352,35829,142,94.9092555554,32.8671104577,2008,10,train,93,Veg_Meadow_497
BG512_D1,202607275121,353,12159,048,93.7234793804,33.5498300737,2010,4,train,111,Veg_Meadow_497
BG512_D1,202607275121,354,3112,012,95.5740088657,32.8177031171,2012,5,train,136,Veg_Coniferous
BG512_D1,202607275121,355,29879,118,95.5785004421,32.795245235,2016,12,train,191,Veg_Meadow_497
BG512_D1,202607275121,356,4124,016,95.7626550754,32.6919389773,2012,9,train,140,Veg_Shrub
BG512_D1,202607275121,357,16145,064,94.5364547125,33.3701670168,2006,6,train,65,Veg_Meadow_497
BG512_D1,202607275121,358,10463,041,94.6397609702,33.1231303137,2015,12,train,179,Veg_Meadow_497
BG512_D1,202607275121,359,61790,245,94.1456875639,33.3522007111,2009,3,train,98,Veg_Sparse
BG512_D1,202607275121,360,13174,052,94.3028927387,33.3432175583,2010,11,train,118,Veg_Meadow_497
BG512_D1,202607275121,361,5920,023,95.7896045339,32.6470232131,2015,5,train,172,Veg_Shrub
BG512_D1,202607275121,362,1899,007,95.695281429,32.7054137066,2016,4,train,183,Veg_Coniferous
BG512_D1,202607275121,363,46025,182,95.812062416,32.7143968594,2018,6,train,209,Veg_Meadow_499
BG512_D1,202607275121,364,5853,023,95.7896045339,32.6470232131,2009,10,train,105,Veg_Shrub
BG512_D1,202607275121,365,44658,177,95.951301285,32.7772789293,2009,7,train,102,Veg_Meadow_499
BG512_D1,202607275121,366,39224,155,95.2910395512,32.9299925276,2018,9,train,212,Veg_Meadow_497
BG512_D1,202607275121,367,8670,034,94.3028927387,33.6890689427,2013,7,train,150,Veg_Meadow_497
BG512_D1,202607275121,368,46956,186,93.633647852,33.5094058859,2012,1,train,132,Veg_Meadow_504
BG512_D1,202607275121,369,33618,133,93.5977152406,33.4330490867,2013,7,train,150,Veg_Meadow_497
BG512_D1,202607275121,370,34899,138,94.5813704767,32.9299925276,2015,4,train,171,Veg_Meadow_497
BG512_D1,202607275121,371,32550,129,93.633647852,33.5902542614,2008,7,train,90,Veg_Meadow_497
BG512_D1,202607275121,372,22282,088,94.8418819091,33.2354197242,2013,11,train,154,Veg_Meadow_497
BG512_D1,202607275121,373,52750,209,94.0962802233,33.5633048029,2011,11,train,130,Veg_Meadow_504
BG512_D1,202607275121,374,50262,199,93.5932236642,33.4599985452,2014,7,train,162,Veg_Meadow_504
BG512_D1,202607275121,375,33899,134,93.804327756,33.3926248989,2015,12,train,179,Veg_Meadow_497
BG512_D1,202607275121,376,13416,053,95.8749444859,32.6829558245,2010,1,train,108,Veg_Meadow_497
BG512_D1,202607275121,377,27875,110,94.114246529,33.5363553444,2017,12,train,203,Veg_Meadow_497
BG512_D1,202607275121,378,9944,039,94.6846767344,33.2893186413,2014,9,train,164,Veg_Meadow_497
BG512_D1,202607275121,379,21431,085,95.9917254728,32.8850767634,2005,12,train,59,Veg_Meadow_497
BG512_D1,202607275121,380,30066,119,94.2175527867,33.2039786893,2011,7,train,126,Veg_Meadow_497
BG512_D1,202607275121,381,38409,152,93.718987804,33.4689816981,2013,10,train,153,Veg_Meadow_497
BG512_D1,202607275121,382,906,003,95.6997730055,32.6829558245,2017,7,train,198,Veg_Coniferous
BG512_D1,202607275121,383,58003,230,94.680185158,33.0782145495,2008,8,train,91,Veg_Sparse
BG512_D1,202607275121,384,35626,141,94.5454378654,33.5049143094,2012,11,train,142,Veg_Meadow_497
BG512_D1,202607275121,385,36797,146,94.253485398,33.2174534185,2005,6,train,53,Veg_Meadow_497
BG512_D1,202607275121,386,21531,085,95.9917254728,32.8850767634,2014,4,train,159,Veg_Meadow_497
BG512_D1,202607275121,387,47711,189,94.2624685509,32.9165177983,2011,12,train,131,Veg_Meadow_504
BG512_D1,202607275121,388,42108,167,94.8373903327,33.0871977023,2007,1,train,72,Veg_Meadow_497
BG512_D1,202607275121,389,60120,238,94.4061989963,33.3387259819,2017,1,train,192,Veg_Sparse
BG512_D1,202607275121,390,22717,090,94.509505254,33.4914395802,2008,2,train,85,Veg_Meadow_497
BG512_D1,202607275121,391,37662,149,95.6144330535,32.7233800123,2014,7,train,162,Veg_Meadow_497
BG512_D1,202607275121,392,43761,173,96.0231665077,32.7054137066,2018,10,train,213,Veg_Meadow_499
BG512_D1,202607275121,393,29032,115,94.1187381054,33.275843912,2009,5,train,100,Veg_Meadow_497
BG512_D1,202607275121,394,29370,116,94.8733229441,32.849144152,2016,7,train,186,Veg_Meadow_497
BG512_D1,202607275121,395,21477,085,95.9917254728,32.8850767634,2009,10,train,105,Veg_Meadow_497
BG512_D1,202607275121,396,31042,123,94.594845206,33.7744088947,2008,11,train,94,Veg_Meadow_497
BG512_D1,202607275121,397,35182,139,94.8014577213,33.3387259819,2017,11,train,202,Veg_Meadow_497
BG512_D1,202607275121,398,44203,175,95.6458740884,32.7682957765,2013,8,train,151,Veg_Meadow_499
BG512_D1,202607275121,399,49048,194,94.3343337736,33.1141471609,2018,5,train,208,Veg_Meadow_504
BG512_D1,202607275121,400,6930,027,95.5246015251,32.7188884358,2015,7,train,174,Veg_Shrub
BG512_D1,202607275121,401,35368,140,94.5364547125,33.0692313966,2012,5,train,136,Veg_Meadow_497
BG512_D1,202607275121,402,21239,084,94.3298421972,33.6755942134,2010,12,train,119,Veg_Meadow_497
BG512_D1,202607275121,403,51220,203,94.2400106688,33.671102637,2010,5,train,112,Veg_Meadow_504
BG512_D1,202607275121,404,4390,017,95.865961333,32.5931242961,2013,11,train,154,Veg_Shrub
BG512_D1,202607275121,405,60856,241,94.1367044111,33.3207596762,2015,5,train,172,Veg_Sparse
BG512_D1,202607275121,406,9843,039,94.6846767344,33.2893186413,2006,4,train,63,Veg_Meadow_497
BG512_D1,202607275121,407,21038,083,94.4151821492,33.7294931305,2015,3,train,170,Veg_Meadow_497
BG512_D1,202607275121,408,23184,092,94.33882535,33.2668607592,2005,1,train,48,Veg_Meadow_497
BG512_D1,202607275121,409,33121,131,94.6756935816,32.9030430691,2014,2,train,157,Veg_Meadow_497
BG512_D1,202607275121,410,26964,107,94.6846767344,33.3971164754,2005,1,train,48,Veg_Meadow_497
BG512_D1,202607275121,411,20446,081,94.4196737256,33.6441531785,2007,11,train,82,Veg_Meadow_497
BG512_D1,202607275121,412,31317,124,95.2101911756,33.1635545015,2010,10,train,117,Veg_Meadow_497
BG512_D1,202607275121,413,45699,181,95.6593488177,32.7997368114,2012,4,train,135,Veg_Meadow_499
BG512_D1,202607275121,414,25596,101,93.772886721,33.4420322396,2017,1,train,192,Veg_Meadow_497
BG512_D1,202607275121,415,253,001,95.6279077827,32.7997368114,2005,2,train,49,Veg_Coniferous
BG512_D1,202607275121,416,35943,142,94.9092555554,32.8671104577,2018,4,train,207,Veg_Meadow_497
BG512_D1,202607275121,417,1163,004,95.6099414771,32.7997368114,2017,12,train,203,Veg_Coniferous
BG512_D1,202607275121,418,38093,151,94.8867976733,32.8940599162,2008,6,train,89,Veg_Meadow_497
BG512_D1,202607275121,419,46016,182,95.812062416,32.7143968594,2017,9,train,200,Veg_Meadow_499
BG512_D1,202607275121,420,18688,074,95.1068849179,32.9075346455,2008,5,train,88,Veg_Meadow_497
BG512_D1,202607275121,421,55814,221,95.4617194552,32.7143968594,2015,3,train,170,Veg_Sparse
BG512_D1,202607275121,422,12515,049,94.1367044111,33.5633048029,2018,12,train,215,Veg_Meadow_497
BG512_D1,202607275121,423,42972,170,94.5319631361,33.5049143094,2016,1,train,180,Veg_Meadow_497
BG512_D1,202607275121,424,17998,071,94.1546707168,33.1815208072,2013,11,train,154,Veg_Meadow_497
BG512_D1,202607275121,425,22689,090,94.509505254,33.4914395802,2005,10,train,57,Veg_Meadow_497
BG512_D1,202607275121,426,42394,168,93.7234793804,33.5543216501,2009,11,train,106,Veg_Meadow_497
BG512_D1,202607275121,427,8884,035,93.858226673,33.3162680998,2010,5,train,112,Veg_Meadow_497
BG512_D1,202607275121,428,22844,090,94.509505254,33.4914395802,2018,9,train,212,Veg_Meadow_497
BG512_D1,202607275121,429,56737,225,94.819424027,32.965925139,2008,2,train,85,Veg_Sparse
BG512_D1,202607275121,430,51783,205,94.0872970705,33.671102637,2015,4,train,171,Veg_Meadow_504
BG512_D1,202607275121,431,13753,054,94.9272218611,32.8401609992,2017,2,train,193,Veg_Meadow_497
BG512_D1,202607275121,432,43109,171,95.6279077827,32.8087199643,2006,6,train,65,Veg_Meadow_499
BG512_D1,202607275121,433,17993,071,94.1546707168,33.1815208072,2013,6,train,149,Veg_Meadow_497
BG512_D1,202607275121,434,15901,063,94.2714517037,33.4779648509,2007,2,train,73,Veg_Meadow_497
BG512_D1,202607275121,435,34347,136,94.1367044111,33.0647398202,2011,4,train,123,Veg_Meadow_497
BG512_D1,202607275121,436,57017,226,95.8704529094,32.7548210472,2010,6,train,113,Veg_Sparse
BG512_D1,202607275121,437,49500,196,94.3523000793,33.0961808552,2014,1,train,156,Veg_Meadow_504
BG512_D1,202607275121,438,36597,145,95.0844270358,33.1500797722,2009,10,train,105,Veg_Meadow_497
BG512_D1,202607275121,439,30633,121,95.2640900927,32.8042283878,2016,10,train,189,Veg_Meadow_497
BG512_D1,202607275121,440,22967,091,94.5454378654,33.3566922876,2007,12,train,83,Veg_Meadow_497
BG512_D1,202607275121,441,40224,159,95.1787501407,32.9434672569,2018,1,train,204,Veg_Meadow_497
BG512_D1,202607275121,442,34663,137,94.0378897298,33.4510153924,2016,8,train,187,Veg_Meadow_497
BG512_D1,202607275121,443,61401,243,95.4392615731,32.7548210472,2018,10,train,213,Veg_Sparse
BG512_D1,202607275121,444,60389,239,95.5829920185,32.6470232131,2018,6,train,209,Veg_Sparse
BG512_D1,202607275121,445,1386,005,95.6907898526,32.6919389773,2015,7,train,174,Veg_Coniferous
BG512_D1,202607275121,446,46874,186,93.633647852,33.5094058859,2005,3,train,50,Veg_Meadow_504
BG512_D1,202607275121,447,4450,017,95.865961333,32.5931242961,2018,11,train,214,Veg_Shrub
BG512_D1,202607275121,448,44916,178,95.7716382282,32.7862620822,2010,1,train,108,Veg_Meadow_499
BG512_D1,202607275121,449,53708,213,94.1546707168,33.1410966194,2007,9,train,80,Veg_Meadow_504
BG512_D1,202607275121,450,4038,016,95.7626550754,32.6919389773,2005,7,train,54,Veg_Shrub
BG512_D1,202607275121,451,51248,203,94.2400106688,33.671102637,2012,9,train,140,Veg_Meadow_504
BG512_D1,202607275121,452,6316,025,95.470702608,32.8221946935,2006,5,train,64,Veg_Shrub
BG512_D1,202607275121,453,21520,085,95.9917254728,32.8850767634,2013,5,train,148,Veg_Meadow_497
BG512_D1,202607275121,454,53083,210,93.5123752886,33.585762685,2018,8,train,211,Veg_Meadow_504
BG512_D1,202607275121,455,19210,076,95.385362656,32.7997368114,2009,11,train,106,Veg_Meadow_497
BG512_D1,202607275121,456,46215,183,94.904763979,33.0557566674,2013,4,train,147,Veg_Meadow_499
BG512_D1,202607275121,457,45152,179,95.9737591671,32.7638042,2008,9,train,92,Veg_Meadow_499
BG512_D1,202607275121,458,9153,036,94.6667104287,33.019824056,2011,10,train,129,Veg_Meadow_497
BG512_D1,202607275121,459,25600,101,93.772886721,33.4420322396,2017,5,train,196,Veg_Meadow_497
BG512_D1,202607275121,460,19761,078,94.5589125946,33.6666110606,2013,10,train,153,Veg_Meadow_497
BG512_D1,202607275121,461,16170,064,94.5364547125,33.3701670168,2008,7,train,90,Veg_Meadow_497
BG512_D1,202607275121,462,25521,101,93.772886721,33.4420322396,2010,10,train,117,Veg_Meadow_497
BG512_D1,202607275121,463,1785,007,95.695281429,32.7054137066,2006,10,train,69,Veg_Coniferous
BG512_D1,202607275121,464,29110,115,94.1187381054,33.275843912,2015,11,train,178,Veg_Meadow_497
BG512_D1,202607275121,465,52542,208,93.7100046511,33.6306784492,2015,7,train,174,Veg_Meadow_504
BG512_D1,202607275121,466,55245,219,95.3224805861,33.1500797722,2009,10,train,105,Veg_Sparse
BG512_D1,202607275121,467,37162,147,93.6246646991,33.5498300737,2014,11,train,166,Veg_Meadow_497
BG512_D1,202607275121,468,18755,074,95.1068849179,32.9075346455,2013,12,train,155,Veg_Meadow_497
BG512_D1,202607275121,469,21761,086,93.8178024852,33.4375406631,2012,6,train,137,Veg_Meadow_497
BG512_D1,202607275121,470,35798,142,94.9092555554,32.8671104577,2006,3,train,62,Veg_Meadow_497
BG512_D1,202607275121,471,39469,156,95.2775648219,32.8266862699,2018,2,train,205,Veg_Meadow_497
BG512_D1,202607275121,472,21455,085,95.9917254728,32.8850767634,2007,12,train,83,Veg_Meadow_497
BG512_D1,202607275121,473,55327,219,95.3224805861,33.1500797722,2016,8,train,187,Veg_Sparse
BG512_D1,202607275121,474,38857,154,95.0709523066,33.2803354884,2009,2,train,97,Veg_Meadow_497
BG512_D1,202607275121,475,55023,218,94.9541713196,33.2668607592,2012,4,train,135,Veg_Sparse
BG512_D1,202607275121,476,31337,124,95.2101911756,33.1635545015,2012,6,train,137,Veg_Meadow_497
BG512_D1,202607275121,477,45458,180,95.7581634989,32.7278715887,2013,3,train,146,Veg_Meadow_499
BG512_D1,202607275121,478,44002,174,95.9647760143,32.6649895188,2017,11,train,202,Veg_Meadow_499
BG512_D1,202607275121,479,17990,071,94.1546707168,33.1815208072,2013,3,train,146,Veg_Meadow_497
BG512_D1,202607275121,480,2929,011,95.5695172893,32.8446525756,2018,2,train,205,Veg_Coniferous
BG512_D1,202607275121,481,30049,119,94.2175527867,33.2039786893,2010,2,train,109,Veg_Meadow_497
BG512_D1,202607275121,482,14623,058,95.1697669878,32.8716020341,2005,8,train,55,Veg_Meadow_497
BG512_D1,202607275121,483,39706,157,95.0844270358,32.9165177983,2016,11,train,190,Veg_Meadow_497
BG512_D1,202607275121,484,54598,216,94.2265359395,33.2938102177,2018,11,train,214,Veg_Sparse
BG512_D1,202607275121,485,17192,068,95.2281574813,33.0243156324,2009,9,train,104,Veg_Meadow_497
BG512_D1,202607275121,486,923,003,95.6997730055,32.6829558245,2018,12,train,215,Veg_Coniferous
BG512_D1,202607275121,487,28026,111,93.9480582014,33.3117765234,2009,7,train,102,Veg_Meadow_497
BG512_D1,202607275121,488,17202,068,95.2281574813,33.0243156324,2010,7,train,114,Veg_Meadow_497
BG512_D1,202607275121,489,21012,083,94.4151821492,33.7294931305,2013,1,train,144,Veg_Meadow_497
BG512_D1,202607275121,490,14238,056,95.0440028481,33.1141471609,2015,7,train,174,Veg_Meadow_497
BG512_D1,202607275121,491,36388,144,94.5274715597,32.934484104,2013,5,train,148,Veg_Meadow_497
BG512_D1,202607275121,492,36554,145,95.0844270358,33.1500797722,2006,3,train,62,Veg_Meadow_497
BG512_D1,202607275121,493,61311,243,95.4392615731,32.7548210472,2011,4,train,123,Veg_Sparse
BG512_D1,202607275121,494,3829,015,95.8435034509,32.6425316367,2009,2,train,97,Veg_Shrub
BG512_D1,202607275121,495,1044,004,95.6099414771,32.7997368114,2008,1,train,84,Veg_Coniferous
BG512_D1,202607275121,496,4935,019,95.3584131975,32.8311778464,2017,4,train,195,Veg_Shrub
BG512_D1,202607275121,497,61525,244,95.5380762543,32.656006366,2008,2,train,85,Veg_Sparse
BG512_D1,202607275121,498,30574,121,95.2640900927,32.8042283878,2011,11,train,130,Veg_Meadow_497
BG512_D1,202607275121,499,30014,119,94.2175527867,33.2039786893,2007,3,train,74,Veg_Meadow_497
BG512_D1,202607275121,500,11499,045,94.5364547125,33.5498300737,2018,4,train,207,Veg_Meadow_497
BG512_D1,202607275121,501,3664,014,95.7177393111,32.6964305537,2016,5,train,184,Veg_Coniferous
BG512_D1,202607275121,502,539,002,95.6234162063,32.7503294708,2007,12,train,83,Veg_Coniferous
BG512_D1,202607275121,503,26724,106,93.6111899699,33.0782145495,2006,1,train,60,Veg_Meadow_497
BG512_D1,202607275121,504,26723,106,93.6111899699,33.0782145495,2005,12,train,59,Veg_Meadow_497
BG512_D1,202607275121,505,2679,010,95.5605341364,32.8221946935,2018,4,train,207,Veg_Coniferous
BG512_D1,202607275121,506,9427,037,94.3028927387,32.9165177983,2013,8,train,151,Veg_Meadow_497
BG512_D1,202607275121,507,23601,093,93.9839908128,33.0961808552,2018,10,train,213,Veg_Meadow_497
BG512_D1,202607275121,508,11913,047,94.9182387083,32.8985514927,2010,10,train,117,Veg_Meadow_497
BG512_D1,202607275121,509,48740,193,94.1546707168,33.4959311566,2013,9,train,152,Veg_Meadow_504
BG512_D1,202607275121,510,41230,163,94.3792495378,33.7294931305,2017,11,train,202,Veg_Meadow_497
BG512_D1,202607275121,511,11220,044,94.6532356995,33.2488944535,2016,1,train,180,Veg_Meadow_497
BG512_D2,202607275122,0,60554,240,93.7100046511,33.2803354884,2011,3,train,122,Veg_Sparse
BG512_D2,202607275122,1,16425,065,93.6426310048,33.1770292307,2008,10,train,93,Veg_Meadow_497
BG512_D2,202607275122,2,47202,187,93.5932236642,33.6306784492,2011,7,train,126,Veg_Meadow_504
BG512_D2,202607275122,3,34024,135,93.9884823892,33.4016080518,2005,5,train,52,Veg_Meadow_497
BG512_D2,202607275122,4,112,000,95.5785004421,32.8536357285,2014,5,train,160,Veg_Coniferous
BG512_D2,202607275122,5,9372,037,94.3028927387,32.9165177983,2009,1,train,96,Veg_Meadow_497
BG512_D2,202607275122,6,4407,017,95.865961333,32.5931242961,2015,4,train,171,Veg_Shrub
BG512_D2,202607275122,7,35854,142,94.9092555554,32.8671104577,2010,11,train,118,Veg_Meadow_497
BG512_D2,202607275122,8,53743,213,94.1546707168,33.1410966194,2010,8,train,115,Veg_Meadow_504
BG512_D2,202607275122,9,58312,231,94.2400106688,33.3162680998,2013,5,train,148,Veg_Sparse
BG512_D2,202607275122,10,31888,126,94.4870473719,33.7250015541,2016,5,train,184,Veg_Meadow_497
BG512_D2,202607275122,11,15995,063,94.2714517037,33.4779648509,2014,12,train,167,Veg_Meadow_497
BG512_D2,202607275122,12,9429,037,94.3028927387,32.9165177983,2013,10,train,153,Veg_Meadow_497
BG512_D2,202607275122,13,53008,210,93.5123752886,33.585762685,2012,5,train,136,Veg_Meadow_504
BG512_D2,202607275122,14,16138,064,94.5364547125,33.3701670168,2005,11,train,58,Veg_Meadow_497
BG512_D2,202607275122,15,46668,185,94.9586628961,33.051265091,2009,1,train,96,Veg_Meadow_499
BG512_D2,202607275122,16,13011,051,94.6083199353,32.9389756805,2018,4,train,207,Veg_Meadow_497
BG512_D2,202607275122,17,29353,116,94.8733229441,32.849144152,2015,2,train,169,Veg_Meadow_497
BG512_D2,202607275122,18,35588,141,94.5454378654,33.5049143094,2009,9,train,104,Veg_Meadow_497
BG512_D2,202607275122,19,17046,067,95.2236659049,32.9973661739,2018,7,train,210,Veg_Meadow_497
BG512_D2,202607275122,20,45192,179,95.9737591671,32.7638042,2012,1,train,132,Veg_Meadow_499
BG512_D2,202607275122,21,60288,239,95.5829920185,32.6470232131,2010,1,train,108,Veg_Sparse
BG512_D2,202607275122,22,9723,038,95.0260365424,32.8446525756,2017,4,train,195,Veg_Meadow_497
BG512_D2,202607275122,23,36388,144,94.5274715597,32.934484104,2013,5,train,148,Veg_Meadow_497
BG512_D2,202607275122,24,0,000,95.5785004421,32.8536357285,2005,1,train,48,Veg_Coniferous
BG512_D2,202607275122,25,21265,084,94.3298421972,33.6755942134,2013,2,train,145,Veg_Meadow_497
BG512_D2,202607275122,26,20917,083,94.4151821492,33.7294931305,2005,2,train,49,Veg_Meadow_497
BG512_D2,202607275122,27,18713,074,95.1068849179,32.9075346455,2010,6,train,113,Veg_Meadow_497
BG512_D2,202607275122,28,50653,201,94.3118758915,32.9389756805,2005,2,train,49,Veg_Meadow_504
BG512_D2,202607275122,29,21486,085,95.9917254728,32.8850767634,2010,7,train,114,Veg_Meadow_497
BG512_D2,202607275122,30,61753,245,94.1456875639,33.3522007111,2006,2,train,61,Veg_Sparse
BG512_D2,202607275122,31,53838,213,94.1546707168,33.1410966194,2018,7,train,210,Veg_Meadow_504
BG512_D2,202607275122,32,7878,031,94.0199234242,33.051265091,2010,7,train,114,Veg_Meadow_497
BG512_D2,202607275122,33,6572,026,95.9737591671,32.7997368114,2006,9,train,68,Veg_Shrub
BG512_D2,202607275122,34,34340,136,94.1367044111,33.0647398202,2010,9,train,116,Veg_Meadow_497
BG512_D2,202607275122,35,38882,154,95.0709523066,33.2803354884,2011,3,train,122,Veg_Meadow_497
BG512_D2,202607275122,36,14932,059,94.9406965904,32.8311778464,2010,5,train,112,Veg_Meadow_497
BG512_D2,202607275122,37,31797,126,94.4870473719,33.7250015541,2008,10,train,93,Veg_Meadow_497
BG512_D2,202607275122,38,59833,237,94.1277212583,33.3342344055,2014,2,train,157,Veg_Sparse
BG512_D2,202607275122,39,17941,071,94.1546707168,33.1815208072,2009,2,train,97,Veg_Meadow_497
BG512_D2,202607275122,40,42919,170,94.5319631361,33.5049143094,2011,8,train,127,Veg_Meadow_497
BG512_D2,202607275122,41,1883,007,95.695281429,32.7054137066,2014,12,train,167,Veg_Coniferous
BG512_D2,202607275122,42,9592,038,95.0260365424,32.8446525756,2006,5,train,64,Veg_Meadow_497
BG512_D2,202607275122,43,14925,059,94.9406965904,32.8311778464,2009,10,train,105,Veg_Meadow_497
BG512_D2,202607275122,44,29855,118,95.5785004421,32.795245235,2014,12,train,167,Veg_Meadow_497
BG512_D2,202607275122,45,17301,068,95.2281574813,33.0243156324,2018,10,train,213,Veg_Meadow_497
BG512_D2,202607275122,46,31917,126,94.4870473719,33.7250015541,2018,10,train,213,Veg_Meadow_497
BG512_D2,202607275122,47,16131,064,94.5364547125,33.3701670168,2005,4,train,51,Veg_Meadow_497
BG512_D2,202607275122,48,3107,012,95.5740088657,32.8177031171,2011,12,train,131,Veg_Coniferous
BG512_D2,202607275122,49,15534,061,94.4870473719,33.4824564273,2018,7,train,210,Veg_Meadow_497
BG512_D2,202607275122,50,24235,096,94.9721376253,33.2399113006,2008,8,train,91,Veg_Meadow_497
BG512_D2,202607275122,51,51761,205,94.0872970705,33.671102637,2013,6,train,149,Veg_Meadow_504
BG512_D2,202607275122,52,42664,169,94.3433169264,33.2623691827,2011,5,train,124,Veg_Meadow_497
BG512_D2,202607275122,53,38351,152,93.718987804,33.4689816981,2008,12,train,95,Veg_Meadow_497
BG512_D2,202607275122,54,24591,097,94.7116261929,33.6441531785,2017,4,train,195,Veg_Meadow_497
BG512_D2,202607275122,55,109,000,95.5785004421,32.8536357285,2014,2,train,157,Veg_Coniferous
BG512_D2,202607275122,56,29321,116,94.8733229441,32.849144152,2012,6,train,137,Veg_Meadow_497
BG512_D2,202607275122,57,35916,142,94.9092555554,32.8671104577,2016,1,train,180,Veg_Meadow_497
BG512_D2,202607275122,58,51410,204,93.6066983935,33.1725376543,2005,3,train,50,Veg_Meadow_504
BG512_D2,202607275122,59,25556,101,93.772886721,33.4420322396,2013,9,train,152,Veg_Meadow_497
BG512_D2,202607275122,60,28483,113,93.772886721,33.105164008,2005,8,train,55,Veg_Meadow_497
BG512_D2,202607275122,61,37335,148,94.7789998392,32.8895683398,2008,4,train,87,Veg_Meadow_497
BG512_D2,202607275122,62,32675,129,93.633647852,33.5902542614,2018,12,train,215,Veg_Meadow_497
BG512_D2,202607275122,63,44164,175,95.6458740884,32.7682957765,2010,5,train,112,Veg_Meadow_499
BG512_D2,202607275122,64,5552,022,95.9737591671,32.7323631651,2005,9,train,56,Veg_Shrub
BG512_D2,202607275122,65,15120,060,94.6577272759,33.5677963793,2005,1,train,48,Veg_Meadow_497
BG512_D2,202607275122,66,31094,123,94.594845206,33.7744088947,2013,3,train,146,Veg_Meadow_497
BG512_D2,202607275122,67,47644,189,94.2624685509,32.9165177983,2006,5,train,64,Veg_Meadow_504
BG512_D2,202607275122,68,22740,090,94.509505254,33.4914395802,2010,1,train,108,Veg_Meadow_497
BG512_D2,202607275122,69,12978,051,94.6083199353,32.9389756805,2015,7,train,174,Veg_Meadow_497
BG512_D2,202607275122,70,8974,035,93.858226673,33.3162680998,2017,11,train,202,Veg_Meadow_497
BG512_D2,202607275122,71,4341,017,95.865961333,32.5931242961,2009,10,train,105,Veg_Shrub
BG512_D2,202607275122,72,14994,059,94.9406965904,32.8311778464,2015,7,train,174,Veg_Meadow_497
BG512_D2,202607275122,73,31595,125,93.6605973105,33.2174534185,2012,12,train,143,Veg_Meadow_497
BG512_D2,202607275122,74,14120,056,95.0440028481,33.1141471609,2005,9,train,56,Veg_Meadow_497
BG512_D2,202607275122,75,6066,024,95.2865479748,33.0602482438,2006,7,train,66,Veg_Shrub
BG512_D2,202607275122,76,60064,238,94.4061989963,33.3387259819,2012,5,train,136,Veg_Sparse
BG512_D2,202607275122,77,42745,169,94.3433169264,33.2623691827,2018,2,train,205,Veg_Meadow_497
BG512_D2,202607275122,78,52786,209,94.0962802233,33.5633048029,2014,11,train,166,Veg_Meadow_504
BG512_D2,202607275122,79,37949,150,94.1097549526,33.4330490867,2017,6,train,197,Veg_Meadow_497
BG512_D2,202607275122,80,24722,098,95.8030792631,32.9075346455,2007,3,train,74,Veg_Meadow_497
BG512_D2,202607275122,81,46900,186,93.633647852,33.5094058859,2007,5,train,76,Veg_Meadow_504
BG512_D2,202607275122,82,23689,094,94.8643397912,33.3027933705,2005,2,train,49,Veg_Meadow_497
BG512_D2,202607275122,83,9389,037,94.3028927387,32.9165177983,2010,6,train,113,Veg_Meadow_497
BG512_D2,202607275122,84,22680,090,94.509505254,33.4914395802,2005,1,train,48,Veg_Meadow_497
BG512_D2,202607275122,85,56500,224,94.0917886469,33.051265091,2009,5,train,100,Veg_Sparse
BG512_D2,202607275122,86,26982,107,94.6846767344,33.3971164754,2006,7,train,66,Veg_Meadow_497
BG512_D2,202607275122,87,49556,196,94.3523000793,33.0961808552,2018,9,train,212,Veg_Meadow_504
BG512_D2,202607275122,88,42146,167,94.8373903327,33.0871977023,2010,3,train,110,Veg_Meadow_497
BG512_D2,202607275122,89,8182,032,94.76552511,33.105164008,2014,11,train,166,Veg_Meadow_497
BG512_D2,202607275122,90,9428,037,94.3028927387,32.9165177983,2013,9,train,152,Veg_Meadow_497
BG512_D2,202607275122,91,25560,101,93.772886721,33.4420322396,2014,1,train,156,Veg_Meadow_497
BG512_D2,202607275122,92,10956,043,94.9406965904,32.9165177983,2015,1,train,168,Veg_Meadow_497
BG512_D2,202607275122,93,60244,239,95.5829920185,32.6470232131,2006,5,train,64,Veg_Sparse
BG512_D2,202607275122,94,2355,009,95.7491803461,32.6919389773,2012,4,train,135,Veg_Coniferous
BG512_D2,202607275122,95,61567,244,95.5380762543,32.656006366,2011,8,train,127,Veg_Sparse
BG512_D2,202607275122,96,30141,119,94.2175527867,33.2039786893,2017,10,train,201,Veg_Meadow_497
BG512_D2,202607275122,97,52059,206,93.9031424372,33.4375406631,2017,4,train,195,Veg_Meadow_504
BG512_D2,202607275122,98,9832,039,94.6846767344,33.2893186413,2005,5,train,52,Veg_Meadow_497
BG512_D2,202607275122,99,56611,224,94.0917886469,33.051265091,2018,8,train,211,Veg_Sparse
BG512_D2,202607275122,100,5593,022,95.9737591671,32.7323631651,2009,2,train,97,Veg_Shrub
BG512_D2,202607275122,101,51176,203,94.2400106688,33.671102637,2006,9,train,68,Veg_Meadow_504
BG512_D2,202607275122,102,12418,049,94.1367044111,33.5633048029,2010,11,train,118,Veg_Meadow_497
BG512_D2,202607275122,103,18777,074,95.1068849179,32.9075346455,2015,10,train,177,Veg_Meadow_497
BG512_D2,202607275122,104,7366,029,95.9782507435,32.795245235,2009,11,train,106,Veg_Shrub
BG512_D2,202607275122,105,53324,211,93.8447519438,33.1770292307,2017,9,train,200,Veg_Meadow_504
BG512_D2,202607275122,106,1273,005,95.6907898526,32.6919389773,2006,2,train,61,Veg_Coniferous
BG512_D2,202607275122,107,7688,030,94.4600979134,33.275843912,2015,9,train,176,Veg_Meadow_497
BG512_D2,202607275122,108,41658,165,94.5499294418,32.9883830211,2011,7,train,126,Veg_Meadow_497
BG512_D2,202607275122,109,58225,231,94.2400106688,33.3162680998,2006,2,train,61,Veg_Sparse
BG512_D2,202607275122,110,8705,034,94.3028927387,33.6890689427,2016,6,train,185,Veg_Meadow_497
BG512_D2,202607275122,111,15634,062,94.9811207782,33.2533860299,2005,11,train,58,Veg_Meadow_497
BG512_D2,202607275122,112,59133,234,94.4600979134,33.0782145495,2018,10,train,213,Veg_Sparse
BG512_D2,202607275122,113,3622,014,95.7177393111,32.6964305537,2012,11,train,142,Veg_Coniferous
BG512_D2,202607275122,114,28231,112,95.5380762543,32.8311778464,2005,8,train,55,Veg_Meadow_497
BG512_D2,202607275122,115,12644,050,94.509505254,33.4195743575,2008,9,train,92,Veg_Meadow_497
BG512_D2,202607275122,116,38709,153,94.2310275159,33.2174534185,2017,10,train,201,Veg_Meadow_497
BG512_D2,202607275122,117,20921,083,94.4151821492,33.7294931305,2005,6,train,53,Veg_Meadow_497
BG512_D2,202607275122,118,40891,162,94.648744123,33.5902542614,2010,8,train,115,Veg_Meadow_497
BG512_D2,202607275122,119,28545,113,93.772886721,33.105164008,2010,10,train,117,Veg_Meadow_497
BG512_D2,202607275122,120,39628,157,95.0844270358,32.9165177983,2010,5,train,112,Veg_Meadow_497
BG512_D2,202607275122,121,40395,160,95.214682752,33.0108409032,2011,4,train,123,Veg_Meadow_497
BG512_D2,202607275122,122,18740,074,95.1068849179,32.9075346455,2012,9,train,140,Veg_Meadow_497
BG512_D2,202607275122,123,13159,052,94.3028927387,33.3432175583,2009,8,train,103,Veg_Meadow_497
BG512_D2,202607275122,124,57572,228,94.5139968304,32.9075346455,2014,9,train,164,Veg_Sparse
BG512_D2,202607275122,125,6936,027,95.5246015251,32.7188884358,2016,1,train,180,Veg_Shrub
BG512_D2,202607275122,126,4118,016,95.7626550754,32.6919389773,2012,3,train,134,Veg_Shrub
BG512_D2,202607275122,127,1316,005,95.6907898526,32.6919389773,2009,9,train,104,Veg_Coniferous
BG512_D2,202607275122,128,25353,100,93.7773782974,33.275843912,2017,10,train,201,Veg_Meadow_497
BG512_D2,202607275122,129,25111,099,94.4780642191,32.9165177983,2018,8,train,211,Veg_Meadow_497
BG512_D2,202607275122,130,17268,068,95.2281574813,33.0243156324,2016,1,train,180,Veg_Meadow_497
BG512_D2,202607275122,131,44255,175,95.6458740884,32.7682957765,2017,12,train,203,Veg_Meadow_499
BG512_D2,202607275122,132,4867,019,95.3584131975,32.8311778464,2011,8,train,127,Veg_Shrub
BG512_D2,202607275122,133,8910,035,93.858226673,33.3162680998,2012,7,train,138,Veg_Meadow_497
BG512_D2,202607275122,134,4325,017,95.865961333,32.5931242961,2008,6,train,89,Veg_Shrub
BG512_D2,202607275122,135,47260,187,93.5932236642,33.6306784492,2016,5,train,184,Veg_Meadow_504
BG512_D2,202607275122,136,61533,244,95.5380762543,32.656006366,2008,10,train,93,Veg_Sparse
BG512_D2,202607275122,137,36097,143,94.4376400313,33.7474594362,2010,2,train,109,Veg_Meadow_497
BG512_D2,202607275122,138,5682,022,95.9737591671,32.7323631651,2016,7,train,186,Veg_Shrub
BG512_D2,202607275122,139,5893,023,95.7896045339,32.6470232131,2013,2,train,145,Veg_Shrub
BG512_D2,202607275122,140,38692,153,94.2310275159,33.2174534185,2016,5,train,184,Veg_Meadow_497
BG512_D2,202607275122,141,61287,243,95.4392615731,32.7548210472,2009,4,train,99,Veg_Sparse
BG512_D2,202607275122,142,37153,147,93.6246646991,33.5498300737,2014,2,train,157,Veg_Meadow_497
BG512_D2,202607275122,143,33894,134,93.804327756,33.3926248989,2015,7,train,174,Veg_Meadow_497
BG512_D2,202607275122,144,26318,104,95.951301285,32.6964305537,2014,3,train,158,Veg_Meadow_497
BG512_D2,202607275122,145,19555,077,94.5139968304,33.2084702657,2017,8,train,199,Veg_Meadow_497
BG512_D2,202607275122,146,58271,231,94.2400106688,33.3162680998,2009,12,train,107,Veg_Sparse
BG512_D2,202607275122,147,43470,172,94.9586628961,33.0692313966,2015,7,train,174,Veg_Meadow_499
BG512_D2,202607275122,148,56071,222,95.8929107915,32.6694810952,2015,8,train,175,Veg_Sparse
BG512_D2,202607275122,149,54487,216,94.2265359395,33.2938102177,2009,8,train,103,Veg_Sparse
BG512_D2,202607275122,150,16489,065,93.6426310048,33.1770292307,2014,2,train,157,Veg_Meadow_497
BG512_D2,202607275122,151,46640,185,94.9586628961,33.051265091,2006,9,train,68,Veg_Meadow_499
BG512_D2,202607275122,152,17250,068,95.2281574813,33.0243156324,2014,7,train,162,Veg_Meadow_497
BG512_D2,202607275122,153,20755,082,94.9137471319,32.9883830211,2012,8,train,139,Veg_Meadow_497
BG512_D2,202607275122,154,4167,016,95.7626550754,32.6919389773,2016,4,train,183,Veg_Shrub
BG512_D2,202607275122,155,12704,050,94.509505254,33.4195743575,2013,9,train,152,Veg_Meadow_497
BG512_D2,202607275122,156,40392,160,95.214682752,33.0108409032,2011,1,train,120,Veg_Meadow_497
BG512_D2,202607275122,157,15131,060,94.6577272759,33.5677963793,2005,12,train,59,Veg_Meadow_497
BG512_D2,202607275122,158,22438,089,95.6279077827,32.6649895188,2005,11,train,58,Veg_Meadow_497
BG512_D2,202607275122,159,15918,063,94.2714517037,33.4779648509,2008,7,train,90,Veg_Meadow_497
BG512_D2,202607275122,160,16421,065,93.6426310048,33.1770292307,2008,6,train,89,Veg_Meadow_497
BG512_D2,202607275122,161,35307,140,94.5364547125,33.0692313966,2007,4,train,75,Veg_Meadow_497
BG512_D2,202607275122,162,15484,061,94.4870473719,33.4824564273,2014,5,train,160,Veg_Meadow_497
BG512_D2,202607275122,163,51738,205,94.0872970705,33.671102637,2011,7,train,126,Veg_Meadow_504
BG512_D2,202607275122,164,53520,212,94.0693307648,33.6037289907,2013,1,train,144,Veg_Meadow_504
BG512_D2,202607275122,165,34366,136,94.1367044111,33.0647398202,2012,11,train,142,Veg_Meadow_497
BG512_D2,202607275122,166,56711,225,94.819424027,32.965925139,2005,12,train,59,Veg_Sparse
BG512_D2,202607275122,167,57788,229,94.7834914157,32.934484104,2011,9,train,128,Veg_Sparse
BG512_D2,202607275122,168,37359,148,94.7789998392,32.8895683398,2010,4,train,111,Veg_Meadow_497
BG512_D2,202607275122,169,4570,018,95.7671466518,32.6470232131,2007,11,train,82,Veg_Shrub
BG512_D2,202607275122,170,22581,089,95.6279077827,32.6649895188,2017,10,train,201,Veg_Meadow_497
BG512_D2,202607275122,171,43202,171,95.6279077827,32.8087199643,2014,3,train,158,Veg_Meadow_499
BG512_D2,202607275122,172,50508,200,93.8941592844,33.5992374143,2014,1,train,156,Veg_Meadow_504
BG512_D2,202607275122,173,39665,157,95.0844270358,32.9165177983,2013,6,train,149,Veg_Meadow_497
BG512_D2,202607275122,174,40658,161,94.6442525466,33.2444028771,2012,3,train,134,Veg_Meadow_497
BG512_D2,202607275122,175,32549,129,93.633647852,33.5902542614,2008,6,train,89,Veg_Meadow_497
BG512_D2,202607275122,176,45993,182,95.812062416,32.7143968594,2015,10,train,177,Veg_Meadow_499
BG512_D2,202607275122,177,24737,098,95.8030792631,32.9075346455,2008,6,train,89,Veg_Meadow_497
BG512_D2,202607275122,178,49175,195,93.6471225812,33.6486447549,2007,12,train,83,Veg_Meadow_504
BG512_D2,202607275122,179,35087,139,94.8014577213,33.3387259819,2009,12,train,107,Veg_Meadow_497
BG512_D2,202607275122,180,2402,009,95.7491803461,32.6919389773,2016,3,train,182,Veg_Coniferous
BG512_D2,202607275122,181,1821,007,95.695281429,32.7054137066,2009,10,train,105,Veg_Coniferous
BG512_D2,202607275122,182,44638,177,95.951301285,32.7772789293,2007,11,train,82,Veg_Meadow_499
BG512_D2,202607275122,183,52193,207,94.0783139176,33.6216952964,2007,6,train,77,Veg_Meadow_504
BG512_D2,202607275122,184,48971,194,94.3343337736,33.1141471609,2011,12,train,131,Veg_Meadow_504
BG512_D2,202607275122,185,52793,209,94.0962802233,33.5633048029,2015,6,train,173,Veg_Meadow_504
BG512_D2,202607275122,186,50804,201,94.3118758915,32.9389756805,2017,9,train,200,Veg_Meadow_504
BG512_D2,202607275122,187,29574,117,95.5156183722,32.8356694228,2012,7,train,138,Veg_Meadow_497
BG512_D2,202607275122,188,34904,138,94.5813704767,32.9299925276,2015,9,train,176,Veg_Meadow_497
BG512_D2,202607275122,189,38922,154,95.0709523066,33.2803354884,2014,7,train,162,Veg_Meadow_497
BG512_D2,202607275122,190,41392,164,93.6965299219,33.2668607592,2010,5,train,112,Veg_Meadow_497
BG512_D2,202607275122,191,44980,178,95.7716382282,32.7862620822,2015,5,train,172,Veg_Meadow_499
BG512_D2,202607275122,192,14520,057,95.021544966,33.0018577503,2018,1,train,204,Veg_Meadow_497
BG512_D2,202607275122,193,37931,150,94.1097549526,33.4330490867,2015,12,train,179,Veg_Meadow_497
BG512_D2,202607275122,194,46253,183,94.904763979,33.0557566674,2016,6,train,185,Veg_Meadow_499
BG512_D2,202607275122,195,1385,005,95.6907898526,32.6919389773,2015,6,train,173,Veg_Coniferous
BG512_D2,202607275122,196,30872,122,94.1456875639,33.0602482438,2015,9,train,176,Veg_Meadow_497
BG512_D2,202607275122,197,40931,162,94.648744123,33.5902542614,2013,12,train,155,Veg_Meadow_497
BG512_D2,202607275122,198,45927,182,95.812062416,32.7143968594,2010,4,train,111,Veg_Meadow_499
BG512_D2,202607275122,199,51505,204,93.6066983935,33.1725376543,2013,2,train,145,Veg_Meadow_504
BG512_D2,202607275122,200,36651,145,95.0844270358,33.1500797722,2014,4,train,159,Veg_Meadow_497
BG512_D2,202607275122,201,33421,132,93.7998361796,33.19050396,2018,2,train,205,Veg_Meadow_497
BG512_D2,202607275122,202,21190,084,94.3298421972,33.6755942134,2006,11,train,70,Veg_Meadow_497
BG512_D2,202607275122,203,44139,175,95.6458740884,32.7682957765,2008,4,train,87,Veg_Meadow_499
BG512_D2,202607275122,204,44514,176,95.9737591671,32.8177031171,2018,7,train,210,Veg_Meadow_499
BG512_D2,202607275122,205,7200,028,95.0395112716,33.1231303137,2017,1,train,192,Veg_Shrub
BG512_D2,202607275122,206,3921,015,95.8435034509,32.6425316367,2016,10,train,189,Veg_Shrub
BG512_D2,202607275122,207,19489,077,94.5139968304,33.2084702657,2012,2,train,133,Veg_Meadow_497
BG512_D2,202607275122,208,59601,236,94.8463734855,32.8266862699,2015,10,train,177,Veg_Sparse
BG512_D2,202607275122,209,50507,200,93.8941592844,33.5992374143,2013,12,train,155,Veg_Meadow_504
BG512_D2,202607275122,210,26301,104,95.951301285,32.6964305537,2012,10,train,141,Veg_Meadow_497
BG512_D2,202607275122,211,44978,178,95.7716382282,32.7862620822,2015,3,train,170,Veg_Meadow_499
BG512_D2,202607275122,212,161,000,95.5785004421,32.8536357285,2018,6,train,209,Veg_Coniferous
BG512_D2,202607275122,213,41838,166,94.5229799833,33.0602482438,2005,7,train,54,Veg_Meadow_497
BG512_D2,202607275122,214,15951,063,94.2714517037,33.4779648509,2011,4,train,123,Veg_Meadow_497
BG512_D2,202607275122,215,60234,239,95.5829920185,32.6470232131,2005,7,train,54,Veg_Sparse
BG512_D2,202607275122,216,54557,216,94.2265359395,33.2938102177,2015,6,train,173,Veg_Sparse
BG512_D2,202607275122,217,59522,236,94.8463734855,32.8266862699,2009,3,train,98,Veg_Sparse
BG512_D2,202607275122,218,49941,198,93.5348331707,33.5363553444,2008,10,train,93,Veg_Meadow_504
BG512_D2,202607275122,219,12358,049,94.1367044111,33.5633048029,2005,11,train,58,Veg_Meadow_497
BG512_D2,202607275122,220,23345,092,94.33882535,33.2668607592,2018,6,train,209,Veg_Meadow_497
BG512_D2,202607275122,221,38366,152,93.718987804,33.4689816981,2010,3,train,110,Veg_Meadow_497
BG512_D2,202607275122,222,12963,051,94.6083199353,32.9389756805,2014,4,train,159,Veg_Meadow_497
BG512_D2,202607275122,223,5318,021,95.7896045339,32.656006366,2007,3,train,74,Veg_Shrub
BG512_D2,202607275122,224,18722,074,95.1068849179,32.9075346455,2011,3,train,122,Veg_Meadow_497
BG512_D2,202607275122,225,2887,011,95.5695172893,32.8446525756,2014,8,train,163,Veg_Coniferous
BG512_D2,202607275122,226,58481,232,94.6756935816,32.9389756805,2006,6,train,65,Veg_Sparse
BG512_D2,202607275122,227,16430,065,93.6426310048,33.1770292307,2009,3,train,98,Veg_Meadow_497
BG512_D2,202607275122,228,28572,113,93.772886721,33.105164008,2013,1,train,144,Veg_Meadow_497
BG512_D2,202607275122,229,42670,169,94.3433169264,33.2623691827,2011,11,train,130,Veg_Meadow_497
BG512_D2,202607275122,230,37559,149,95.6144330535,32.7233800123,2005,12,train,59,Veg_Meadow_497
BG512_D2,202607275122,231,2855,011,95.5695172893,32.8446525756,2011,12,train,131,Veg_Coniferous
BG512_D2,202607275122,232,32033,127,94.4421316077,33.4644901217,2007,6,train,77,Veg_Meadow_497
BG512_D2,202607275122,233,1557,006,95.6368909356,32.7503294708,2008,10,train,93,Veg_Coniferous
BG512_D2,202607275122,234,45717,181,95.6593488177,32.7997368114,2013,10,train,153,Veg_Meadow_499
BG512_D2,202607275122,235,6719,026,95.9737591671,32.7997368114,2018,12,train,215,Veg_Shrub
BG512_D2,202607275122,236,22278,088,94.8418819091,33.2354197242,2013,7,train,150,Veg_Meadow_497
BG512_D2,202607275122,237,13877,055,94.1007717997,33.4555069688,2006,6,train,65,Veg_Meadow_497
BG512_D2,202607275122,238,19412,077,94.5139968304,33.2084702657,2005,9,train,56,Veg_Meadow_497
BG512_D2,202607275122,239,29268,116,94.8733229441,32.849144152,2008,1,train,84,Veg_Meadow_497
BG512_D2,202607275122,240,43928,174,95.9647760143,32.6649895188,2011,9,train,128,Veg_Meadow_499
BG512_D2,202607275122,241,382,001,95.6279077827,32.7997368114,2015,11,train,178,Veg_Coniferous
BG512_D2,202607275122,242,53482,212,94.0693307648,33.6037289907,2009,11,train,106,Veg_Meadow_504
BG512_D2,202607275122,243,46195,183,94.904763979,33.0557566674,2011,8,train,127,Veg_Meadow_499
BG512_D2,202607275122,244,20478,081,94.4196737256,33.6441531785,2010,7,train,114,Veg_Meadow_497
BG512_D2,202607275122,245,25303,100,93.7773782974,33.275843912,2013,8,train,151,Veg_Meadow_497
BG512_D2,202607275122,246,7971,031,94.0199234242,33.051265091,2018,4,train,207,Veg_Meadow_497
BG512_D2,202607275122,247,28737,114,94.904763979,33.2084702657,2005,10,train,57,Veg_Meadow_497
BG512_D2,202607275122,248,13473,053,95.8749444859,32.6829558245,2014,10,train,165,Veg_Meadow_497
BG512_D2,202607275122,249,54693,217,94.6667104287,33.4644901217,2005,10,train,57,Veg_Sparse
BG512_D2,202607275122,250,27604,109,94.4061989963,33.221944995,2016,5,train,184,Veg_Meadow_497
BG512_D2,202607275122,251,16252,064,94.5364547125,33.3701670168,2015,5,train,172,Veg_Meadow_497
BG512_D2,202607275122,252,7814,031,94.0199234242,33.051265091,2005,3,train,50,Veg_Meadow_497
BG512_D2,202607275122,253,26471,105,95.0125618131,32.880585187,2005,12,train,59,Veg_Meadow_497
BG512_D2,202607275122,254,42209,167,94.8373903327,33.0871977023,2015,6,train,173,Veg_Meadow_497
BG512_D2,202607275122,255,50229,199,93.5932236642,33.4599985452,2011,10,train,129,Veg_Meadow_504
BG512_D2,202607275122,256,50239,199,93.5932236642,33.4599985452,2012,8,train,139,Veg_Meadow_504
BG512_D2,202607275122,257,43460,172,94.9586628961,33.0692313966,2014,9,train,164,Veg_Meadow_499
BG512_D2,202607275122,258,52490,208,93.7100046511,33.6306784492,2011,3,train,122,Veg_Meadow_504
BG512_D2,202607275122,259,44977,178,95.7716382282,32.7862620822,2015,2,train,169,Veg_Meadow_499
BG512_D2,202607275122,260,53078,210,93.5123752886,33.585762685,2018,3,train,206,Veg_Meadow_504
BG512_D2,202607275122,261,30319,120,93.7594119918,33.0243156324,2011,8,train,127,Veg_Meadow_497
BG512_D2,202607275122,262,51993,206,93.9031424372,33.4375406631,2011,10,train,129,Veg_Meadow_504
BG512_D2,202607275122,263,17945,071,94.1546707168,33.1815208072,2009,6,train,101,Veg_Meadow_497
BG512_D2,202607275122,264,35044,139,94.8014577213,33.3387259819,2006,5,train,64,Veg_Meadow_497
BG512_D2,202607275122,265,24955,099,94.4780642191,32.9165177983,2005,8,train,55,Veg_Meadow_497
BG512_D2,202607275122,266,16653,066,95.865961333,32.8446525756,2006,10,train,69,Veg_Meadow_497
BG512_D2,202607275122,267,27058,107,94.6846767344,33.3971164754,2012,11,train,142,Veg_Meadow_497
BG512_D2,202607275122,268,37689,149,95.6144330535,32.7233800123,2016,10,train,189,Veg_Meadow_497
BG512_D2,202607275122,269,33575,133,93.5977152406,33.4330490867,2009,12,train,107,Veg_Meadow_497
BG512_D2,202607275122,270,12903,051,94.6083199353,32.9389756805,2009,4,train,99,Veg_Meadow_497
BG512_D2,202607275122,271,59014,234,94.4600979134,33.0782145495,2008,11,train,94,Veg_Sparse
BG512_D2,202607275122,272,44885,178,95.7716382282,32.7862620822,2007,6,train,77,Veg_Meadow_499
BG512_D2,202607275122,273,43096,171,95.6279077827,32.8087199643,2005,5,train,52,Veg_Meadow_499
BG512_D2,202607275122,274,53309,211,93.8447519438,33.1770292307,2016,6,train,185,Veg_Meadow_504
BG512_D2,202607275122,275,34781,138,94.5813704767,32.9299925276,2005,6,train,53,Veg_Meadow_497
BG512_D2,202607275122,276,57333,227,93.9705160835,33.3162680998,2015,10,train,177,Veg_Sparse
BG512_D2,202607275122,277,32761,130,94.4960305247,32.9479588333,2005,2,train,49,Veg_Meadow_497
BG512_D2,202607275122,278,51421,204,93.6066983935,33.1725376543,2006,2,train,61,Veg_Meadow_504
BG512_D2,202607275122,279,61838,245,94.1456875639,33.3522007111,2013,3,train,146,Veg_Sparse
BG512_D2,202607275122,280,56725,225,94.819424027,32.965925139,2007,2,train,73,Veg_Sparse
BG512_D2,202607275122,281,34118,135,93.9884823892,33.4016080518,2013,3,train,146,Veg_Meadow_497
BG512_D2,202607275122,282,45227,179,95.9737591671,32.7638042,2014,12,train,167,Veg_Meadow_499
BG512_D2,202607275122,283,10922,043,94.9406965904,32.9165177983,2012,3,train,134,Veg_Meadow_497
BG512_D2,202607275122,284,41902,166,94.5229799833,33.0602482438,2010,11,train,118,Veg_Meadow_497
BG512_D2,202607275122,285,13511,053,95.8749444859,32.6829558245,2017,12,train,203,Veg_Meadow_497
BG512_D2,202607275122,286,24222,096,94.9721376253,33.2399113006,2007,7,train,78,Veg_Meadow_497
BG512_D2,202607275122,287,36367,144,94.5274715597,32.934484104,2011,8,train,127,Veg_Meadow_497
BG512_D2,202607275122,288,40144,159,95.1787501407,32.9434672569,2011,5,train,124,Veg_Meadow_497
BG512_D2,202607275122,289,36935,146,94.253485398,33.2174534185,2016,12,train,191,Veg_Meadow_497
BG512_D2,202607275122,290,45998,182,95.812062416,32.7143968594,2016,3,train,182,Veg_Meadow_499
BG512_D2,202607275122,291,51667,205,94.0872970705,33.671102637,2005,8,train,55,Veg_Meadow_504
BG512_D2,202607275122,292,10838,043,94.9406965904,32.9165177983,2005,3,train,50,Veg_Meadow_497
BG512_D2,202607275122,293,44635,177,95.951301285,32.7772789293,2007,8,train,79,Veg_Meadow_499
BG512_D2,202607275122,294,20320,080,95.0170533895,32.8311778464,2018,5,train,208,Veg_Meadow_497
BG512_D2,202607275122,295,592,002,95.6234162063,32.7503294708,2012,5,train,136,Veg_Coniferous
BG512_D2,202607275122,296,29049,115,94.1187381054,33.275843912,2010,10,train,117,Veg_Meadow_497
BG512_D2,202607275122,297,13175,052,94.3028927387,33.3432175583,2010,12,train,119,Veg_Meadow_497
BG512_D2,202607275122,298,25084,099,94.4780642191,32.9165177983,2016,5,train,184,Veg_Meadow_497
BG512_D2,202607275122,299,25483,101,93.772886721,33.4420322396,2007,8,train,79,Veg_Meadow_497
BG512_D2,202607275122,300,3784,015,95.8435034509,32.6425316367,2005,5,train,52,Veg_Shrub
BG512_D2,202607275122,301,6094,024,95.2865479748,33.0602482438,2008,11,train,94,Veg_Shrub
BG512_D2,202607275122,302,13421,053,95.8749444859,32.6829558245,2010,6,train,113,Veg_Meadow_497
BG512_D2,202607275122,303,29507,117,95.5156183722,32.8356694228,2006,12,train,71,Veg_Meadow_497
BG512_D2,202607275122,304,60766,241,94.1367044111,33.3207596762,2007,11,train,82,Veg_Sparse
BG512_D2,202607275122,305,15914,063,94.2714517037,33.4779648509,2008,3,train,86,Veg_Meadow_497
BG512_D2,202607275122,306,29141,115,94.1187381054,33.275843912,2018,6,train,209,Veg_Meadow_497
BG512_D2,202607275122,307,26796,106,93.6111899699,33.0782145495,2012,1,train,132,Veg_Meadow_497
BG512_D2,202607275122,308,15939,063,94.2714517037,33.4779648509,2010,4,train,111,Veg_Meadow_497
BG512_D2,202607275122,309,6567,026,95.9737591671,32.7997368114,2006,4,train,63,Veg_Shrub
BG512_D2,202607275122,310,58226,231,94.2400106688,33.3162680998,2006,3,train,62,Veg_Sparse
BG512_D2,202607275122,311,6197,024,95.2865479748,33.0602482438,2017,6,train,197,Veg_Shrub
BG512_D2,202607275122,312,51474,204,93.6066983935,33.1725376543,2010,7,train,114,Veg_Meadow_504
BG512_D2,202607275122,313,4540,018,95.7671466518,32.6470232131,2005,5,train,52,Veg_Shrub
BG512_D2,202607275122,314,51529,204,93.6066983935,33.1725376543,2015,2,train,169,Veg_Meadow_504
BG512_D2,202607275122,315,57301,227,93.9705160835,33.3162680998,2013,2,train,145,Veg_Sparse
BG512_D2,202607275122,316,11984,047,94.9182387083,32.8985514927,2016,9,train,188,Veg_Meadow_497
BG512_D2,202607275122,317,2317,009,95.7491803461,32.6919389773,2009,2,train,97,Veg_Coniferous
BG512_D2,202607275122,318,12496,049,94.1367044111,33.5633048029,2017,5,train,196,Veg_Meadow_497
BG512_D2,202607275122,319,18537,073,94.5544210182,33.7339847069,2016,10,train,189,Veg_Meadow_497
BG512_D2,202607275122,320,37193,147,93.6246646991,33.5498300737,2017,6,train,197,Veg_Meadow_497
BG512_D2,202607275122,321,61488,244,95.5380762543,32.656006366,2005,1,train,48,Veg_Sparse
BG512_D2,202607275122,322,27023,107,94.6846767344,33.3971164754,2009,12,train,107,Veg_Meadow_497
BG512_D2,202607275122,323,62045,246,94.1591622932,33.2983017941,2009,6,train,101,Veg_Sparse
BG512_D2,202607275122,324,51538,204,93.6066983935,33.1725376543,2015,11,train,178,Veg_Meadow_504
BG512_D2,202607275122,325,28308,112,95.5380762543,32.8311778464,2012,1,train,132,Veg_Meadow_497
BG512_D2,202607275122,326,33388,132,93.7998361796,33.19050396,2015,5,train,172,Veg_Meadow_497
BG512_D2,202607275122,327,1015,004,95.6099414771,32.7997368114,2005,8,train,55,Veg_Coniferous
BG512_D2,202607275122,328,29762,118,95.5785004421,32.795245235,2007,3,train,74,Veg_Meadow_497
BG512_D2,202607275122,329,36045,143,94.4376400313,33.7474594362,2005,10,train,57,Veg_Meadow_497
BG512_D2,202607275122,330,8593,034,94.3028927387,33.6890689427,2007,2,train,73,Veg_Meadow_497
BG512_D2,202607275122,331,51513,204,93.6066983935,33.1725376543,2013,10,train,153,Veg_Meadow_504
BG512_D2,202607275122,332,42673,169,94.3433169264,33.2623691827,2012,2,train,133,Veg_Meadow_497
BG512_D2,202607275122,333,60791,241,94.1367044111,33.3207596762,2009,12,train,107,Veg_Sparse
BG512_D2,202607275122,334,53544,212,94.0693307648,33.6037289907,2015,1,train,168,Veg_Meadow_504
BG512_D2,202607275122,335,22799,090,94.509505254,33.4914395802,2014,12,train,167,Veg_Meadow_497
BG512_D2,202607275122,336,11158,044,94.6532356995,33.2488944535,2010,11,train,118,Veg_Meadow_497
BG512_D2,202607275122,337,25023,099,94.4780642191,32.9165177983,2011,4,train,123,Veg_Meadow_497
BG512_D2,202607275122,338,10945,043,94.9406965904,32.9165177983,2014,2,train,157,Veg_Meadow_497
BG512_D2,202607275122,339,30826,122,94.1456875639,33.0602482438,2011,11,train,130,Veg_Meadow_497
BG512_D2,202607275122,340,2072,008,95.5515509836,32.8266862699,2009,9,train,104,Veg_Coniferous
BG512_D2,202607275122,341,40172,159,95.1787501407,32.9434672569,2013,9,train,152,Veg_Meadow_497
BG512_D2,202607275122,342,33121,131,94.6756935816,32.9030430691,2014,2,train,157,Veg_Meadow_497
BG512_D2,202607275122,343,16722,066,95.865961333,32.8446525756,2012,7,train,138,Veg_Meadow_497
BG512_D2,202607275122,344,30765,122,94.1456875639,33.0602482438,2006,10,train,69,Veg_Meadow_497
BG512_D2,202607275122,345,30113,119,94.2175527867,33.2039786893,2015,6,train,173,Veg_Meadow_497
BG512_D2,202607275122,346,26989,107,94.6846767344,33.3971164754,2007,2,train,73,Veg_Meadow_497
BG512_D2,202607275122,347,30240,120,93.7594119918,33.0243156324,2005,1,train,48,Veg_Meadow_497
BG512_D2,202607275122,348,6589,026,95.9737591671,32.7997368114,2008,2,train,85,Veg_Shrub
BG512_D2,202607275122,349,22192,088,94.8418819091,33.2354197242,2006,5,train,64,Veg_Meadow_497
BG512_D2,202607275122,350,20299,080,95.0170533895,32.8311778464,2016,8,train,187,Veg_Meadow_497
BG512_D2,202607275122,351,62132,246,94.1591622932,33.2983017941,2016,9,train,188,Veg_Sparse
BG512_D2,202607275122,352,43248,171,95.6279077827,32.8087199643,2018,1,train,204,Veg_Meadow_499
BG512_D2,202607275122,353,32398,128,94.5858620532,33.446523816,2016,11,train,190,Veg_Meadow_497
BG512_D2,202607275122,354,2852,011,95.5695172893,32.8446525756,2011,9,train,128,Veg_Coniferous
BG512_D2,202607275122,355,9231,036,94.6667104287,33.019824056,2018,4,train,207,Veg_Meadow_497
BG512_D2,202607275122,356,44662,177,95.951301285,32.7772789293,2009,11,train,106,Veg_Meadow_499
BG512_D2,202607275122,357,6305,025,95.470702608,32.8221946935,2005,6,train,53,Veg_Shrub
BG512_D2,202607275122,358,2685,010,95.5605341364,32.8221946935,2018,10,train,213,Veg_Coniferous
BG512_D2,202607275122,359,60114,238,94.4061989963,33.3387259819,2016,7,train,186,Veg_Sparse
BG512_D2,202607275122,360,12122,048,93.7234793804,33.5498300737,2007,3,train,74,Veg_Meadow_497
BG512_D2,202607275122,361,38644,153,94.2310275159,33.2174534185,2012,5,train,136,Veg_Meadow_497
BG512_D2,202607275122,362,28335,112,95.5380762543,32.8311778464,2014,4,train,159,Veg_Meadow_497
BG512_D2,202607275122,363,11447,045,94.5364547125,33.5498300737,2013,12,train,155,Veg_Meadow_497
BG512_D2,202607275122,364,39106,155,95.2910395512,32.9299925276,2008,11,train,94,Veg_Meadow_497
BG512_D2,202607275122,365,31376,124,95.2101911756,33.1635545015,2015,9,train,176,Veg_Meadow_497
BG512_D2,202607275122,366,22279,088,94.8418819091,33.2354197242,2013,8,train,151,Veg_Meadow_497
BG512_D2,202607275122,367,614,002,95.6234162063,32.7503294708,2014,3,train,158,Veg_Coniferous
BG512_D2,202607275122,368,49551,196,94.3523000793,33.0961808552,2018,4,train,207,Veg_Meadow_504
BG512_D2,202607275122,369,59016,234,94.4600979134,33.0782145495,2009,1,train,96,Veg_Sparse
BG512_D2,202607275122,370,58534,232,94.6756935816,32.9389756805,2010,11,train,118,Veg_Sparse
BG512_D2,202607275122,371,55067,218,94.9541713196,33.2668607592,2015,12,train,179,Veg_Sparse
BG512_D2,202607275122,372,35792,142,94.9092555554,32.8671104577,2005,9,train,56,Veg_Meadow_497
BG512_D2,202607275122,373,2431,009,95.7491803461,32.6919389773,2018,8,train,211,Veg_Coniferous
BG512_D2,202607275122,374,55740,221,95.4617194552,32.7143968594,2009,1,train,96,Veg_Sparse
BG512_D2,202607275122,375,20972,083,94.4151821492,33.7294931305,2009,9,train,104,Veg_Meadow_497
BG512_D2,202607275122,376,16220,064,94.5364547125,33.3701670168,2012,9,train,140,Veg_Meadow_497
BG512_D2,202607275122,377,35090,139,94.8014577213,33.3387259819,2010,3,train,110,Veg_Meadow_497
BG512_D2,202607275122,378,52464,208,93.7100046511,33.6306784492,2009,1,train,96,Veg_Meadow_504
BG512_D2,202607275122,379,58235,231,94.2400106688,33.3162680998,2006,12,train,71,Veg_Sparse
BG512_D2,202607275122,380,13140,052,94.3028927387,33.3432175583,2008,1,train,84,Veg_Meadow_497
BG512_D2,202607275122,381,1022,004,95.6099414771,32.7997368114,2006,3,train,62,Veg_Coniferous
BG512_D2,202607275122,382,53241,211,93.8447519438,33.1770292307,2010,10,train,117,Veg_Meadow_504
BG512_D2,202607275122,383,20062,079,93.5752573585,33.3746585933,2017,11,train,202,Veg_Meadow_497
BG512_D2,202607275122,384,52553,208,93.7100046511,33.6306784492,2016,6,train,185,Veg_Meadow_504
BG512_D2,202607275122,385,51279,203,94.2400106688,33.671102637,2015,4,train,171,Veg_Meadow_504
BG512_D2,202607275122,386,55469,220,94.370266385,32.9973661739,2007,6,train,77,Veg_Sparse
BG512_D2,202607275122,387,48421,192,93.6561057341,33.5138974623,2008,2,train,85,Veg_Meadow_504
BG512_D2,202607275122,388,5659,022,95.9737591671,32.7323631651,2014,8,train,163,Veg_Shrub
BG512_D2,202607275122,389,18988,075,94.3253506208,33.1725376543,2012,5,train,136,Veg_Meadow_497
BG512_D2,202607275122,390,4580,018,95.7671466518,32.6470232131,2008,9,train,92,Veg_Shrub
BG512_D2,202607275122,391,9595,038,95.0260365424,32.8446525756,2006,8,train,67,Veg_Meadow_497
BG512_D2,202607275122,392,49276,195,93.6471225812,33.6486447549,2016,5,train,184,Veg_Meadow_504
BG512_D2,202607275122,393,54043,214,94.4466231841,33.5633048029,2014,8,train,163,Veg_Meadow_504
BG512_D2,202607275122,394,18695,074,95.1068849179,32.9075346455,2008,12,train,95,Veg_Meadow_497
BG512_D2,202607275122,395,19437,077,94.5139968304,33.2084702657,2007,10,train,81,Veg_Meadow_497
BG512_D2,202607275122,396,40414,160,95.214682752,33.0108409032,2012,11,train,142,Veg_Meadow_497
BG512_D2,202607275122,397,20523,081,94.4196737256,33.6441531785,2014,4,train,159,Veg_Meadow_497
BG512_D2,202607275122,398,33553,133,93.5977152406,33.4330490867,2008,2,train,85,Veg_Meadow_497
BG512_D2,202607275122,399,26763,106,93.6111899699,33.0782145495,2009,4,train,99,Veg_Meadow_497
BG512_D2,202607275122,400,24723,098,95.8030792631,32.9075346455,2007,4,train,75,Veg_Meadow_497
BG512_D2,202607275122,401,43159,171,95.6279077827,32.8087199643,2010,8,train,115,Veg_Meadow_499
BG512_D2,202607275122,402,7094,028,95.0395112716,33.1231303137,2008,3,train,86,Veg_Shrub
BG512_D2,202607275122,403,38619,153,94.2310275159,33.2174534185,2010,4,train,111,Veg_Meadow_497
BG512_D2,202607275122,404,60858,241,94.1367044111,33.3207596762,2015,7,train,174,Veg_Sparse
BG512_D2,202607275122,405,25289,100,93.7773782974,33.275843912,2012,6,train,137,Veg_Meadow_497
BG512_D2,202607275122,406,9594,038,95.0260365424,32.8446525756,2006,7,train,66,Veg_Meadow_497
BG512_D2,202607275122,407,4691,018,95.7671466518,32.6470232131,2017,12,train,203,Veg_Shrub
BG512_D2,202607275122,408,10344,041,94.6397609702,33.1231303137,2006,1,train,60,Veg_Meadow_497
BG512_D2,202607275122,409,3919,015,95.8435034509,32.6425316367,2016,8,train,187,Veg_Shrub
BG512_D2,202607275122,410,33888,134,93.804327756,33.3926248989,2015,1,train,168,Veg_Meadow_497
BG512_D2,202607275122,411,41436,164,93.6965299219,33.2668607592,2014,1,train,156,Veg_Meadow_497
BG512_D2,202607275122,412,22087,087,94.3837411142,33.6351700256,2018,8,train,211,Veg_Meadow_497
BG512_D2,202607275122,413,60759,241,94.1367044111,33.3207596762,2007,4,train,75,Veg_Sparse
BG512_D2,202607275122,414,51674,205,94.0872970705,33.671102637,2006,3,train,62,Veg_Meadow_504
BG512_D2,202607275122,415,48670,193,94.1546707168,33.4959311566,2007,11,train,82,Veg_Meadow_504
BG512_D2,202607275122,416,19273,076,95.385362656,32.7997368114,2015,2,train,169,Veg_Meadow_497
BG512_D2,202607275122,417,26112,103,95.1203596472,32.9255009512,2018,1,train,204,Veg_Meadow_497
BG512_D2,202607275122,418,11431,045,94.5364547125,33.5498300737,2012,8,train,139,Veg_Meadow_497
BG512_D2,202607275122,419,12713,050,94.509505254,33.4195743575,2014,6,train,161,Veg_Meadow_497
BG512_D2,202607275122,420,61542,244,95.5380762543,32.656006366,2009,7,train,102,Veg_Sparse
BG512_D2,202607275122,421,12480,049,94.1367044111,33.5633048029,2016,1,train,180,Veg_Meadow_497
BG512_D2,202607275122,422,15923,063,94.2714517037,33.4779648509,2008,12,train,95,Veg_Meadow_497
BG512_D2,202607275122,423,19152,076,95.385362656,32.7997368114,2005,1,train,48,Veg_Meadow_497
BG512_D2,202607275122,424,4554,018,95.7671466518,32.6470232131,2006,7,train,66,Veg_Shrub
BG512_D2,202607275122,425,53186,211,93.8447519438,33.1770292307,2006,3,train,62,Veg_Meadow_504
BG512_D2,202607275122,426,53783,213,94.1546707168,33.1410966194,2013,12,train,155,Veg_Meadow_504
BG512_D2,202607275122,427,22801,090,94.509505254,33.4914395802,2015,2,train,169,Veg_Meadow_497
BG512_D2,202607275122,428,46479,184,95.0125618131,33.0647398202,2014,4,train,159,Veg_Meadow_499
BG512_D2,202607275122,429,56764,225,94.819424027,32.965925139,2010,5,train,112,Veg_Sparse
BG512_D2,202607275122,430,23708,094,94.8643397912,33.3027933705,2006,9,train,68,Veg_Meadow_497
BG512_D2,202607275122,431,58124,230,94.680185158,33.0782145495,2018,9,train,212,Veg_Sparse
BG512_D2,202607275122,432,26510,105,95.0125618131,32.880585187,2009,3,train,98,Veg_Meadow_497
BG512_D2,202607275122,433,62138,246,94.1591622932,33.2983017941,2017,3,train,194,Veg_Sparse
BG512_D2,202607275122,434,49971,198,93.5348331707,33.5363553444,2011,4,train,123,Veg_Meadow_504
BG512_D2,202607275122,435,19292,076,95.385362656,32.7997368114,2016,9,train,188,Veg_Meadow_497
BG512_D2,202607275122,436,342,001,95.6279077827,32.7997368114,2012,7,train,138,Veg_Coniferous
BG512_D2,202607275122,437,31515,125,93.6605973105,33.2174534185,2006,4,train,63,Veg_Meadow_497
BG512_D2,202607275122,438,8447,033,94.0154318477,33.1725376543,2015,12,train,179,Veg_Meadow_497
BG512_D2,202607275122,439,22592,089,95.6279077827,32.6649895188,2018,9,train,212,Veg_Meadow_497
BG512_D2,202607275122,440,32054,127,94.4421316077,33.4644901217,2009,3,train,98,Veg_Meadow_497
BG512_D2,202607275122,441,12674,050,94.509505254,33.4195743575,2011,3,train,122,Veg_Meadow_497
BG512_D2,202607275122,442,24074,095,95.1832417171,33.0153324796,2016,3,train,182,Veg_Meadow_497
BG512_D2,202607275122,443,48754,193,94.1546707168,33.4959311566,2014,11,train,166,Veg_Meadow_504
BG512_D2,202607275122,444,9474,037,94.3028927387,32.9165177983,2017,7,train,198,Veg_Meadow_497
BG512_D2,202607275122,445,44003,174,95.9647760143,32.6649895188,2017,12,train,203,Veg_Meadow_499
BG512_D2,202607275122,446,8707,034,94.3028927387,33.6890689427,2016,8,train,187,Veg_Meadow_497
BG512_D2,202607275122,447,6431,025,95.470702608,32.8221946935,2015,12,train,179,Veg_Shrub
BG512_D2,202607275122,448,20759,082,94.9137471319,32.9883830211,2012,12,train,143,Veg_Meadow_497
BG512_D2,202607275122,449,41134,163,94.3792495378,33.7294931305,2009,11,train,106,Veg_Meadow_497
BG512_D2,202607275122,450,56319,223,93.9525497779,33.3387259819,2015,4,train,171,Veg_Sparse
BG512_D2,202607275122,451,3087,012,95.5740088657,32.8177031171,2010,4,train,111,Veg_Coniferous
BG512_D2,202607275122,452,55831,221,95.4617194552,32.7143968594,2016,8,train,187,Veg_Sparse
BG512_D2,202607275122,453,50148,199,93.5932236642,33.4599985452,2005,1,train,48,Veg_Meadow_504
BG512_D2,202607275122,454,12176,048,93.7234793804,33.5498300737,2011,9,train,128,Veg_Meadow_497
BG512_D2,202607275122,455,10384,041,94.6397609702,33.1231303137,2009,5,train,100,Veg_Meadow_497
BG512_D2,202607275122,456,1097,004,95.6099414771,32.7997368114,2012,6,train,137,Veg_Coniferous
BG512_D2,202607275122,457,5380,021,95.7896045339,32.656006366,2012,5,train,136,Veg_Shrub
BG512_D2,202607275122,458,27630,109,94.4061989963,33.221944995,2018,7,train,210,Veg_Meadow_497
BG512_D2,202607275122,459,31591,125,93.6605973105,33.2174534185,2012,8,train,139,Veg_Meadow_497
BG512_D2,202607275122,460,15773,062,94.9811207782,33.2533860299,2017,6,train,197,Veg_Meadow_497
BG512_D2,202607275122,461,1560,006,95.6368909356,32.7503294708,2009,1,train,96,Veg_Coniferous
BG512_D2,202607275122,462,45613,181,95.6593488177,32.7997368114,2005,2,train,49,Veg_Meadow_499
BG512_D2,202607275122,463,2079,008,95.5515509836,32.8266862699,2010,4,train,111,Veg_Coniferous
BG512_D2,202607275122,464,41137,163,94.3792495378,33.7294931305,2010,2,train,109,Veg_Meadow_497
BG512_D2,202607275122,465,21674,086,93.8178024852,33.4375406631,2005,3,train,50,Veg_Meadow_497
BG512_D2,202607275122,466,11136,044,94.6532356995,33.2488944535,2009,1,train,96,Veg_Meadow_497
BG512_D2,202607275122,467,50156,199,93.5932236642,33.4599985452,2005,9,train,56,Veg_Meadow_504
BG512_D2,202607275122,468,45493,180,95.7581634989,32.7278715887,2016,2,train,181,Veg_Meadow_499
BG512_D2,202607275122,469,44694,177,95.951301285,32.7772789293,2012,7,train,138,Veg_Meadow_499
BG512_D2,202607275122,470,1398,005,95.6907898526,32.6919389773,2016,7,train,186,Veg_Coniferous
BG512_D2,202607275122,471,27773,110,94.114246529,33.5363553444,2009,6,train,101,Veg_Meadow_497
BG512_D2,202607275122,472,10916,043,94.9406965904,32.9165177983,2011,9,train,128,Veg_Meadow_497
BG512_D2,202607275122,473,2278,009,95.7491803461,32.6919389773,2005,11,train,58,Veg_Coniferous
BG512_D2,202607275122,474,55222,219,95.3224805861,33.1500797722,2007,11,train,82,Veg_Sparse
BG512_D2,202607275122,475,58980,234,94.4600979134,33.0782145495,2006,1,train,60,Veg_Sparse
BG512_D2,202607275122,476,56024,222,95.8929107915,32.6694810952,2011,9,train,128,Veg_Sparse
BG512_D2,202607275122,477,17047,067,95.2236659049,32.9973661739,2018,8,train,211,Veg_Meadow_497
BG512_D2,202607275122,478,55198,219,95.3224805861,33.1500797722,2005,11,train,58,Veg_Sparse
BG512_D2,202607275122,479,10871,043,94.9406965904,32.9165177983,2007,12,train,83,Veg_Meadow_497
BG512_D2,202607275122,480,10694,042,94.5364547125,33.702543672,2014,3,train,158,Veg_Meadow_497
BG512_D2,202607275122,481,12454,049,94.1367044111,33.5633048029,2013,11,train,154,Veg_Meadow_497
BG512_D2,202607275122,482,38696,153,94.2310275159,33.2174534185,2016,9,train,188,Veg_Meadow_497
BG512_D2,202607275122,483,12937,051,94.6083199353,32.9389756805,2012,2,train,133,Veg_Meadow_497
BG512_D2,202607275122,484,41160,163,94.3792495378,33.7294931305,2012,1,train,132,Veg_Meadow_497
BG512_D2,202607275122,485,2430,009,95.7491803461,32.6919389773,2018,7,train,210,Veg_Coniferous
BG512_D2,202607275122,486,54773,217,94.6667104287,33.4644901217,2012,6,train,137,Veg_Sparse
BG512_D2,202607275122,487,22227,088,94.8418819091,33.2354197242,2009,4,train,99,Veg_Meadow_497
BG512_D2,202607275122,488,35923,142,94.9092555554,32.8671104577,2016,8,train,187,Veg_Meadow_497
BG512_D2,202607275122,489,11485,045,94.5364547125,33.5498300737,2017,2,train,193,Veg_Meadow_497
BG512_D2,202607275122,490,36054,143,94.4376400313,33.7474594362,2006,7,train,66,Veg_Meadow_497
BG512_D2,202607275122,491,44613,177,95.951301285,32.7772789293,2005,10,train,57,Veg_Meadow_499
BG512_D2,202607275122,492,35431,140,94.5364547125,33.0692313966,2017,8,train,199,Veg_Meadow_497
BG512_D2,202607275122,493,19153,076,95.385362656,32.7997368114,2005,2,train,49,Veg_Meadow_497
BG512_D2,202607275122,494,34185,135,93.9884823892,33.4016080518,2018,10,train,213,Veg_Meadow_497
BG512_D2,202607275122,495,29122,115,94.1187381054,33.275843912,2016,11,train,190,Veg_Meadow_497
BG512_D2,202607275122,496,4569,018,95.7671466518,32.6470232131,2007,10,train,81,Veg_Shrub
BG512_D2,202607275122,497,15682,062,94.9811207782,33.2533860299,2009,11,train,106,Veg_Meadow_497
BG512_D2,202607275122,498,23942,095,95.1832417171,33.0153324796,2005,3,train,50,Veg_Meadow_497
BG512_D2,202607275122,499,46899,186,93.633647852,33.5094058859,2007,4,train,75,Veg_Meadow_504
BG512_D2,202607275122,500,49458,196,94.3523000793,33.0961808552,2010,7,train,114,Veg_Meadow_504
BG512_D2,202607275122,501,56547,224,94.0917886469,33.051265091,2013,4,train,147,Veg_Sparse
BG512_D2,202607275122,502,3688,014,95.7177393111,32.6964305537,2018,5,train,208,Veg_Coniferous
BG512_D2,202607275122,503,61647,244,95.5380762543,32.656006366,2018,4,train,207,Veg_Sparse
BG512_D2,202607275122,504,16042,063,94.2714517037,33.4779648509,2018,11,train,214,Veg_Meadow_497
BG512_D2,202607275122,505,37329,148,94.7789998392,32.8895683398,2007,10,train,81,Veg_Meadow_497
BG512_D2,202607275122,506,39940,158,94.7745082628,32.9075346455,2015,5,train,172,Veg_Meadow_497
BG512_D2,202607275122,507,48755,193,94.1546707168,33.4959311566,2014,12,train,167,Veg_Meadow_504
BG512_D2,202607275122,508,51439,204,93.6066983935,33.1725376543,2007,8,train,79,Veg_Meadow_504
BG512_D2,202607275122,509,57798,229,94.7834914157,32.934484104,2012,7,train,138,Veg_Sparse
BG512_D2,202607275122,510,41970,166,94.5229799833,33.0602482438,2016,7,train,186,Veg_Meadow_497
BG512_D2,202607275122,511,8655,034,94.3028927387,33.6890689427,2012,4,train,135,Veg_Meadow_497
BG512_D3,202607275123,0,55826,221,95.4617194552,32.7143968594,2016,3,train,182,Veg_Sparse
BG512_D3,202607275123,1,58583,232,94.6756935816,32.9389756805,2014,12,train,167,Veg_Sparse
BG512_D3,202607275123,2,47033,186,93.633647852,33.5094058859,2018,6,train,209,Veg_Meadow_504
BG512_D3,202607275123,3,20696,082,94.9137471319,32.9883830211,2007,9,train,80,Veg_Meadow_497
BG512_D3,202607275123,4,27506,109,94.4061989963,33.221944995,2008,3,train,86,Veg_Meadow_497
BG512_D3,202607275123,5,36306,144,94.5274715597,32.934484104,2006,7,train,66,Veg_Meadow_497
BG512_D3,202607275123,6,2313,009,95.7491803461,32.6919389773,2008,10,train,93,Veg_Coniferous
BG512_D3,202607275123,7,41941,166,94.5229799833,33.0602482438,2014,2,train,157,Veg_Meadow_497
BG512_D3,202607275123,8,48963,194,94.3343337736,33.1141471609,2011,4,train,123,Veg_Meadow_504
BG512_D3,202607275123,9,46526,184,95.0125618131,33.0647398202,2018,3,train,206,Veg_Meadow_499
BG512_D3,202607275123,10,61493,244,95.5380762543,32.656006366,2005,6,train,53,Veg_Sparse
BG512_D3,202607275123,11,54448,216,94.2265359395,33.2938102177,2006,5,train,64,Veg_Sparse
BG512_D3,202607275123,12,45700,181,95.6593488177,32.7997368114,2012,5,train,136,Veg_Meadow_499
BG512_D3,202607275123,13,41175,163,94.3792495378,33.7294931305,2013,4,train,147,Veg_Meadow_497
BG512_D3,202607275123,14,48397,192,93.6561057341,33.5138974623,2006,2,train,61,Veg_Meadow_504
BG512_D3,202607275123,15,48549,192,93.6561057341,33.5138974623,2018,10,train,213,Veg_Meadow_504
BG512_D3,202607275123,16,1103,004,95.6099414771,32.7997368114,2012,12,train,143,Veg_Coniferous
BG512_D3,202607275123,17,45493,180,95.7581634989,32.7278715887,2016,2,train,181,Veg_Meadow_499
BG512_D3,202607275123,18,38625,153,94.2310275159,33.2174534185,2010,10,train,117,Veg_Meadow_497
BG512_D3,202607275123,19,40459,160,95.214682752,33.0108409032,2016,8,train,187,Veg_Meadow_497
BG512_D3,202607275123,20,9491,037,94.3028927387,32.9165177983,2018,12,train,215,Veg_Meadow_497
BG512_D3,202607275123,21,13479,053,95.8749444859,32.6829558245,2015,4,train,171,Veg_Meadow_497
BG512_D3,202607275123,22,26486,105,95.0125618131,32.880585187,2007,3,train,74,Veg_Meadow_497
BG512_D3,202607275123,23,15539,061,94.4870473719,33.4824564273,2018,12,train,215,Veg_Meadow_497
BG512_D3,202607275123,24,12176,048,93.7234793804,33.5498300737,2011,9,train,128,Veg_Meadow_497
BG512_D3,202607275123,25,13954,055,94.1007717997,33.4555069688,2012,11,train,142,Veg_Meadow_497
BG512_D3,202607275123,26,19550,077,94.5139968304,33.2084702657,2017,3,train,194,Veg_Meadow_497
BG512_D3,202607275123,27,47144,187,93.5932236642,33.6306784492,2006,9,train,68,Veg_Meadow_504
BG512_D3,202607275123,28,59573,236,94.8463734855,32.8266862699,2013,6,train,149,Veg_Sparse
BG512_D3,202607275123,29,10407,041,94.6397609702,33.1231303137,2011,4,train,123,Veg_Meadow_497
BG512_D3,202607275123,30,54468,216,94.2265359395,33.2938102177,2008,1,train,84,Veg_Sparse
BG512_D3,202607275123,31,18750,074,95.1068849179,32.9075346455,2013,7,train,150,Veg_Meadow_497
BG512_D3,202607275123,32,2401,009,95.7491803461,32.6919389773,2016,2,train,181,Veg_Coniferous
BG512_D3,202607275123,33,32011,127,94.4421316077,33.4644901217,2005,8,train,55,Veg_Meadow_497
BG512_D3,202607275123,34,12684,050,94.509505254,33.4195743575,2012,1,train,132,Veg_Meadow_497
BG512_D3,202607275123,35,55016,218,94.9541713196,33.2668607592,2011,9,train,128,Veg_Sparse
BG512_D3,202607275123,36,11936,047,94.9182387083,32.8985514927,2012,9,train,140,Veg_Meadow_497
BG512_D3,202607275123,37,16509,065,93.6426310048,33.1770292307,2015,10,train,177,Veg_Meadow_497
BG512_D3,202607275123,38,24057,095,95.1832417171,33.0153324796,2014,10,train,165,Veg_Meadow_497
BG512_D3,202607275123,39,57231,227,93.9705160835,33.3162680998,2007,4,train,75,Veg_Sparse
BG512_D3,202607275123,40,22019,087,94.3837411142,33.6351700256,2012,12,train,143,Veg_Meadow_497
BG512_D3,202607275123,41,39474,156,95.2775648219,32.8266862699,2018,7,train,210,Veg_Meadow_497
BG512_D3,202607275123,42,38692,153,94.2310275159,33.2174534185,2016,5,train,184,Veg_Meadow_497
BG512_D3,202607275123,43,36547,145,95.0844270358,33.1500797722,2005,8,train,55,Veg_Meadow_497
BG512_D3,202607275123,44,61512,244,95.5380762543,32.656006366,2007,1,train,72,Veg_Sparse
BG512_D3,202607275123,45,7727,030,94.4600979134,33.275843912,2018,12,train,215,Veg_Meadow_497
BG512_D3,202607275123,46,32280,128,94.5858620532,33.446523816,2007,1,train,72,Veg_Meadow_497
BG512_D3,202607275123,47,38119,151,94.8867976733,32.8940599162,2010,8,train,115,Veg_Meadow_497
BG512_D3,202607275123,48,20261,080,95.0170533895,32.8311778464,2013,6,train,149,Veg_Meadow_497
BG512_D3,202607275123,49,48147,191,93.6291562756,33.446523816,2006,4,train,63,Veg_Meadow_504
BG512_D3,202607275123,50,46028,182,95.812062416,32.7143968594,2018,9,train,212,Veg_Meadow_499
BG512_D3,202607275123,51,21032,083,94.4151821492,33.7294931305,2014,9,train,164,Veg_Meadow_497
BG512_D3,202607275123,52,58079,230,94.680185158,33.0782145495,2014,12,train,167,Veg_Sparse
BG512_D3,202607275123,53,4889,019,95.3584131975,32.8311778464,2013,6,train,149,Veg_Shrub
BG512_D3,202607275123,54,6410,025,95.470702608,32.8221946935,2014,3,train,158,Veg_Shrub
BG512_D3,202607275123,55,22988,091,94.5454378654,33.3566922876,2009,9,train,104,Veg_Meadow_497
BG512_D3,202607275123,56,8938,035,93.858226673,33.3162680998,2014,11,train,166,Veg_Meadow_497
BG512_D3,202607275123,57,55053,218,94.9541713196,33.2668607592,2014,10,train,165,Veg_Sparse
BG512_D3,202607275123,58,42104,167,94.8373903327,33.0871977023,2006,9,train,68,Veg_Meadow_497
BG512_D3,202607275123,59,37085,147,93.6246646991,33.5498300737,2008,6,train,89,Veg_Meadow_497
BG512_D3,202607275123,60,31908,126,94.4870473719,33.7250015541,2018,1,train,204,Veg_Meadow_497
BG512_D3,202607275123,61,49152,195,93.6471225812,33.6486447549,2006,1,train,60,Veg_Meadow_504
BG512_D3,202607275123,62,49559,196,94.3523000793,33.0961808552,2018,12,train,215,Veg_Meadow_504
BG512_D3,202607275123,63,12433,049,94.1367044111,33.5633048029,2012,2,train,133,Veg_Meadow_497
BG512_D3,202607275123,64,33774,134,93.804327756,33.3926248989,2005,7,train,54,Veg_Meadow_497
BG512_D3,202607275123,65,50487,200,93.8941592844,33.5992374143,2012,4,train,135,Veg_Meadow_504
BG512_D3,202607275123,66,5,000,95.5785004421,32.8536357285,2005,6,train,53,Veg_Coniferous
BG512_D3,202607275123,67,12600,050,94.509505254,33.4195743575,2005,1,train,48,Veg_Meadow_497
BG512_D3,202607275123,68,35871,142,94.9092555554,32.8671104577,2012,4,train,135,Veg_Meadow_497
BG512_D3,202607275123,69,9878,039,94.6846767344,33.2893186413,2009,3,train,98,Veg_Meadow_497
BG512_D3,202607275123,70,46768,185,94.9586628961,33.051265091,2017,5,train,196,Veg_Meadow_499
BG512_D3,202607275123,71,9847,039,94.6846767344,33.2893186413,2006,8,train,67,Veg_Meadow_497
BG512_D3,202607275123,72,47474,188,93.5752573585,33.5138974623,2013,3,train,146,Veg_Meadow_504
BG512_D3,202607275123,73,37932,150,94.1097549526,33.4330490867,2016,1,train,180,Veg_Meadow_497
BG512_D3,202607275123,74,49475,196,94.3523000793,33.0961808552,2011,12,train,131,Veg_Meadow_504
BG512_D3,202607275123,75,9732,038,95.0260365424,32.8446525756,2018,1,train,204,Veg_Meadow_497
BG512_D3,202607275123,76,156,000,95.5785004421,32.8536357285,2018,1,train,204,Veg_Coniferous
BG512_D3,202607275123,77,37606,149,95.6144330535,32.7233800123,2009,11,train,106,Veg_Meadow_497
BG512_D3,202607275123,78,12948,051,94.6083199353,32.9389756805,2013,1,train,144,Veg_Meadow_497
BG512_D3,202607275123,79,23761,094,94.8643397912,33.3027933705,2011,2,train,121,Veg_Meadow_497
BG512_D3,202607275123,80,4186,016,95.7626550754,32.6919389773,2017,11,train,202,Veg_Shrub
BG512_D3,202607275123,81,17209,068,95.2281574813,33.0243156324,2011,2,train,121,Veg_Meadow_497
BG512_D3,202607275123,82,61321,243,95.4392615731,32.7548210472,2012,2,train,133,Veg_Sparse
BG512_D3,202607275123,83,51226,203,94.2400106688,33.671102637,2010,11,train,118,Veg_Meadow_504
BG512_D3,202607275123,84,39820,158,94.7745082628,32.9075346455,2005,5,train,52,Veg_Meadow_497
BG512_D3,202607275123,85,53765,213,94.1546707168,33.1410966194,2012,6,train,137,Veg_Meadow_504
BG512_D3,202607275123,86,3141,012,95.5740088657,32.8177031171,2014,10,train,165,Veg_Coniferous
BG512_D3,202607275123,87,9714,038,95.0260365424,32.8446525756,2016,7,train,186,Veg_Meadow_497
BG512_D3,202607275123,88,49156,195,93.6471225812,33.6486447549,2006,5,train,64,Veg_Meadow_504
BG512_D3,202607275123,89,21303,084,94.3298421972,33.6755942134,2016,4,train,183,Veg_Meadow_497
BG512_D3,202607275123,90,61555,244,95.5380762543,32.656006366,2010,8,train,115,Veg_Sparse
BG512_D3,202607275123,91,2380,009,95.7491803461,32.6919389773,2014,5,train,160,Veg_Coniferous
BG512_D3,202607275123,92,1522,006,95.6368909356,32.7503294708,2005,11,train,58,Veg_Coniferous
BG512_D3,202607275123,93,33286,132,93.7998361796,33.19050396,2006,11,train,70,Veg_Meadow_497
BG512_D3,202607275123,94,60590,240,93.7100046511,33.2803354884,2014,3,train,158,Veg_Sparse
BG512_D3,202607275123,95,4598,018,95.7671466518,32.6470232131,2010,3,train,110,Veg_Shrub
BG512_D3,202607275123,96,45882,182,95.812062416,32.7143968594,2006,7,train,66,Veg_Meadow_499
BG512_D3,202607275123,97,16670,066,95.865961333,32.8446525756,2008,3,train,86,Veg_Meadow_497
BG512_D3,202607275123,98,21434,085,95.9917254728,32.8850767634,2006,3,train,62,Veg_Meadow_497
BG512_D3,202607275123,99,268,001,95.6279077827,32.7997368114,2006,5,train,64,Veg_Coniferous
BG512_D3,202607275123,100,52220,207,94.0783139176,33.6216952964,2009,9,train,104,Veg_Meadow_504
BG512_D3,202607275123,101,61568,244,95.5380762543,32.656006366,2011,9,train,128,Veg_Sparse
BG512_D3,202607275123,102,25823,102,95.0664607302,33.2938102177,2014,12,train,167,Veg_Meadow_497
BG512_D3,202607275123,103,12230,048,93.7234793804,33.5498300737,2016,3,train,182,Veg_Meadow_497
BG512_D3,202607275123,104,51433,204,93.6066983935,33.1725376543,2007,2,train,73,Veg_Meadow_504
BG512_D3,202607275123,105,56535,224,94.0917886469,33.051265091,2012,4,train,135,Veg_Sparse
BG512_D3,202607275123,106,20419,081,94.4196737256,33.6441531785,2005,8,train,55,Veg_Meadow_497
BG512_D3,202607275123,107,21472,085,95.9917254728,32.8850767634,2009,5,train,100,Veg_Meadow_497
BG512_D3,202607275123,108,5199,020,95.2640900927,33.0647398202,2018,4,train,207,Veg_Shrub
BG512_D3,202607275123,109,6600,026,95.9737591671,32.7997368114,2009,1,train,96,Veg_Shrub
BG512_D3,202607275123,110,12884,051,94.6083199353,32.9389756805,2007,9,train,80,Veg_Meadow_497
BG512_D3,202607275123,111,55954,222,95.8929107915,32.6694810952,2005,11,train,58,Veg_Sparse
BG512_D3,202607275123,112,55351,219,95.3224805861,33.1500797722,2018,8,train,211,Veg_Sparse
BG512_D3,202607275123,113,31835,126,94.4870473719,33.7250015541,2011,12,train,131,Veg_Meadow_497
BG512_D3,202607275123,114,22504,089,95.6279077827,32.6649895188,2011,5,train,124,Veg_Meadow_497
BG512_D3,202607275123,115,37453,148,94.7789998392,32.8895683398,2018,2,train,205,Veg_Meadow_497
BG512_D3,202607275123,116,37692,149,95.6144330535,32.7233800123,2017,1,train,192,Veg_Meadow_497
BG512_D3,202607275123,117,58864,233,94.6846767344,33.756442589,2017,5,train,196,Veg_Sparse
BG512_D3,202607275123,118,15880,063,94.2714517037,33.4779648509,2005,5,train,52,Veg_Meadow_497
BG512_D3,202607275123,119,4930,019,95.3584131975,32.8311778464,2016,11,train,190,Veg_Shrub
BG512_D3,202607275123,120,2390,009,95.7491803461,32.6919389773,2015,3,train,170,Veg_Coniferous
BG512_D3,202607275123,121,4333,017,95.865961333,32.5931242961,2009,2,train,97,Veg_Shrub
BG512_D3,202607275123,122,39364,156,95.2775648219,32.8266862699,2009,5,train,100,Veg_Meadow_497
BG512_D3,202607275123,123,23817,094,94.8643397912,33.3027933705,2015,10,train,177,Veg_Meadow_497
BG512_D3,202607275123,124,60611,240,93.7100046511,33.2803354884,2015,12,train,179,Veg_Sparse
BG512_D3,202607275123,125,16901,067,95.2236659049,32.9973661739,2006,6,train,65,Veg_Meadow_497
BG512_D3,202607275123,126,5663,022,95.9737591671,32.7323631651,2014,12,train,167,Veg_Shrub
BG512_D3,202607275123,127,21479,085,95.9917254728,32.8850767634,2009,12,train,107,Veg_Meadow_497
BG512_D3,202607275123,128,3647,014,95.7177393111,32.6964305537,2014,12,train,167,Veg_Coniferous
BG512_D3,202607275123,129,62034,246,94.1591622932,33.2983017941,2008,7,train,90,Veg_Sparse
BG512_D3,202607275123,130,33311,132,93.7998361796,33.19050396,2008,12,train,95,Veg_Meadow_497
BG512_D3,202607275123,131,44891,178,95.7716382282,32.7862620822,2007,12,train,83,Veg_Meadow_499
BG512_D3,202607275123,132,28530,113,93.772886721,33.105164008,2009,7,train,102,Veg_Meadow_497
BG512_D3,202607275123,133,42939,170,94.5319631361,33.5049143094,2013,4,train,147,Veg_Meadow_497
BG512_D3,202607275123,134,57613,228,94.5139968304,32.9075346455,2018,2,train,205,Veg_Sparse
BG512_D3,202607275123,135,33585,133,93.5977152406,33.4330490867,2010,10,train,117,Veg_Meadow_497
BG512_D3,202607275123,136,32523,129,93.633647852,33.5902542614,2006,4,train,63,Veg_Meadow_497
BG512_D3,202607275123,137,18527,073,94.5544210182,33.7339847069,2015,12,train,179,Veg_Meadow_497
BG512_D3,202607275123,138,36196,143,94.4376400313,33.7474594362,2018,5,train,208,Veg_Meadow_497
BG512_D3,202607275123,139,20072,079,93.5752573585,33.3746585933,2018,9,train,212,Veg_Meadow_497
BG512_D3,202607275123,140,17539,069,95.5874835949,32.6649895188,2017,8,train,199,Veg_Meadow_497
BG512_D3,202607275123,141,1303,005,95.6907898526,32.6919389773,2008,8,train,91,Veg_Coniferous
BG512_D3,202607275123,142,6968,027,95.5246015251,32.7188884358,2018,9,train,212,Veg_Shrub
BG512_D3,202607275123,143,16529,065,93.6426310048,33.1770292307,2017,6,train,197,Veg_Meadow_497
BG512_D3,202607275123,144,20955,083,94.4151821492,33.7294931305,2008,4,train,87,Veg_Meadow_497
BG512_D3,202607275123,145,16487,065,93.6426310048,33.1770292307,2013,12,train,155,Veg_Meadow_497
BG512_D3,202607275123,146,33558,133,93.5977152406,33.4330490867,2008,7,train,90,Veg_Meadow_497
BG512_D3,202607275123,147,37373,148,94.7789998392,32.8895683398,2011,6,train,125,Veg_Meadow_497
BG512_D3,202607275123,148,5047,020,95.2640900927,33.0647398202,2005,8,train,55,Veg_Shrub
BG512_D3,202607275123,149,6963,027,95.5246015251,32.7188884358,2018,4,train,207,Veg_Shrub
BG512_D3,202607275123,150,29613,117,95.5156183722,32.8356694228,2015,10,train,177,Veg_Meadow_497
BG512_D3,202607275123,151,25740,102,95.0664607302,33.2938102177,2008,1,train,84,Veg_Meadow_497
BG512_D3,202607275123,152,17984,071,94.1546707168,33.1815208072,2012,9,train,140,Veg_Meadow_497
BG512_D3,202607275123,153,20948,083,94.4151821492,33.7294931305,2007,9,train,80,Veg_Meadow_497
BG512_D3,202607275123,154,48393,192,93.6561057341,33.5138974623,2005,10,train,57,Veg_Meadow_504
BG512_D3,202607275123,155,19513,077,94.5139968304,33.2084702657,2014,2,train,157,Veg_Meadow_497
BG512_D3,202607275123,156,54029,214,94.4466231841,33.5633048029,2013,6,train,149,Veg_Meadow_504
BG512_D3,202607275123,157,46178,183,94.904763979,33.0557566674,2010,3,train,110,Veg_Meadow_499
BG512_D3,202607275123,158,52281,207,94.0783139176,33.6216952964,2014,10,train,165,Veg_Meadow_504
BG512_D3,202607275123,159,4950,019,95.3584131975,32.8311778464,2018,7,train,210,Veg_Shrub
BG512_D3,202607275123,160,23320,092,94.33882535,33.2668607592,2016,5,train,184,Veg_Meadow_497
BG512_D3,202607275123,161,44905,178,95.7716382282,32.7862620822,2009,2,train,97,Veg_Meadow_499
BG512_D3,202607275123,162,12466,049,94.1367044111,33.5633048029,2014,11,train,166,Veg_Meadow_497
BG512_D3,202607275123,163,37445,148,94.7789998392,32.8895683398,2017,6,train,197,Veg_Meadow_497
BG512_D3,202607275123,164,13187,052,94.3028927387,33.3432175583,2011,12,train,131,Veg_Meadow_497
BG512_D3,202607275123,165,55517,220,94.370266385,32.9973661739,2011,6,train,125,Veg_Sparse
BG512_D3,202607275123,166,9931,039,94.6846767344,33.2893186413,2013,8,train,151,Veg_Meadow_497
BG512_D3,202607275123,167,29761,118,95.5785004421,32.795245235,2007,2,train,73,Veg_Meadow_497
BG512_D3,202607275123,168,32650,129,93.633647852,33.5902542614,2016,11,train,190,Veg_Meadow_497
BG512_D3,202607275123,169,4299,017,95.865961333,32.5931242961,2006,4,train,63,Veg_Shrub
BG512_D3,202607275123,170,27319,108,94.4735726426,33.7744088947,2013,8,train,151,Veg_Meadow_497
BG512_D3,202607275123,171,38656,153,94.2310275159,33.2174534185,2013,5,train,148,Veg_Meadow_497
BG512_D3,202607275123,172,45769,181,95.6593488177,32.7997368114,2018,2,train,205,Veg_Meadow_499
BG512_D3,202607275123,173,26326,104,95.951301285,32.6964305537,2014,11,train,166,Veg_Meadow_497
BG512_D3,202607275123,174,49410,196,94.3523000793,33.0961808552,2006,7,train,66,Veg_Meadow_504
BG512_D3,202607275123,175,44637,177,95.951301285,32.7772789293,2007,10,train,81,Veg_Meadow_499
BG512_D3,202607275123,176,41127,163,94.3792495378,33.7294931305,2009,4,train,99,Veg_Meadow_497
BG512_D3,202607275123,177,7312,029,95.9782507435,32.795245235,2005,5,train,52,Veg_Shrub
BG512_D3,202607275123,178,40628,161,94.6442525466,33.2444028771,2009,9,train,104,Veg_Meadow_497
BG512_D3,202607275123,179,54954,218,94.9541713196,33.2668607592,2006,7,train,66,Veg_Sparse
BG512_D3,202607275123,180,46134,183,94.904763979,33.0557566674,2006,7,train,66,Veg_Meadow_499
BG512_D3,202607275123,181,31810,126,94.4870473719,33.7250015541,2009,11,train,106,Veg_Meadow_497
BG512_D3,202607275123,182,17685,070,94.8643397912,32.8985514927,2008,10,train,93,Veg_Meadow_497
BG512_D3,202607275123,183,21721,086,93.8178024852,33.4375406631,2009,2,train,97,Veg_Meadow_497
BG512_D3,202607275123,184,55270,219,95.3224805861,33.1500797722,2011,11,train,130,Veg_Sparse
BG512_D3,202607275123,185,1136,004,95.6099414771,32.7997368114,2015,9,train,176,Veg_Coniferous
BG512_D3,202607275123,186,18251,072,95.1652754114,33.0871977023,2013,12,train,155,Veg_Meadow_497
BG512_D3,202607275123,187,1527,006,95.6368909356,32.7503294708,2006,4,train,63,Veg_Coniferous
BG512_D3,202607275123,188,54086,214,94.4466231841,33.5633048029,2018,3,train,206,Veg_Meadow_504
BG512_D3,202607275123,189,39719,157,95.0844270358,32.9165177983,2017,12,train,203,Veg_Meadow_497
BG512_D3,202607275123,190,25556,101,93.772886721,33.4420322396,2013,9,train,152,Veg_Meadow_497
BG512_D3,202607275123,191,22727,090,94.509505254,33.4914395802,2008,12,train,95,Veg_Meadow_497
BG512_D3,202607275123,192,49646,197,94.6128115117,33.4105912046,2005,3,train,50,Veg_Meadow_504
BG512_D3,202607275123,193,38128,151,94.8867976733,32.8940599162,2011,5,train,124,Veg_Meadow_497
BG512_D3,202607275123,194,30777,122,94.1456875639,33.0602482438,2007,10,train,81,Veg_Meadow_497
BG512_D3,202607275123,195,29058,115,94.1187381054,33.275843912,2011,7,train,126,Veg_Meadow_497
BG512_D3,202607275123,196,57105,226,95.8704529094,32.7548210472,2017,10,train,201,Veg_Sparse
BG512_D3,202607275123,197,49644,197,94.6128115117,33.4105912046,2005,1,train,48,Veg_Meadow_504
BG512_D3,202607275123,198,7685,030,94.4600979134,33.275843912,2015,6,train,173,Veg_Meadow_497
BG512_D3,202607275123,199,46409,184,95.0125618131,33.0647398202,2008,6,train,89,Veg_Meadow_499
BG512_D3,202607275123,200,30837,122,94.1456875639,33.0602482438,2012,10,train,141,Veg_Meadow_497
BG512_D3,202607275123,201,43258,171,95.6279077827,32.8087199643,2018,11,train,214,Veg_Meadow_499
BG512_D3,202607275123,202,28089,111,93.9480582014,33.3117765234,2014,10,train,165,Veg_Meadow_497
BG512_D3,202607275123,203,61538,244,95.5380762543,32.656006366,2009,3,train,98,Veg_Sparse
BG512_D3,202607275123,204,31904,126,94.4870473719,33.7250015541,2017,9,train,200,Veg_Meadow_497
BG512_D3,202607275123,205,25526,101,93.772886721,33.4420322396,2011,3,train,122,Veg_Meadow_497
BG512_D3,202607275123,206,32530,129,93.633647852,33.5902542614,2006,11,train,70,Veg_Meadow_497
BG512_D3,202607275123,207,28767,114,94.904763979,33.2084702657,2008,4,train,87,Veg_Meadow_497
BG512_D3,202607275123,208,14214,056,95.0440028481,33.1141471609,2013,7,train,150,Veg_Meadow_497
BG512_D3,202607275123,209,59059,234,94.4600979134,33.0782145495,2012,8,train,139,Veg_Sparse
BG512_D3,202607275123,210,47459,188,93.5752573585,33.5138974623,2011,12,train,131,Veg_Meadow_504
BG512_D3,202607275123,211,35040,139,94.8014577213,33.3387259819,2006,1,train,60,Veg_Meadow_497
BG512_D3,202607275123,212,61653,244,95.5380762543,32.656006366,2018,10,train,213,Veg_Sparse
BG512_D3,202607275123,213,28311,112,95.5380762543,32.8311778464,2012,4,train,135,Veg_Meadow_497
BG512_D3,202607275123,214,17707,070,94.8643397912,32.8985514927,2010,8,train,115,Veg_Meadow_497
BG512_D3,202607275123,215,5156,020,95.2640900927,33.0647398202,2014,9,train,164,Veg_Shrub
BG512_D3,202607275123,216,45951,182,95.812062416,32.7143968594,2012,4,train,135,Veg_Meadow_499
BG512_D3,202607275123,217,1799,007,95.695281429,32.7054137066,2007,12,train,83,Veg_Coniferous
BG512_D3,202607275123,218,12763,050,94.509505254,33.4195743575,2018,8,train,211,Veg_Meadow_497
BG512_D3,202607275123,219,1561,006,95.6368909356,32.7503294708,2009,2,train,97,Veg_Coniferous
BG512_D3,202607275123,220,49398,196,94.3523000793,33.0961808552,2005,7,train,54,Veg_Meadow_504
BG512_D3,202607275123,221,42461,168,93.7234793804,33.5543216501,2015,6,train,173,Veg_Meadow_497
BG512_D3,202607275123,222,3319,013,95.7222308876,32.7009221302,2008,8,train,91,Veg_Coniferous
BG512_D3,202607275123,223,43205,171,95.6279077827,32.8087199643,2014,6,train,161,Veg_Meadow_499
BG512_D3,202607275123,224,30843,122,94.1456875639,33.0602482438,2013,4,train,147,Veg_Meadow_497
BG512_D3,202607275123,225,50238,199,93.5932236642,33.4599985452,2012,7,train,138,Veg_Meadow_504
BG512_D3,202607275123,226,42085,167,94.8373903327,33.0871977023,2005,2,train,49,Veg_Meadow_497
BG512_D3,202607275123,227,21711,086,93.8178024852,33.4375406631,2008,4,train,87,Veg_Meadow_497
BG512_D3,202607275123,228,58484,232,94.6756935816,32.9389756805,2006,9,train,68,Veg_Sparse
BG512_D3,202607275123,229,60752,241,94.1367044111,33.3207596762,2006,9,train,68,Veg_Sparse
BG512_D3,202607275123,230,53999,214,94.4466231841,33.5633048029,2010,12,train,119,Veg_Meadow_504
BG512_D3,202607275123,231,14196,056,95.0440028481,33.1141471609,2012,1,train,132,Veg_Meadow_497
BG512_D3,202607275123,232,32871,130,94.4960305247,32.9479588333,2014,4,train,159,Veg_Meadow_497
BG512_D3,202607275123,233,54271,215,95.8030792631,32.8671104577,2012,8,train,139,Veg_Sparse
BG512_D3,202607275123,234,47795,189,94.2624685509,32.9165177983,2018,12,train,215,Veg_Meadow_504
BG512_D3,202607275123,235,59606,236,94.8463734855,32.8266862699,2016,3,train,182,Veg_Sparse
BG512_D3,202607275123,236,57538,228,94.5139968304,32.9075346455,2011,11,train,130,Veg_Sparse
BG512_D3,202607275123,237,34348,136,94.1367044111,33.0647398202,2011,5,train,124,Veg_Meadow_497
BG512_D3,202607275123,238,6343,025,95.470702608,32.8221946935,2008,8,train,91,Veg_Shrub
BG512_D3,202607275123,239,2372,009,95.7491803461,32.6919389773,2013,9,train,152,Veg_Coniferous
BG512_D3,202607275123,240,11473,045,94.5364547125,33.5498300737,2016,2,train,181,Veg_Meadow_497
BG512_D3,202607275123,241,45967,182,95.812062416,32.7143968594,2013,8,train,151,Veg_Meadow_499
BG512_D3,202607275123,242,29797,118,95.5785004421,32.795245235,2010,2,train,109,Veg_Meadow_497
BG512_D3,202607275123,243,36893,146,94.253485398,33.2174534185,2013,6,train,149,Veg_Meadow_497
BG512_D3,202607275123,244,32294,128,94.5858620532,33.446523816,2008,3,train,86,Veg_Meadow_497
BG512_D3,202607275123,245,36357,144,94.5274715597,32.934484104,2010,10,train,117,Veg_Meadow_497
BG512_D3,202607275123,246,13383,053,95.8749444859,32.6829558245,2007,4,train,75,Veg_Meadow_497
BG512_D3,202607275123,247,42981,170,94.5319631361,33.5049143094,2016,10,train,189,Veg_Meadow_497
BG512_D3,202607275123,248,1610,006,95.6368909356,32.7503294708,2013,3,train,146,Veg_Coniferous
BG512_D3,202607275123,249,27622,109,94.4061989963,33.221944995,2017,11,train,202,Veg_Meadow_497
BG512_D3,202607275123,250,4445,017,95.865961333,32.5931242961,2018,6,train,209,Veg_Shrub
BG512_D3,202607275123,251,59589,236,94.8463734855,32.8266862699,2014,10,train,165,Veg_Sparse
BG512_D3,202607275123,252,53188,211,93.8447519438,33.1770292307,2006,5,train,64,Veg_Meadow_504
BG512_D3,202607275123,253,36545,145,95.0844270358,33.1500797722,2005,6,train,53,Veg_Meadow_497
BG512_D3,202607275123,254,7357,029,95.9782507435,32.795245235,2009,2,train,97,Veg_Shrub
BG512_D3,202607275123,255,9895,039,94.6846767344,33.2893186413,2010,8,train,115,Veg_Meadow_497
BG512_D3,202607275123,256,16637,066,95.865961333,32.8446525756,2005,6,train,53,Veg_Meadow_497
BG512_D3,202607275123,257,15155,060,94.6577272759,33.5677963793,2007,12,train,83,Veg_Meadow_497
BG512_D3,202607275123,258,3888,015,95.8435034509,32.6425316367,2014,1,train,156,Veg_Shrub
BG512_D3,202607275123,259,56235,223,93.9525497779,33.3387259819,2008,4,train,87,Veg_Sparse
BG512_D3,202607275123,260,18681,074,95.1068849179,32.9075346455,2007,10,train,81,Veg_Meadow_497
BG512_D3,202607275123,261,7358,029,95.9782507435,32.795245235,2009,3,train,98,Veg_Shrub
BG512_D3,202607275123,262,62061,246,94.1591622932,33.2983017941,2010,10,train,117,Veg_Sparse
BG512_D3,202607275123,263,9958,039,94.6846767344,33.2893186413,2015,11,train,178,Veg_Meadow_497
BG512_D3,202607275123,264,25084,099,94.4780642191,32.9165177983,2016,5,train,184,Veg_Meadow_497
BG512_D3,202607275123,265,50434,200,93.8941592844,33.5992374143,2007,11,train,82,Veg_Meadow_504
BG512_D3,202607275123,266,15439,061,94.4870473719,33.4824564273,2010,8,train,115,Veg_Meadow_497
BG512_D3,202607275123,267,34598,137,94.0378897298,33.4510153924,2011,3,train,122,Veg_Meadow_497
BG512_D3,202607275123,268,50298,199,93.5932236642,33.4599985452,2017,7,train,198,Veg_Meadow_504
BG512_D3,202607275123,269,20510,081,94.4196737256,33.6441531785,2013,3,train,146,Veg_Meadow_497
BG512_D3,202607275123,270,3360,013,95.7222308876,32.7009221302,2012,1,train,132,Veg_Coniferous
BG512_D3,202607275123,271,53320,211,93.8447519438,33.1770292307,2017,5,train,196,Veg_Meadow_504
BG512_D3,202607275123,272,40365,160,95.214682752,33.0108409032,2008,10,train,93,Veg_Meadow_497
BG512_D3,202607275123,273,44460,176,95.9737591671,32.8177031171,2014,1,train,156,Veg_Meadow_499
BG512_D3,202607275123,274,47779,189,94.2624685509,32.9165177983,2017,8,train,199,Veg_Meadow_504
BG512_D3,202607275123,275,38838,154,95.0709523066,33.2803354884,2007,7,train,78,Veg_Meadow_497
BG512_D3,202607275123,276,29838,118,95.5785004421,32.795245235,2013,7,train,150,Veg_Meadow_497
BG512_D3,202607275123,277,29783,118,95.5785004421,32.795245235,2008,12,train,95,Veg_Meadow_497
BG512_D3,202607275123,278,51,000,95.5785004421,32.8536357285,2009,4,train,99,Veg_Coniferous
BG512_D3,202607275123,279,43379,172,94.9586628961,33.0692313966,2007,12,train,83,Veg_Meadow_499
BG512_D3,202607275123,280,24737,098,95.8030792631,32.9075346455,2008,6,train,89,Veg_Meadow_497
BG512_D3,202607275123,281,47988,190,93.7459372625,33.6980520955,2014,1,train,156,Veg_Meadow_504
BG512_D3,202607275123,282,28759,114,94.904763979,33.2084702657,2007,8,train,79,Veg_Meadow_497
BG512_D3,202607275123,283,51818,205,94.0872970705,33.671102637,2018,3,train,206,Veg_Meadow_504
BG512_D3,202607275123,284,57351,227,93.9705160835,33.3162680998,2017,4,train,195,Veg_Sparse
BG512_D3,202607275123,285,3153,012,95.5740088657,32.8177031171,2015,10,train,177,Veg_Coniferous
BG512_D3,202607275123,286,26288,104,95.951301285,32.6964305537,2011,9,train,128,Veg_Meadow_497
BG512_D3,202607275123,287,50686,201,94.3118758915,32.9389756805,2007,11,train,82,Veg_Meadow_504
BG512_D3,202607275123,288,12423,049,94.1367044111,33.5633048029,2011,4,train,123,Veg_Meadow_497
BG512_D3,202607275123,289,20755,082,94.9137471319,32.9883830211,2012,8,train,139,Veg_Meadow_497
BG512_D3,202607275123,290,53176,211,93.8447519438,33.1770292307,2005,5,train,52,Veg_Meadow_504
BG512_D3,202607275123,291,44493,176,95.9737591671,32.8177031171,2016,10,train,189,Veg_Meadow_499
BG512_D3,202607275123,292,34092,135,93.9884823892,33.4016080518,2011,1,train,120,Veg_Meadow_497
BG512_D3,202607275123,293,40690,161,94.6442525466,33.2444028771,2014,11,train,166,Veg_Meadow_497
BG512_D3,202607275123,294,42888,170,94.5319631361,33.5049143094,2009,1,train,96,Veg_Meadow_497
BG512_D3,202607275123,295,18985,075,94.3253506208,33.1725376543,2012,2,train,133,Veg_Meadow_497
BG512_D3,202607275123,296,57708,229,94.7834914157,32.934484104,2005,1,train,48,Veg_Sparse
BG512_D3,202607275123,297,24826,098,95.8030792631,32.9075346455,2015,11,train,178,Veg_Meadow_497
BG512_D3,202607275123,298,18537,073,94.5544210182,33.7339847069,2016,10,train,189,Veg_Meadow_497
BG512_D3,202607275123,299,55720,221,95.4617194552,32.7143968594,2007,5,train,76,Veg_Sparse
BG512_D3,202607275123,300,53760,213,94.1546707168,33.1410966194,2012,1,train,132,Veg_Meadow_504
BG512_D3,202607275123,301,48217,191,93.6291562756,33.446523816,2012,2,train,133,Veg_Meadow_504
BG512_D3,202607275123,302,4439,017,95.865961333,32.5931242961,2017,12,train,203,Veg_Shrub
BG512_D3,202607275123,303,365,001,95.6279077827,32.7997368114,2014,6,train,161,Veg_Coniferous
BG512_D3,202607275123,304,31370,124,95.2101911756,33.1635545015,2015,3,train,170,Veg_Meadow_497
BG512_D3,202607275123,305,27832,110,94.114246529,33.5363553444,2014,5,train,160,Veg_Meadow_497
BG512_D3,202607275123,306,24231,096,94.9721376253,33.2399113006,2008,4,train,87,Veg_Meadow_497
BG512_D3,202607275123,307,10122,040,94.1232296818,33.5767795322,2008,7,train,90,Veg_Meadow_497
BG512_D3,202607275123,308,47732,189,94.2624685509,32.9165177983,2013,9,train,152,Veg_Meadow_504
BG512_D3,202607275123,309,23006,091,94.5454378654,33.3566922876,2011,3,train,122,Veg_Meadow_497
BG512_D3,202607275123,310,5457,021,95.7896045339,32.656006366,2018,10,train,213,Veg_Shrub
BG512_D3,202607275123,311,37593,149,95.6144330535,32.7233800123,2008,10,train,93,Veg_Meadow_497
BG512_D3,202607275123,312,47129,187,93.5932236642,33.6306784492,2005,6,train,53,Veg_Meadow_504
BG512_D3,202607275123,313,55103,218,94.9541713196,33.2668607592,2018,12,train,215,Veg_Sparse
BG512_D3,202607275123,314,31532,125,93.6605973105,33.2174534185,2007,9,train,80,Veg_Meadow_497
BG512_D3,202607275123,315,21529,085,95.9917254728,32.8850767634,2014,2,train,157,Veg_Meadow_497
BG512_D3,202607275123,316,53221,211,93.8447519438,33.1770292307,2009,2,train,97,Veg_Meadow_504
BG512_D3,202607275123,317,50008,198,93.5348331707,33.5363553444,2014,5,train,160,Veg_Meadow_504
BG512_D3,202607275123,318,32593,129,93.633647852,33.5902542614,2012,2,train,133,Veg_Meadow_497
BG512_D3,202607275123,319,30011,119,94.2175527867,33.2039786893,2006,12,train,71,Veg_Meadow_497
BG512_D3,202607275123,320,30130,119,94.2175527867,33.2039786893,2016,11,train,190,Veg_Meadow_497
BG512_D3,202607275123,321,46006,182,95.812062416,32.7143968594,2016,11,train,190,Veg_Meadow_499
BG512_D3,202607275123,322,23545,093,93.9839908128,33.0961808552,2014,2,train,157,Veg_Meadow_497
BG512_D3,202607275123,323,26280,104,95.951301285,32.6964305537,2011,1,train,120,Veg_Meadow_497
BG512_D3,202607275123,324,10195,040,94.1232296818,33.5767795322,2014,8,train,163,Veg_Meadow_497
BG512_D3,202607275123,325,12761,050,94.509505254,33.4195743575,2018,6,train,209,Veg_Meadow_497
BG512_D3,202607275123,326,3123,012,95.5740088657,32.8177031171,2013,4,train,147,Veg_Coniferous
BG512_D3,202607275123,327,30388,120,93.7594119918,33.0243156324,2017,5,train,196,Veg_Meadow_497
BG512_D3,202607275123,328,28478,113,93.772886721,33.105164008,2005,3,train,50,Veg_Meadow_497
BG512_D3,202607275123,329,13421,053,95.8749444859,32.6829558245,2010,6,train,113,Veg_Meadow_497
BG512_D3,202607275123,330,51801,205,94.0872970705,33.671102637,2016,10,train,189,Veg_Meadow_504
BG512_D3,202607275123,331,43125,171,95.6279077827,32.8087199643,2007,10,train,81,Veg_Meadow_499
BG512_D3,202607275123,332,6928,027,95.5246015251,32.7188884358,2015,5,train,172,Veg_Shrub
BG512_D3,202607275123,333,3078,012,95.5740088657,32.8177031171,2009,7,train,102,Veg_Coniferous
BG512_D3,202607275123,334,32126,127,94.4421316077,33.4644901217,2015,3,train,170,Veg_Meadow_497
BG512_D3,202607275123,335,26801,106,93.6111899699,33.0782145495,2012,6,train,137,Veg_Meadow_497
BG512_D3,202607275123,336,15631,062,94.9811207782,33.2533860299,2005,8,train,55,Veg_Meadow_497
BG512_D3,202607275123,337,35103,139,94.8014577213,33.3387259819,2011,4,train,123,Veg_Meadow_497
BG512_D3,202607275123,338,54054,214,94.4466231841,33.5633048029,2015,7,train,174,Veg_Meadow_504
BG512_D3,202607275123,339,11166,044,94.6532356995,33.2488944535,2011,7,train,126,Veg_Meadow_497
BG512_D3,202607275123,340,32899,130,94.4960305247,32.9479588333,2016,8,train,187,Veg_Meadow_497
BG512_D3,202607275123,341,27839,110,94.114246529,33.5363553444,2014,12,train,167,Veg_Meadow_497
BG512_D3,202607275123,342,6692,026,95.9737591671,32.7997368114,2016,9,train,188,Veg_Shrub
BG512_D3,202607275123,343,8942,035,93.858226673,33.3162680998,2015,3,train,170,Veg_Meadow_497
BG512_D3,202607275123,344,40873,162,94.648744123,33.5902542614,2009,2,train,97,Veg_Meadow_497
BG512_D3,202607275123,345,61363,243,95.4392615731,32.7548210472,2015,8,train,175,Veg_Sparse
BG512_D3,202607275123,346,40103,159,95.1787501407,32.9434672569,2007,12,train,83,Veg_Meadow_497
BG512_D3,202607275123,347,41634,165,94.5499294418,32.9883830211,2009,7,train,102,Veg_Meadow_497
BG512_D3,202607275123,348,22342,088,94.8418819091,33.2354197242,2018,11,train,214,Veg_Meadow_497
BG512_D3,202607275123,349,54473,216,94.2265359395,33.2938102177,2008,6,train,89,Veg_Sparse
BG512_D3,202607275123,350,61311,243,95.4392615731,32.7548210472,2011,4,train,123,Veg_Sparse
BG512_D3,202607275123,351,1313,005,95.6907898526,32.6919389773,2009,6,train,101,Veg_Coniferous
BG512_D3,202607275123,352,42880,170,94.5319631361,33.5049143094,2008,5,train,88,Veg_Meadow_497
BG512_D3,202607275123,353,37364,148,94.7789998392,32.8895683398,2010,9,train,116,Veg_Meadow_497
BG512_D3,202607275123,354,21561,085,95.9917254728,32.8850767634,2016,10,train,189,Veg_Meadow_497
BG512_D3,202607275123,355,7968,031,94.0199234242,33.051265091,2018,1,train,204,Veg_Meadow_497
BG512_D3,202607275123,356,17422,069,95.5874835949,32.6649895188,2007,11,train,82,Veg_Meadow_497
BG512_D3,202607275123,357,32564,129,93.633647852,33.5902542614,2009,9,train,104,Veg_Meadow_497
BG512_D3,202607275123,358,12979,051,94.6083199353,32.9389756805,2015,8,train,175,Veg_Meadow_497
BG512_D3,202607275123,359,26872,106,93.6111899699,33.0782145495,2018,5,train,208,Veg_Meadow_497
BG512_D3,202607275123,360,17782,070,94.8643397912,32.8985514927,2016,11,train,190,Veg_Meadow_497
BG512_D3,202607275123,361,3678,014,95.7177393111,32.6964305537,2017,7,train,198,Veg_Coniferous
BG512_D3,202607275123,362,61511,244,95.5380762543,32.656006366,2006,12,train,71,Veg_Sparse
BG512_D3,202607275123,363,157,000,95.5785004421,32.8536357285,2018,2,train,205,Veg_Coniferous
BG512_D3,202607275123,364,57836,229,94.7834914157,32.934484104,2015,9,train,176,Veg_Sparse
BG512_D3,202607275123,365,35686,141,94.5454378654,33.5049143094,2017,11,train,202,Veg_Meadow_497
BG512_D3,202607275123,366,53266,211,93.8447519438,33.1770292307,2012,11,train,142,Veg_Meadow_504
BG512_D3,202607275123,367,38,000,95.5785004421,32.8536357285,2008,3,train,86,Veg_Coniferous
BG512_D3,202607275123,368,42671,169,94.3433169264,33.2623691827,2011,12,train,131,Veg_Meadow_497
BG512_D3,202607275123,369,24703,098,95.8030792631,32.9075346455,2005,8,train,55,Veg_Meadow_497
BG512_D3,202607275123,370,42605,169,94.3433169264,33.2623691827,2006,6,train,65,Veg_Meadow_497
BG512_D3,202607275123,371,18195,072,95.1652754114,33.0871977023,2009,4,train,99,Veg_Meadow_497
BG512_D3,202607275123,372,28250,112,95.5380762543,32.8311778464,2007,3,train,74,Veg_Meadow_497
BG512_D3,202607275123,373,44141,175,95.6458740884,32.7682957765,2008,6,train,89,Veg_Meadow_499
BG512_D3,202607275123,374,23306,092,94.33882535,33.2668607592,2015,3,train,170,Veg_Meadow_497
BG512_D3,202607275123,375,22061,087,94.3837411142,33.6351700256,2016,6,train,185,Veg_Meadow_497
BG512_D3,202607275123,376,37164,147,93.6246646991,33.5498300737,2015,1,train,168,Veg_Meadow_497
BG512_D3,202607275123,377,12993,051,94.6083199353,32.9389756805,2016,10,train,189,Veg_Meadow_497
BG512_D3,202607275123,378,2395,009,95.7491803461,32.6919389773,2015,8,train,175,Veg_Coniferous
BG512_D3,202607275123,379,1294,005,95.6907898526,32.6919389773,2007,11,train,82,Veg_Coniferous
BG512_D3,202607275123,380,43995,174,95.9647760143,32.6649895188,2017,4,train,195,Veg_Meadow_499
BG512_D3,202607275123,381,20220,080,95.0170533895,32.8311778464,2010,1,train,108,Veg_Meadow_497
BG512_D3,202607275123,382,24010,095,95.1832417171,33.0153324796,2010,11,train,118,Veg_Meadow_497
BG512_D3,202607275123,383,642,002,95.6234162063,32.7503294708,2016,7,train,186,Veg_Coniferous
BG512_D3,202607275123,384,31912,126,94.4870473719,33.7250015541,2018,5,train,208,Veg_Meadow_497
BG512_D3,202607275123,385,54554,216,94.2265359395,33.2938102177,2015,3,train,170,Veg_Sparse
BG512_D3,202607275123,386,41872,166,94.5229799833,33.0602482438,2008,5,train,88,Veg_Meadow_497
BG512_D3,202607275123,387,43951,174,95.9647760143,32.6649895188,2013,8,train,151,Veg_Meadow_499
BG512_D3,202607275123,388,44923,178,95.7716382282,32.7862620822,2010,8,train,115,Veg_Meadow_499
BG512_D3,202607275123,389,5802,023,95.7896045339,32.6470232131,2005,7,train,54,Veg_Shrub
BG512_D3,202607275123,390,49448,196,94.3523000793,33.0961808552,2009,9,train,104,Veg_Meadow_504
BG512_D3,202607275123,391,33280,132,93.7998361796,33.19050396,2006,5,train,64,Veg_Meadow_497
BG512_D3,202607275123,392,47252,187,93.5932236642,33.6306784492,2015,9,train,176,Veg_Meadow_504
BG512_D3,202607275123,393,54973,218,94.9541713196,33.2668607592,2008,2,train,85,Veg_Sparse
BG512_D3,202607275123,394,18966,075,94.3253506208,33.1725376543,2010,7,train,114,Veg_Meadow_497
BG512_D3,202607275123,395,52723,209,94.0962802233,33.5633048029,2009,8,train,103,Veg_Meadow_504
BG512_D3,202607275123,396,11348,045,94.5364547125,33.5498300737,2005,9,train,56,Veg_Meadow_497
BG512_D3,202607275123,397,10881,043,94.9406965904,32.9165177983,2008,10,train,93,Veg_Meadow_497
BG512_D3,202607275123,398,7149,028,95.0395112716,33.1231303137,2012,10,train,141,Veg_Shrub
BG512_D3,202607275123,399,48699,193,94.1546707168,33.4959311566,2010,4,train,111,Veg_Meadow_504
BG512_D3,202607275123,400,27628,109,94.4061989963,33.221944995,2018,5,train,208,Veg_Meadow_497
BG512_D3,202607275123,401,10851,043,94.9406965904,32.9165177983,2006,4,train,63,Veg_Meadow_497
BG512_D3,202607275123,402,45662,181,95.6593488177,32.7997368114,2009,3,train,98,Veg_Meadow_499
BG512_D3,202607275123,403,31877,126,94.4870473719,33.7250015541,2015,6,train,173,Veg_Meadow_497
BG512_D3,202607275123,404,3028,012,95.5740088657,32.8177031171,2005,5,train,52,Veg_Coniferous
BG512_D3,202607275123,405,31400,124,95.2101911756,33.1635545015,2017,9,train,200,Veg_Meadow_497
BG512_D3,202607275123,406,14970,059,94.9406965904,32.8311778464,2013,7,train,150,Veg_Meadow_497
BG512_D3,202607275123,407,21317,084,94.3298421972,33.6755942134,2017,6,train,197,Veg_Meadow_497
BG512_D3,202607275123,408,30109,119,94.2175527867,33.2039786893,2015,2,train,169,Veg_Meadow_497
BG512_D3,202607275123,409,4691,018,95.7671466518,32.6470232131,2017,12,train,203,Veg_Shrub
BG512_D3,202607275123,410,24780,098,95.8030792631,32.9075346455,2012,1,train,132,Veg_Meadow_497
BG512_D3,202607275123,411,48022,190,93.7459372625,33.6980520955,2016,11,train,190,Veg_Meadow_504
BG512_D3,202607275123,412,52805,209,94.0962802233,33.5633048029,2016,6,train,185,Veg_Meadow_504
BG512_D3,202607275123,413,16710,066,95.865961333,32.8446525756,2011,7,train,126,Veg_Meadow_497
BG512_D3,202607275123,414,4420,017,95.865961333,32.5931242961,2016,5,train,184,Veg_Shrub
BG512_D3,202607275123,415,48924,194,94.3343337736,33.1141471609,2008,1,train,84,Veg_Meadow_504
BG512_D3,202607275123,416,42997,170,94.5319631361,33.5049143094,2018,2,train,205,Veg_Meadow_497
BG512_D3,202607275123,417,43864,174,95.9647760143,32.6649895188,2006,5,train,64,Veg_Meadow_499
BG512_D3,202607275123,418,1160,004,95.6099414771,32.7997368114,2017,9,train,200,Veg_Coniferous
BG512_D3,202607275123,419,40339,160,95.214682752,33.0108409032,2006,8,train,67,Veg_Meadow_497
BG512_D3,202607275123,420,1296,005,95.6907898526,32.6919389773,2008,1,train,84,Veg_Coniferous
BG512_D3,202607275123,421,17523,069,95.5874835949,32.6649895188,2016,4,train,183,Veg_Meadow_497
BG512_D3,202607275123,422,52327,207,94.0783139176,33.6216952964,2018,8,train,211,Veg_Meadow_504
BG512_D3,202607275123,423,51715,205,94.0872970705,33.671102637,2009,8,train,103,Veg_Meadow_504
BG512_D3,202607275123,424,9197,036,94.6667104287,33.019824056,2015,6,train,173,Veg_Meadow_497
BG512_D3,202607275123,425,12162,048,93.7234793804,33.5498300737,2010,7,train,114,Veg_Meadow_497
BG512_D3,202607275123,426,4366,017,95.865961333,32.5931242961,2011,11,train,130,Veg_Shrub
BG512_D3,202607275123,427,30771,122,94.1456875639,33.0602482438,2007,4,train,75,Veg_Meadow_497
BG512_D3,202607275123,428,19310,076,95.385362656,32.7997368114,2018,3,train,206,Veg_Meadow_497
BG512_D3,202607275123,429,37691,149,95.6144330535,32.7233800123,2016,12,train,191,Veg_Meadow_497
BG512_D3,202607275123,430,30890,122,94.1456875639,33.0602482438,2017,3,train,194,Veg_Meadow_497
BG512_D3,202607275123,431,14929,059,94.9406965904,32.8311778464,2010,2,train,109,Veg_Meadow_497
BG512_D3,202607275123,432,9576,038,95.0260365424,32.8446525756,2005,1,train,48,Veg_Meadow_497
BG512_D3,202607275123,433,56484,224,94.0917886469,33.051265091,2008,1,train,84,Veg_Sparse
BG512_D3,202607275123,434,19230,076,95.385362656,32.7997368114,2011,7,train,126,Veg_Meadow_497
BG512_D3,202607275123,435,60894,241,94.1367044111,33.3207596762,2018,7,train,210,Veg_Sparse
BG512_D3,202607275123,436,30528,121,95.2640900927,32.8042283878,2008,1,train,84,Veg_Meadow_497
BG512_D3,202607275123,437,27293,108,94.4735726426,33.7744088947,2011,6,train,125,Veg_Meadow_497
BG512_D3,202607275123,438,8668,034,94.3028927387,33.6890689427,2013,5,train,148,Veg_Meadow_497
BG512_D3,202607275123,439,55570,220,94.370266385,32.9973661739,2015,11,train,178,Veg_Sparse
BG512_D3,202607275123,440,26575,105,95.0125618131,32.880585187,2014,8,train,163,Veg_Meadow_497
BG512_D3,202607275123,441,29620,117,95.5156183722,32.8356694228,2016,5,train,184,Veg_Meadow_497
BG512_D3,202607275123,442,36364,144,94.5274715597,32.934484104,2011,5,train,124,Veg_Meadow_497
BG512_D3,202607275123,443,15032,059,94.9406965904,32.8311778464,2018,9,train,212,Veg_Meadow_497
BG512_D3,202607275123,444,37897,150,94.1097549526,33.4330490867,2013,2,train,145,Veg_Meadow_497
BG512_D3,202607275123,445,36438,144,94.5274715597,32.934484104,2017,7,train,198,Veg_Meadow_497
BG512_D3,202607275123,446,32082,127,94.4421316077,33.4644901217,2011,7,train,126,Veg_Meadow_497
BG512_D3,202607275123,447,36924,146,94.253485398,33.2174534185,2016,1,train,180,Veg_Meadow_497
BG512_D3,202607275123,448,12605,050,94.509505254,33.4195743575,2005,6,train,53,Veg_Meadow_497
BG512_D3,202607275123,449,21761,086,93.8178024852,33.4375406631,2012,6,train,137,Veg_Meadow_497
BG512_D3,202607275123,450,4673,018,95.7671466518,32.6470232131,2016,6,train,185,Veg_Shrub
BG512_D3,202607275123,451,22484,089,95.6279077827,32.6649895188,2009,9,train,104,Veg_Meadow_497
BG512_D3,202607275123,452,58090,230,94.680185158,33.0782145495,2015,11,train,178,Veg_Sparse
BG512_D3,202607275123,453,40102,159,95.1787501407,32.9434672569,2007,11,train,82,Veg_Meadow_497
BG512_D3,202607275123,454,9693,038,95.0260365424,32.8446525756,2014,10,train,165,Veg_Meadow_497
BG512_D3,202607275123,455,13246,052,94.3028927387,33.3432175583,2016,11,train,190,Veg_Meadow_497
BG512_D3,202607275123,456,14984,059,94.9406965904,32.8311778464,2014,9,train,164,Veg_Meadow_497
BG512_D3,202607275123,457,5911,023,95.7896045339,32.6470232131,2014,8,train,163,Veg_Shrub
BG512_D3,202607275123,458,29094,115,94.1187381054,33.275843912,2014,7,train,162,Veg_Meadow_497
BG512_D3,202607275123,459,57042,226,95.8704529094,32.7548210472,2012,7,train,138,Veg_Sparse
BG512_D3,202607275123,460,43175,171,95.6279077827,32.8087199643,2011,12,train,131,Veg_Meadow_499
BG512_D3,202607275123,461,45900,182,95.812062416,32.7143968594,2008,1,train,84,Veg_Meadow_499
BG512_D3,202607275123,462,49898,198,93.5348331707,33.5363553444,2005,3,train,50,Veg_Meadow_504
BG512_D3,202607275123,463,44372,176,95.9737591671,32.8177031171,2006,9,train,68,Veg_Meadow_499
BG512_D3,202607275123,464,27490,109,94.4061989963,33.221944995,2006,11,train,70,Veg_Meadow_497
BG512_D3,202607275123,465,35192,139,94.8014577213,33.3387259819,2018,9,train,212,Veg_Meadow_497
BG512_D3,202607275123,466,46743,185,94.9586628961,33.051265091,2015,4,train,171,Veg_Meadow_499
BG512_D3,202607275123,467,4398,017,95.865961333,32.5931242961,2014,7,train,162,Veg_Shrub
BG512_D3,202607275123,468,28322,112,95.5380762543,32.8311778464,2013,3,train,146,Veg_Meadow_497
BG512_D3,202607275123,469,37324,148,94.7789998392,32.8895683398,2007,5,train,76,Veg_Meadow_497
BG512_D3,202607275123,470,8472,033,94.0154318477,33.1725376543,2018,1,train,204,Veg_Meadow_497
BG512_D3,202607275123,471,33013,131,94.6756935816,32.9030430691,2005,2,train,49,Veg_Meadow_497
BG512_D3,202607275123,472,6697,026,95.9737591671,32.7997368114,2017,2,train,193,Veg_Shrub
BG512_D3,202607275123,473,49981,198,93.5348331707,33.5363553444,2012,2,train,133,Veg_Meadow_504
BG512_D3,202607275123,474,33626,133,93.5977152406,33.4330490867,2014,3,train,158,Veg_Meadow_497
BG512_D3,202607275123,475,35834,142,94.9092555554,32.8671104577,2009,3,train,98,Veg_Meadow_497
BG512_D3,202607275123,476,52569,208,93.7100046511,33.6306784492,2017,10,train,201,Veg_Meadow_504
BG512_D3,202607275123,477,12895,051,94.6083199353,32.9389756805,2008,8,train,91,Veg_Meadow_497
BG512_D3,202607275123,478,24285,096,94.9721376253,33.2399113006,2012,10,train,141,Veg_Meadow_497
BG512_D3,202607275123,479,42863,170,94.5319631361,33.5049143094,2006,12,train,71,Veg_Meadow_497
BG512_D3,202607275123,480,34909,138,94.5813704767,32.9299925276,2016,2,train,181,Veg_Meadow_497
BG512_D3,202607275123,481,25867,102,95.0664607302,33.2938102177,2018,8,train,211,Veg_Meadow_497
BG512_D3,202607275123,482,34371,136,94.1367044111,33.0647398202,2013,4,train,147,Veg_Meadow_497
BG512_D3,202607275123,483,34570,137,94.0378897298,33.4510153924,2008,11,train,94,Veg_Meadow_497
BG512_D3,202607275123,484,23216,092,94.33882535,33.2668607592,2007,9,train,80,Veg_Meadow_497
BG512_D3,202607275123,485,44982,178,95.7716382282,32.7862620822,2015,7,train,174,Veg_Meadow_499
BG512_D3,202607275123,486,32610,129,93.633647852,33.5902542614,2013,7,train,150,Veg_Meadow_497
BG512_D3,202607275123,487,18150,072,95.1652754114,33.0871977023,2005,7,train,54,Veg_Meadow_497
BG512_D3,202607275123,488,20579,081,94.4196737256,33.6441531785,2018,12,train,215,Veg_Meadow_497
BG512_D3,202607275123,489,36634,145,95.0844270358,33.1500797722,2012,11,train,142,Veg_Meadow_497
BG512_D3,202607275123,490,60616,240,93.7100046511,33.2803354884,2016,5,train,184,Veg_Sparse
BG512_D3,202607275123,491,50419,200,93.8941592844,33.5992374143,2006,8,train,67,Veg_Meadow_504
BG512_D3,202607275123,492,55957,222,95.8929107915,32.6694810952,2006,2,train,61,Veg_Sparse
BG512_D3,202607275123,493,49143,195,93.6471225812,33.6486447549,2005,4,train,51,Veg_Meadow_504
BG512_D3,202607275123,494,38637,153,94.2310275159,33.2174534185,2011,10,train,129,Veg_Meadow_497
BG512_D3,202607275123,495,55050,218,94.9541713196,33.2668607592,2014,7,train,162,Veg_Sparse
BG512_D3,202607275123,496,59104,234,94.4600979134,33.0782145495,2016,5,train,184,Veg_Sparse
BG512_D3,202607275123,497,57036,226,95.8704529094,32.7548210472,2012,1,train,132,Veg_Sparse
BG512_D3,202607275123,498,34044,135,93.9884823892,33.4016080518,2007,1,train,72,Veg_Meadow_497
BG512_D3,202607275123,499,24753,098,95.8030792631,32.9075346455,2009,10,train,105,Veg_Meadow_497
BG512_D3,202607275123,500,24818,098,95.8030792631,32.9075346455,2015,3,train,170,Veg_Meadow_497
BG512_D3,202607275123,501,35425,140,94.5364547125,33.0692313966,2017,2,train,193,Veg_Meadow_497
BG512_D3,202607275123,502,13229,052,94.3028927387,33.3432175583,2015,6,train,173,Veg_Meadow_497
BG512_D3,202607275123,503,13405,053,95.8749444859,32.6829558245,2009,2,train,97,Veg_Meadow_497
BG512_D3,202607275123,504,12159,048,93.7234793804,33.5498300737,2010,4,train,111,Veg_Meadow_497
BG512_D3,202607275123,505,11615,046,94.5409462889,33.0782145495,2006,12,train,71,Veg_Meadow_497
BG512_D3,202607275123,506,28509,113,93.772886721,33.105164008,2007,10,train,81,Veg_Meadow_497
BG512_D3,202607275123,507,4653,018,95.7671466518,32.6470232131,2014,10,train,165,Veg_Shrub
BG512_D3,202607275123,508,20688,082,94.9137471319,32.9883830211,2007,1,train,72,Veg_Meadow_497
BG512_D3,202607275123,509,1858,007,95.695281429,32.7054137066,2012,11,train,142,Veg_Coniferous
BG512_D3,202607275123,510,62101,246,94.1591622932,33.2983017941,2014,2,train,157,Veg_Sparse
BG512_D3,202607275123,511,57353,227,93.9705160835,33.3162680998,2017,6,train,197,Veg_Sparse
