source,draw_id,dimension,stratum,count
background,BG64_D1,overall,all,64
background,BG64_D1,unique_point_id,all,59
background,BG64_D1,month,1,5
background,BG64_D1,month,2,5
background,BG64_D1,month,3,5
background,BG64_D1,month,4,5
background,BG64_D1,month,5,6
background,BG64_D1,month,6,7
background,BG64_D1,month,7,5
background,BG64_D1,month,8,5
background,BG64_D1,month,9,5
background,BG64_D1,month,10,5
background,BG64_D1,month,11,6
background,BG64_D1,month,12,5
background,BG64_D1,year,2005,9
background,BG64_D1,year,2006,1
background,BG64_D1,year,2007,3
background,BG64_D1,year,2008,6
background,BG64_D1,year,2009,9
background,BG64_D1,year,2010,3
background,BG64_D1,year,2011,5
background,BG64_D1,year,2012,5
background,BG64_D1,year,2013,4
background,BG64_D1,year,2014,3
background,BG64_D1,year,2015,6
background,BG64_D1,year,2016,4
background,BG64_D1,year,2017,2
background,BG64_D1,year,2018,4
background,BG64_D1,vegetation_class,Veg_Coniferous,2
background,BG64_D1,vegetation_class,Veg_Meadow_497,36
background,BG64_D1,vegetation_class,Veg_Meadow_499,2
background,BG64_D1,vegetation_class,Veg_Meadow_504,12
background,BG64_D1,vegetation_class,Veg_Sparse,12
background,BG64_D1,point_id,004,1
background,BG64_D1,point_id,013,1
background,BG64_D1,point_id,032,1
background,BG64_D1,point_id,035,1
background,BG64_D1,point_id,038,1
background,BG64_D1,point_id,039,1
background,BG64_D1,point_id,044,2
background,BG64_D1,point_id,051,1
background,BG64_D1,point_id,055,1
background,BG64_D1,point_id,058,1
background,BG64_D1,point_id,060,1
background,BG64_D1,point_id,062,1
background,BG64_D1,point_id,063,1
background,BG64_D1,point_id,065,1
background,BG64_D1,point_id,068,1
background,BG64_D1,point_id,071,1
background,BG64_D1,point_id,077,2
background,BG64_D1,point_id,083,1
background,BG64_D1,point_id,085,1
background,BG64_D1,point_id,090,2
background,BG64_D1,point_id,107,1
background,BG64_D1,point_id,113,1
background,BG64_D1,point_id,117,1
background,BG64_D1,point_id,120,1
background,BG64_D1,point_id,123,1
background,BG64_D1,point_id,133,1
background,BG64_D1,point_id,136,1
background,BG64_D1,point_id,146,1
background,BG64_D1,point_id,147,1
background,BG64_D1,point_id,150,1
background,BG64_D1,point_id,152,1
background,BG64_D1,point_id,156,1
background,BG64_D1,point_id,157,1
background,BG64_D1,point_id,158,1
background,BG64_D1,point_id,161,1
background,BG64_D1,point_id,173,1
background,BG64_D1,point_id,185,1
background,BG64_D1,point_id,187,1
background,BG64_D1,point_id,191,2
background,BG64_D1,point_id,192,1
background,BG64_D1,point_id,194,1
background,BG64_D1,point_id,196,1
background,BG64_D1,point_id,198,1
background,BG64_D1,point_id,205,1
background,BG64_D1,point_id,210,1
background,BG64_D1,point_id,211,1
background,BG64_D1,point_id,213,1
background,BG64_D1,point_id,214,1
background,BG64_D1,point_id,217,1
background,BG64_D1,point_id,218,1
background,BG64_D1,point_id,220,1
background,BG64_D1,point_id,221,1
background,BG64_D1,point_id,222,1
background,BG64_D1,point_id,227,1
background,BG64_D1,point_id,230,1
background,BG64_D1,point_id,231,1
background,BG64_D1,point_id,237,1
background,BG64_D1,point_id,240,2
background,BG64_D1,point_id,242,1
background,BG64_D1,month_x_vegetation_class,1|Veg_Meadow_497,3
background,BG64_D1,month_x_vegetation_class,1|Veg_Meadow_504,1
background,BG64_D1,month_x_vegetation_class,1|Veg_Sparse,1
background,BG64_D1,month_x_vegetation_class,2|Veg_Meadow_497,3
background,BG64_D1,month_x_vegetation_class,2|Veg_Meadow_504,1
background,BG64_D1,month_x_vegetation_class,2|Veg_Sparse,1
background,BG64_D1,month_x_vegetation_class,3|Veg_Meadow_497,3
background,BG64_D1,month_x_vegetation_class,3|Veg_Meadow_504,1
background,BG64_D1,month_x_vegetation_class,3|Veg_Sparse,1
background,BG64_D1,month_x_vegetation_class,4|Veg_Meadow_497,3
background,BG64_D1,month_x_vegetation_class,4|Veg_Meadow_504,1
background,BG64_D1,month_x_vegetation_class,4|Veg_Sparse,1
background,BG64_D1,month_x_vegetation_class,5|Veg_Coniferous,1
background,BG64_D1,month_x_vegetation_class,5|Veg_Meadow_497,3
background,BG64_D1,month_x_vegetation_class,5|Veg_Meadow_504,1
background,BG64_D1,month_x_vegetation_class,5|Veg_Sparse,1
background,BG64_D1,month_x_vegetation_class,6|Veg_Coniferous,1
background,BG64_D1,month_x_vegetation_class,6|Veg_Meadow_497,3
background,BG64_D1,month_x_vegetation_class,6|Veg_Meadow_499,1
background,BG64_D1,month_x_vegetation_class,6|Veg_Meadow_504,1
background,BG64_D1,month_x_vegetation_class,6|Veg_Sparse,1
background,BG64_D1,month_x_vegetation_class,7|Veg_Meadow_497,3
background,BG64_D1,month_x_vegetation_class,7|Veg_Meadow_504,1
background,BG64_D1,month_x_vegetation_class,7|Veg_Sparse,1
background,BG64_D1,month_x_vegetation_class,8|Veg_Meadow_497,3
background,BG64_D1,month_x_vegetation_class,8|Veg_Meadow_504,1
background,BG64_D1,month_x_vegetation_class,8|Veg_Sparse,1
background,BG64_D1,month_x_vegetation_class,9|Veg_Meadow_497,3
background,BG64_D1,month_x_vegetation_class,9|Veg_Meadow_504,1
background,BG64_D1,month_x_vegetation_class,9|Veg_Sparse,1
background,BG64_D1,month_x_vegetation_class,10|Veg_Meadow_497,3
background,BG64_D1,month_x_vegetation_class,10|Veg_Meadow_504,1
background,BG64_D1,month_x_vegetation_class,10|Veg_Sparse,1
background,BG64_D1,month_x_vegetation_class,11|Veg_Meadow_497,3
background,BG64_D1,month_x_vegetation_class,11|Veg_Meadow_499,1
background,BG64_D1,month_x_vegetation_class,11|Veg_Meadow_504,1
background,BG64_D1,month_x_vegetation_class,11|Veg_Sparse,1
background,BG64_D1,month_x_vegetation_class,12|Veg_Meadow_497,3
background,BG64_D1,month_x_vegetation_class,12|Veg_Meadow_504,1
background,BG64_D1,month_x_vegetation_class,12|Veg_Sparse,1
background,BG64_D2,overall,all,64
background,BG64_D2,unique_point_id,all,55
background,BG64_D2,month,1,5
background,BG64_D2,month,2,5
background,BG64_D2,month,3,5
background,BG64_D2,month,4,5
background,BG64_D2,month,5,6
background,BG64_D2,month,6,5
background,BG64_D2,month,7,5
background,BG64_D2,month,8,7
background,BG64_D2,month,9,5
background,BG64_D2,month,10,5
background,BG64_D2,month,11,5
background,BG64_D2,month,12,6
background,BG64_D2,year,2005,6
background,BG64_D2,year,2006,4
background,BG64_D2,year,2007,8
background,BG64_D2,year,2008,2
background,BG64_D2,year,2009,3
background,BG64_D2,year,2010,6
background,BG64_D2,year,2011,6
background,BG64_D2,year,2012,5
background,BG64_D2,year,2013,3
background,BG64_D2,year,2014,6
background,BG64_D2,year,2015,2
background,BG64_D2,year,2016,5
background,BG64_D2,year,2017,4
background,BG64_D2,year,2018,4
background,BG64_D2,vegetation_class,Veg_Meadow_497,36
background,BG64_D2,vegetation_class,Veg_Meadow_499,1
background,BG64_D2,vegetation_class,Veg_Meadow_504,12
background,BG64_D2,vegetation_class,Veg_Shrub,3
background,BG64_D2,vegetation_class,Veg_Sparse,12
background,BG64_D2,point_id,017,1
background,BG64_D2,point_id,022,1
background,BG64_D2,point_id,029,1
background,BG64_D2,point_id,040,1
background,BG64_D2,point_id,046,1
background,BG64_D2,point_id,051,1
background,BG64_D2,point_id,053,1
background,BG64_D2,point_id,054,1
background,BG64_D2,point_id,058,1
background,BG64_D2,point_id,066,2
background,BG64_D2,point_id,069,1
background,BG64_D2,point_id,076,1
background,BG64_D2,point_id,077,1
background,BG64_D2,point_id,081,1
background,BG64_D2,point_id,084,1
background,BG64_D2,point_id,088,1
background,BG64_D2,point_id,090,1
background,BG64_D2,point_id,095,1
background,BG64_D2,point_id,099,1
background,BG64_D2,point_id,102,2
background,BG64_D2,point_id,107,1
background,BG64_D2,point_id,109,1
background,BG64_D2,point_id,110,1
background,BG64_D2,point_id,119,1
background,BG64_D2,point_id,120,1
background,BG64_D2,point_id,121,1
background,BG64_D2,point_id,123,1
background,BG64_D2,point_id,140,1
background,BG64_D2,point_id,141,1
background,BG64_D2,point_id,147,2
background,BG64_D2,point_id,151,1
background,BG64_D2,point_id,159,2
background,BG64_D2,point_id,165,1
background,BG64_D2,point_id,167,1
background,BG64_D2,point_id,169,1
background,BG64_D2,point_id,180,1
background,BG64_D2,point_id,186,1
background,BG64_D2,point_id,188,2
background,BG64_D2,point_id,192,2
background,BG64_D2,point_id,193,1
background,BG64_D2,point_id,194,1
background,BG64_D2,point_id,196,1
background,BG64_D2,point_id,201,1
background,BG64_D2,point_id,205,1
background,BG64_D2,point_id,208,1
background,BG64_D2,point_id,212,1
background,BG64_D2,point_id,218,2
background,BG64_D2,point_id,221,1
background,BG64_D2,point_id,222,1
background,BG64_D2,point_id,229,1
background,BG64_D2,point_id,234,2
background,BG64_D2,point_id,239,2
background,BG64_D2,point_id,241,1
background,BG64_D2,point_id,242,1
background,BG64_D2,point_id,245,1
background,BG64_D2,month_x_vegetation_class,1|Veg_Meadow_497,3
background,BG64_D2,month_x_vegetation_class,1|Veg_Meadow_504,1
background,BG64_D2,month_x_vegetation_class,1|Veg_Sparse,1
background,BG64_D2,month_x_vegetation_class,2|Veg_Meadow_497,3
background,BG64_D2,month_x_vegetation_class,2|Veg_Meadow_504,1
background,BG64_D2,month_x_vegetation_class,2|Veg_Sparse,1
background,BG64_D2,month_x_vegetation_class,3|Veg_Meadow_497,3
background,BG64_D2,month_x_vegetation_class,3|Veg_Meadow_504,1
background,BG64_D2,month_x_vegetation_class,3|Veg_Sparse,1
background,BG64_D2,month_x_vegetation_class,4|Veg_Meadow_497,3
background,BG64_D2,month_x_vegetation_class,4|Veg_Meadow_504,1
background,BG64_D2,month_x_vegetation_class,4|Veg_Sparse,1
background,BG64_D2,month_x_vegetation_class,5|Veg_Meadow_497,3
background,BG64_D2,month_x_vegetation_class,5|Veg_Meadow_504,1
background,BG64_D2,month_x_vegetation_class,5|Veg_Shrub,1
background,BG64_D2,month_x_vegetation_class,5|Veg_Sparse,1
background,BG64_D2,month_x_vegetation_class,6|Veg_Meadow_497,3
background,BG64_D2,month_x_vegetation_class,6|Veg_Meadow_504,1
background,BG64_D2,month_x_vegetation_class,6|Veg_Sparse,1
background,BG64_D2,month_x_vegetation_class,7|Veg_Meadow_497,3
background,BG64_D2,month_x_vegetation_class,7|Veg_Meadow_504,1
background,BG64_D2,month_x_vegetation_class,7|Veg_Sparse,1
background,BG64_D2,month_x_vegetation_class,8|Veg_Meadow_497,3
background,BG64_D2,month_x_vegetation_class,8|Veg_Meadow_499,1
background,BG64_D2,month_x_vegetation_class,8|Veg_Meadow_504,1
background,BG64_D2,month_x_vegetation_class,8|Veg_Shrub,1
background,BG64_D2,month_x_vegetation_class,8|Veg_Sparse,1
background,BG64_D2,month_x_vegetation_class,9|Veg_Meadow_497,3
background,BG64_D2,month_x_vegetation_class,9|Veg_Meadow_504,1
background,BG64_D2,month_x_vegetation_class,9|Veg_Sparse,1
background,BG64_D2,month_x_vegetation_class,10|Veg_Meadow_497,3
background,BG64_D2,month_x_vegetation_class,10|Veg_Meadow_504,1
background,BG64_D2,month_x_vegetation_class,10|Veg_Sparse,1
background,BG64_D2,month_x_vegetation_class,11|Veg_Meadow_497,3
background,BG64_D2,month_x_vegetation_class,11|Veg_Meadow_504,1
background,BG64_D2,month_x_vegetation_class,11|Veg_Sparse,1
background,BG64_D2,month_x_vegetation_class,12|Veg_Meadow_497,3
background,BG64_D2,month_x_vegetation_class,12|Veg_Meadow_504,1
background,BG64_D2,month_x_vegetation_class,12|Veg_Shrub,1
background,BG64_D2,month_x_vegetation_class,12|Veg_Sparse,1
background,BG64_D3,overall,all,64
background,BG64_D3,unique_point_id,all,56
background,BG64_D3,month,1,5
background,BG64_D3,month,2,5
background,BG64_D3,month,3,5
background,BG64_D3,month,4,5
background,BG64_D3,month,5,5
background,BG64_D3,month,6,5
background,BG64_D3,month,7,6
background,BG64_D3,month,8,7
background,BG64_D3,month,9,6
background,BG64_D3,month,10,5
background,BG64_D3,month,11,5
background,BG64_D3,month,12,5
background,BG64_D3,year,2005,1
background,BG64_D3,year,2006,3
background,BG64_D3,year,2007,9
background,BG64_D3,year,2008,7
background,BG64_D3,year,2009,2
background,BG64_D3,year,2010,6
background,BG64_D3,year,2011,5
background,BG64_D3,year,2012,3
background,BG64_D3,year,2013,7
background,BG64_D3,year,2014,8
background,BG64_D3,year,2015,3
background,BG64_D3,year,2016,3
background,BG64_D3,year,2017,4
background,BG64_D3,year,2018,3
background,BG64_D3,vegetation_class,Veg_Coniferous,1
background,BG64_D3,vegetation_class,Veg_Meadow_497,36
background,BG64_D3,vegetation_class,Veg_Meadow_499,2
background,BG64_D3,vegetation_class,Veg_Meadow_504,12
background,BG64_D3,vegetation_class,Veg_Shrub,1
background,BG64_D3,vegetation_class,Veg_Sparse,12
background,BG64_D3,point_id,005,1
background,BG64_D3,point_id,023,1
background,BG64_D3,point_id,031,1
background,BG64_D3,point_id,033,2
background,BG64_D3,point_id,050,1
background,BG64_D3,point_id,051,1
background,BG64_D3,point_id,053,2
background,BG64_D3,point_id,057,1
background,BG64_D3,point_id,060,1
background,BG64_D3,point_id,063,1
background,BG64_D3,point_id,066,1
background,BG64_D3,point_id,068,1
background,BG64_D3,point_id,071,1
background,BG64_D3,point_id,072,1
background,BG64_D3,point_id,079,1
background,BG64_D3,point_id,081,1
background,BG64_D3,point_id,087,1
background,BG64_D3,point_id,094,1
background,BG64_D3,point_id,101,1
background,BG64_D3,point_id,105,1
background,BG64_D3,point_id,106,1
background,BG64_D3,point_id,110,1
background,BG64_D3,point_id,111,1
background,BG64_D3,point_id,113,1
background,BG64_D3,point_id,119,1
background,BG64_D3,point_id,124,1
background,BG64_D3,point_id,127,1
background,BG64_D3,point_id,128,1
background,BG64_D3,point_id,130,1
background,BG64_D3,point_id,133,1
background,BG64_D3,point_id,136,1
background,BG64_D3,point_id,146,1
background,BG64_D3,point_id,152,1
background,BG64_D3,point_id,160,1
background,BG64_D3,point_id,164,1
background,BG64_D3,point_id,167,1
background,BG64_D3,point_id,171,1
background,BG64_D3,point_id,179,1
background,BG64_D3,point_id,187,1
background,BG64_D3,point_id,190,1
background,BG64_D3,point_id,191,1
background,BG64_D3,point_id,196,1
background,BG64_D3,point_id,198,2
background,BG64_D3,point_id,201,1
background,BG64_D3,point_id,203,1
background,BG64_D3,point_id,206,2
background,BG64_D3,point_id,211,2
background,BG64_D3,point_id,220,1
background,BG64_D3,point_id,223,1
background,BG64_D3,point_id,227,2
background,BG64_D3,point_id,228,3
background,BG64_D3,point_id,233,1
background,BG64_D3,point_id,241,1
background,BG64_D3,point_id,242,1
background,BG64_D3,point_id,243,1
background,BG64_D3,point_id,244,1
background,BG64_D3,month_x_vegetation_class,1|Veg_Meadow_497,3
background,BG64_D3,month_x_vegetation_class,1|Veg_Meadow_504,1
background,BG64_D3,month_x_vegetation_class,1|Veg_Sparse,1
background,BG64_D3,month_x_vegetation_class,2|Veg_Meadow_497,3
background,BG64_D3,month_x_vegetation_class,2|Veg_Meadow_504,1
background,BG64_D3,month_x_vegetation_class,2|Veg_Sparse,1
background,BG64_D3,month_x_vegetation_class,3|Veg_Meadow_497,3
background,BG64_D3,month_x_vegetation_class,3|Veg_Meadow_504,1
background,BG64_D3,month_x_vegetation_class,3|Veg_Sparse,1
background,BG64_D3,month_x_vegetation_class,4|Veg_Meadow_497,3
background,BG64_D3,month_x_vegetation_class,4|Veg_Meadow_504,1
background,BG64_D3,month_x_vegetation_class,4|Veg_Sparse,1
background,BG64_D3,month_x_vegetation_class,5|Veg_Meadow_497,3
background,BG64_D3,month_x_vegetation_class,5|Veg_Meadow_504,1
background,BG64_D3,month_x_vegetation_class,5|Veg_Sparse,1
background,BG64_D3,month_x_vegetation_class,6|Veg_Meadow_497,3
background,BG64_D3,month_x_vegetation_class,6|Veg_Meadow_504,1
background,BG64_D3,month_x_vegetation_class,6|Veg_Sparse,1
background,BG64_D3,month_x_vegetation_class,7|Veg_Meadow_497,3
background,BG64_D3,month_x_vegetation_class,7|Veg_Meadow_504,1
background,BG64_D3,month_x_vegetation_class,7|Veg_Shrub,1
background,BG64_D3,month_x_vegetation_class,7|Veg_Sparse,1
background,BG64_D3,month_x_vegetation_class,8|Veg_Coniferous,1
background,BG64_D3,month_x_vegetation_class,8|Veg_Meadow_497,3
background,BG64_D3,month_x_vegetation_class,8|Veg_Meadow_499,1
background,BG64_D3,month_x_vegetation_class,8|Veg_Meadow_504,1
background,BG64_D3,month_x_vegetation_class,8|Veg_Sparse,1
background,BG64_D3,month_x_vegetation_class,9|Veg_Meadow_497,3
background,BG64_D3,month_x_vegetation_class,9|Veg_Meadow_499,1
background,BG64_D3,month_x_vegetation_class,9|Veg_Meadow_504,1
background,BG64_D3,month_x_vegetation_class,9|Veg_Sparse,1
background,BG64_D3,month_x_vegetation_class,10|Veg_Meadow_497,3
background,BG64_D3,month_x_vegetation_class,10|Veg_Meadow_504,1
background,BG64_D3,month_x_vegetation_class,10|Veg_Sparse,1
background,BG64_D3,month_x_vegetation_class,11|Veg_Meadow_497,3
background,BG64_D3,month_x_vegetation_class,11|Veg_Meadow_504,1
background,BG64_D3,month_x_vegetation_class,11|Veg_Sparse,1
background,BG64_D3,month_x_vegetation_class,12|Veg_Meadow_497,3
background,BG64_D3,month_x_vegetation_class,12|Veg_Meadow_504,1
background,BG64_D3,month_x_vegetation_class,12|Veg_Sparse,1
background,BG128_D1,overall,all,128
background,BG128_D1,unique_point_id,all,97
background,BG128_D1,month,1,10
background,BG128_D1,month,2,11
background,BG128_D1,month,3,10
background,BG128_D1,month,4,11
background,BG128_D1,month,5,11
background,BG128_D1,month,6,11
background,BG128_D1,month,7,10
background,BG128_D1,month,8,11
background,BG128_D1,month,9,10
background,BG128_D1,month,10,11
background,BG128_D1,month,11,11
background,BG128_D1,month,12,11
background,BG128_D1,year,2005,12
background,BG128_D1,year,2006,8
background,BG128_D1,year,2007,7
background,BG128_D1,year,2008,1
background,BG128_D1,year,2009,9
background,BG128_D1,year,2010,9
background,BG128_D1,year,2011,13
background,BG128_D1,year,2012,14
background,BG128_D1,year,2013,9
background,BG128_D1,year,2014,10
background,BG128_D1,year,2015,7
background,BG128_D1,year,2016,8
background,BG128_D1,year,2017,11
background,BG128_D1,year,2018,10
background,BG128_D1,vegetation_class,Veg_Coniferous,11
background,BG128_D1,vegetation_class,Veg_Meadow_497,72
background,BG128_D1,vegetation_class,Veg_Meadow_499,10
background,BG128_D1,vegetation_class,Veg_Meadow_504,12
background,BG128_D1,vegetation_class,Veg_Shrub,11
background,BG128_D1,vegetation_class,Veg_Sparse,12
background,BG128_D1,point_id,002,1
background,BG128_D1,point_id,003,3
background,BG128_D1,point_id,005,1
background,BG128_D1,point_id,007,1
background,BG128_D1,point_id,008,1
background,BG128_D1,point_id,009,1
background,BG128_D1,point_id,011,3
background,BG128_D1,point_id,017,1
background,BG128_D1,point_id,018,2
background,BG128_D1,point_id,019,1
background,BG128_D1,point_id,020,2
background,BG128_D1,point_id,022,2
background,BG128_D1,point_id,023,1
background,BG128_D1,point_id,025,1
background,BG128_D1,point_id,029,1
background,BG128_D1,point_id,032,1
background,BG128_D1,point_id,034,2
background,BG128_D1,point_id,036,2
background,BG128_D1,point_id,037,2
background,BG128_D1,point_id,038,1
background,BG128_D1,point_id,042,1
background,BG128_D1,point_id,045,1
background,BG128_D1,point_id,047,1
background,BG128_D1,point_id,050,2
background,BG128_D1,point_id,054,1
background,BG128_D1,point_id,055,1
background,BG128_D1,point_id,056,2
background,BG128_D1,point_id,060,1
background,BG128_D1,point_id,065,2
background,BG128_D1,point_id,068,1
background,BG128_D1,point_id,069,1
background,BG128_D1,point_id,070,1
background,BG128_D1,point_id,072,1
background,BG128_D1,point_id,073,2
background,BG128_D1,point_id,077,3
background,BG128_D1,point_id,082,1
background,BG128_D1,point_id,083,2
background,BG128_D1,point_id,084,2
background,BG128_D1,point_id,086,1
background,BG128_D1,point_id,093,1
background,BG128_D1,point_id,094,1
background,BG128_D1,point_id,095,1
background,BG128_D1,point_id,097,1
background,BG128_D1,point_id,099,1
background,BG128_D1,point_id,102,1
background,BG128_D1,point_id,104,2
background,BG128_D1,point_id,106,1
background,BG128_D1,point_id,109,1
background,BG128_D1,point_id,110,1
background,BG128_D1,point_id,111,1
background,BG128_D1,point_id,117,1
background,BG128_D1,point_id,121,2
background,BG128_D1,point_id,128,1
background,BG128_D1,point_id,129,2
background,BG128_D1,point_id,134,1
background,BG128_D1,point_id,139,1
background,BG128_D1,point_id,140,1
background,BG128_D1,point_id,142,3
background,BG128_D1,point_id,145,1
background,BG128_D1,point_id,148,1
background,BG128_D1,point_id,149,1
background,BG128_D1,point_id,154,1
background,BG128_D1,point_id,156,2
background,BG128_D1,point_id,158,1
background,BG128_D1,point_id,159,1
background,BG128_D1,point_id,160,1
background,BG128_D1,point_id,162,1
background,BG128_D1,point_id,167,1
background,BG128_D1,point_id,169,2
background,BG128_D1,point_id,172,1
background,BG128_D1,point_id,175,1
background,BG128_D1,point_id,177,2
background,BG128_D1,point_id,179,1
background,BG128_D1,point_id,181,1
background,BG128_D1,point_id,183,2
background,BG128_D1,point_id,184,2
background,BG128_D1,point_id,186,1
background,BG128_D1,point_id,188,2
background,BG128_D1,point_id,189,1
background,BG128_D1,point_id,193,2
background,BG128_D1,point_id,196,1
background,BG128_D1,point_id,201,1
background,BG128_D1,point_id,207,1
background,BG128_D1,point_id,209,1
background,BG128_D1,point_id,212,1
background,BG128_D1,point_id,213,1
background,BG128_D1,point_id,215,1
background,BG128_D1,point_id,218,1
background,BG128_D1,point_id,219,1
background,BG128_D1,point_id,225,2
background,BG128_D1,point_id,228,1
background,BG128_D1,point_id,231,1
background,BG128_D1,point_id,233,1
background,BG128_D1,point_id,235,1
background,BG128_D1,point_id,236,1
background,BG128_D1,point_id,242,1
background,BG128_D1,point_id,246,1
background,BG128_D1,month_x_vegetation_class,1|Veg_Coniferous,1
background,BG128_D1,month_x_vegetation_class,1|Veg_Meadow_497,6
background,BG128_D1,month_x_vegetation_class,1|Veg_Meadow_499,1
background,BG128_D1,month_x_vegetation_class,1|Veg_Meadow_504,1
background,BG128_D1,month_x_vegetation_class,1|Veg_Sparse,1
background,BG128_D1,month_x_vegetation_class,2|Veg_Coniferous,1
background,BG128_D1,month_x_vegetation_class,2|Veg_Meadow_497,6
background,BG128_D1,month_x_vegetation_class,2|Veg_Meadow_499,1
background,BG128_D1,month_x_vegetation_class,2|Veg_Meadow_504,1
background,BG128_D1,month_x_vegetation_class,2|Veg_Shrub,1
background,BG128_D1,month_x_vegetation_class,2|Veg_Sparse,1
background,BG128_D1,month_x_vegetation_class,3|Veg_Coniferous,1
background,BG128_D1,month_x_vegetation_class,3|Veg_Meadow_497,6
background,BG128_D1,month_x_vegetation_class,3|Veg_Meadow_504,1
background,BG128_D1,month_x_vegetation_class,3|Veg_Shrub,1
background,BG128_D1,month_x_vegetation_class,3|Veg_Sparse,1
background,BG128_D1,month_x_vegetation_class,4|Veg_Coniferous,1
background,BG128_D1,month_x_vegetation_class,4|Veg_Meadow_497,6
background,BG128_D1,month_x_vegetation_class,4|Veg_Meadow_499,1
background,BG128_D1,month_x_vegetation_class,4|Veg_Meadow_504,1
background,BG128_D1,month_x_vegetation_class,4|Veg_Shrub,1
background,BG128_D1,month_x_vegetation_class,4|Veg_Sparse,1
background,BG128_D1,month_x_vegetation_class,5|Veg_Coniferous,1
background,BG128_D1,month_x_vegetation_class,5|Veg_Meadow_497,6
background,BG128_D1,month_x_vegetation_class,5|Veg_Meadow_499,1
background,BG128_D1,month_x_vegetation_class,5|Veg_Meadow_504,1
background,BG128_D1,month_x_vegetation_class,5|Veg_Shrub,1
background,BG128_D1,month_x_vegetation_class,5|Veg_Sparse,1
background,BG128_D1,month_x_vegetation_class,6|Veg_Coniferous,1
background,BG128_D1,month_x_vegetation_class,6|Veg_Meadow_497,6
background,BG128_D1,month_x_vegetation_class,6|Veg_Meadow_499,1
background,BG128_D1,month_x_vegetation_class,6|Veg_Meadow_504,1
background,BG128_D1,month_x_vegetation_class,6|Veg_Shrub,1
background,BG128_D1,month_x_vegetation_class,6|Veg_Sparse,1
background,BG128_D1,month_x_vegetation_class,7|Veg_Coniferous,1
background,BG128_D1,month_x_vegetation_class,7|Veg_Meadow_497,6
background,BG128_D1,month_x_vegetation_class,7|Veg_Meadow_504,1
background,BG128_D1,month_x_vegetation_class,7|Veg_Shrub,1
background,BG128_D1,month_x_vegetation_class,7|Veg_Sparse,1
background,BG128_D1,month_x_vegetation_class,8|Veg_Coniferous,1
background,BG128_D1,month_x_vegetation_class,8|Veg_Meadow_497,6
background,BG128_D1,month_x_vegetation_class,8|Veg_Meadow_499,1
background,BG128_D1,month_x_vegetation_class,8|Veg_Meadow_504,1
background,BG128_D1,month_x_vegetation_class,8|Veg_Shrub,1
background,BG128_D1,month_x_vegetation_class,8|Veg_Sparse,1
background,BG128_D1,month_x_vegetation_class,9|Veg_Meadow_497,6
background,BG128_D1,month_x_vegetation_class,9|Veg_Meadow_499,1
background,BG128_D1,month_x_vegetation_class,9|Veg_Meadow_504,1
background,BG128_D1,month_x_vegetation_class,9|Veg_Shrub,1
background,BG128_D1,month_x_vegetation_class,9|Veg_Sparse,1
background,BG128_D1,month_x_vegetation_class,10|Veg_Coniferous,1
background,BG128_D1,month_x_vegetation_class,10|Veg_Meadow_497,6
background,BG128_D1,month_x_vegetation_class,10|Veg_Meadow_499,1
background,BG128_D1,month_x_vegetation_class,10|Veg_Meadow_504,1
background,BG128_D1,month_x_vegetation_class,10|Veg_Shrub,1
background,BG128_D1,month_x_vegetation_class,10|Veg_Sparse,1
background,BG128_D1,month_x_vegetation_class,11|Veg_Coniferous,1
background,BG128_D1,month_x_vegetation_class,11|Veg_Meadow_497,6
background,BG128_D1,month_x_vegetation_class,11|Veg_Meadow_499,1
background,BG128_D1,month_x_vegetation_class,11|Veg_Meadow_504,1
background,BG128_D1,month_x_vegetation_class,11|Veg_Shrub,1
background,BG128_D1,month_x_vegetation_class,11|Veg_Sparse,1
background,BG128_D1,month_x_vegetation_class,12|Veg_Coniferous,1
background,BG128_D1,month_x_vegetation_class,12|Veg_Meadow_497,6
background,BG128_D1,month_x_vegetation_class,12|Veg_Meadow_499,1
background,BG128_D1,month_x_vegetation_class,12|Veg_Meadow_504,1
background,BG128_D1,month_x_vegetation_class,12|Veg_Shrub,1
background,BG128_D1,month_x_vegetation_class,12|Veg_Sparse,1
background,BG128_D2,overall,all,128
background,BG128_D2,unique_point_id,all,103
background,BG128_D2,month,1,10
background,BG128_D2,month,2,11
background,BG128_D2,month,3,11
background,BG128_D2,month,4,11
background,BG128_D2,month,5,9
background,BG128_D2,month,6,11
background,BG128_D2,month,7,11
background,BG128_D2,month,8,10
background,BG128_D2,month,9,11
background,BG128_D2,month,10,11
background,BG128_D2,month,11,11
background,BG128_D2,month,12,11
background,BG128_D2,year,2005,10
background,BG128_D2,year,2006,7
background,BG128_D2,year,2007,11
background,BG128_D2,year,2008,7
background,BG128_D2,year,2009,7
background,BG128_D2,year,2010,10
background,BG128_D2,year,2011,7
background,BG128_D2,year,2012,17
background,BG128_D2,year,2013,12
background,BG128_D2,year,2014,12
background,BG128_D2,year,2015,7
background,BG128_D2,year,2016,4
background,BG128_D2,year,2017,6
background,BG128_D2,year,2018,11
background,BG128_D2,vegetation_class,Veg_Coniferous,10
background,BG128_D2,vegetation_class,Veg_Meadow_497,72
background,BG128_D2,vegetation_class,Veg_Meadow_499,12
background,BG128_D2,vegetation_class,Veg_Meadow_504,12
background,BG128_D2,vegetation_class,Veg_Shrub,10
background,BG128_D2,vegetation_class,Veg_Sparse,12
background,BG128_D2,point_id,003,3
background,BG128_D2,point_id,004,1
background,BG128_D2,point_id,008,2
background,BG128_D2,point_id,009,1
background,BG128_D2,point_id,010,1
background,BG128_D2,point_id,011,1
background,BG128_D2,point_id,013,1
background,BG128_D2,point_id,015,1
background,BG128_D2,point_id,016,1
background,BG128_D2,point_id,018,1
background,BG128_D2,point_id,020,1
background,BG128_D2,point_id,021,1
background,BG128_D2,point_id,022,1
background,BG128_D2,point_id,025,1
background,BG128_D2,point_id,029,3
background,BG128_D2,point_id,030,1
background,BG128_D2,point_id,031,1
background,BG128_D2,point_id,032,1
background,BG128_D2,point_id,045,1
background,BG128_D2,point_id,054,1
background,BG128_D2,point_id,057,2
background,BG128_D2,point_id,061,1
background,BG128_D2,point_id,064,1
background,BG128_D2,point_id,065,2
background,BG128_D2,point_id,071,2
background,BG128_D2,point_id,072,2
background,BG128_D2,point_id,074,1
background,BG128_D2,point_id,077,1
background,BG128_D2,point_id,078,2
background,BG128_D2,point_id,079,2
background,BG128_D2,point_id,080,1
background,BG128_D2,point_id,082,1
background,BG128_D2,point_id,084,1
background,BG128_D2,point_id,085,1
background,BG128_D2,point_id,088,1
background,BG128_D2,point_id,089,3
background,BG128_D2,point_id,090,1
background,BG128_D2,point_id,091,1
background,BG128_D2,point_id,092,1
background,BG128_D2,point_id,094,1
background,BG128_D2,point_id,096,1
background,BG128_D2,point_id,101,2
background,BG128_D2,point_id,103,1
background,BG128_D2,point_id,104,1
background,BG128_D2,point_id,106,1
background,BG128_D2,point_id,109,1
background,BG128_D2,point_id,110,2
background,BG128_D2,point_id,112,1
background,BG128_D2,point_id,114,2
background,BG128_D2,point_id,115,3
background,BG128_D2,point_id,116,1
background,BG128_D2,point_id,117,1
background,BG128_D2,point_id,118,1
background,BG128_D2,point_id,125,2
background,BG128_D2,point_id,127,1
background,BG128_D2,point_id,130,1
background,BG128_D2,point_id,133,1
background,BG128_D2,point_id,139,2
background,BG128_D2,point_id,142,1
background,BG128_D2,point_id,144,1
background,BG128_D2,point_id,147,1
background,BG128_D2,point_id,148,1
background,BG128_D2,point_id,149,1
background,BG128_D2,point_id,150,1
background,BG128_D2,point_id,151,2
background,BG128_D2,point_id,153,1
background,BG128_D2,point_id,159,1
background,BG128_D2,point_id,160,1
background,BG128_D2,point_id,164,1
background,BG128_D2,point_id,169,1
background,BG128_D2,point_id,170,1
background,BG128_D2,point_id,171,1
background,BG128_D2,point_id,172,1
background,BG128_D2,point_id,173,1
background,BG128_D2,point_id,174,1
background,BG128_D2,point_id,177,2
background,BG128_D2,point_id,178,1
background,BG128_D2,point_id,179,1
background,BG128_D2,point_id,180,1
background,BG128_D2,point_id,181,1
background,BG128_D2,point_id,182,1
background,BG128_D2,point_id,183,1
background,BG128_D2,point_id,188,1
background,BG128_D2,point_id,190,1
background,BG128_D2,point_id,192,1
background,BG128_D2,point_id,193,2
background,BG128_D2,point_id,196,1
background,BG128_D2,point_id,197,1
background,BG128_D2,point_id,203,1
background,BG128_D2,point_id,205,1
background,BG128_D2,point_id,207,2
background,BG128_D2,point_id,214,1
background,BG128_D2,point_id,215,2
background,BG128_D2,point_id,222,1
background,BG128_D2,point_id,223,1
background,BG128_D2,point_id,225,1
background,BG128_D2,point_id,228,1
background,BG128_D2,point_id,229,1
background,BG128_D2,point_id,230,1
background,BG128_D2,point_id,232,1
background,BG128_D2,point_id,233,1
background,BG128_D2,point_id,234,1
background,BG128_D2,point_id,241,1
background,BG128_D2,month_x_vegetation_class,1|Veg_Meadow_497,6
background,BG128_D2,month_x_vegetation_class,1|Veg_Meadow_499,1
background,BG128_D2,month_x_vegetation_class,1|Veg_Meadow_504,1
background,BG128_D2,month_x_vegetation_class,1|Veg_Shrub,1
background,BG128_D2,month_x_vegetation_class,1|Veg_Sparse,1
background,BG128_D2,month_x_vegetation_class,2|Veg_Coniferous,1
background,BG128_D2,month_x_vegetation_class,2|Veg_Meadow_497,6
background,BG128_D2,month_x_vegetation_class,2|Veg_Meadow_499,1
background,BG128_D2,month_x_vegetation_class,2|Veg_Meadow_504,1
background,BG128_D2,month_x_vegetation_class,2|Veg_Shrub,1
background,BG128_D2,month_x_vegetation_class,2|Veg_Sparse,1
background,BG128_D2,month_x_vegetation_class,3|Veg_Coniferous,1
background,BG128_D2,month_x_vegetation_class,3|Veg_Meadow_497,6
background,BG128_D2,month_x_vegetation_class,3|Veg_Meadow_499,1
background,BG128_D2,month_x_vegetation_class,3|Veg_Meadow_504,1
background,BG128_D2,month_x_vegetation_class,3|Veg_Shrub,1
background,BG128_D2,month_x_vegetation_class,3|Veg_Sparse,1
background,BG128_D2,month_x_vegetation_class,4|Veg_Coniferous,1
background,BG128_D2,month_x_vegetation_class,4|Veg_Meadow_497,6
background,BG128_D2,month_x_vegetation_class,4|Veg_Meadow_499,1
background,BG128_D2,month_x_vegetation_class,4|Veg_Meadow_504,1
background,BG128_D2,month_x_vegetation_class,4|Veg_Shrub,1
background,BG128_D2,month_x_vegetation_class,4|Veg_Sparse,1
background,BG128_D2,month_x_vegetation_class,5|Veg_Meadow_497,6
background,BG128_D2,month_x_vegetation_class,5|Veg_Meadow_499,1
background,BG128_D2,month_x_vegetation_class,5|Veg_Meadow_504,1
background,BG128_D2,month_x_vegetation_class,5|Veg_Sparse,1
background,BG128_D2,month_x_vegetation_class,6|Veg_Coniferous,1
background,BG128_D2,month_x_vegetation_class,6|Veg_Meadow_497,6
background,BG128_D2,month_x_vegetation_class,6|Veg_Meadow_499,1
background,BG128_D2,month_x_vegetation_class,6|Veg_Meadow_504,1
background,BG128_D2,month_x_vegetation_class,6|Veg_Shrub,1
background,BG128_D2,month_x_vegetation_class,6|Veg_Sparse,1
background,BG128_D2,month_x_vegetation_class,7|Veg_Coniferous,1
background,BG128_D2,month_x_vegetation_class,7|Veg_Meadow_497,6
background,BG128_D2,month_x_vegetation_class,7|Veg_Meadow_499,1
background,BG128_D2,month_x_vegetation_class,7|Veg_Meadow_504,1
background,BG128_D2,month_x_vegetation_class,7|Veg_Shrub,1
background,BG128_D2,month_x_vegetation_class,7|Veg_Sparse,1
background,BG128_D2,month_x_vegetation_class,8|Veg_Coniferous,1
background,BG128_D2,month_x_vegetation_class,8|Veg_Meadow_497,6
background,BG128_D2,month_x_vegetation_class,8|Veg_Meadow_499,1
background,BG128_D2,month_x_vegetation_class,8|Veg_Meadow_504,1
background,BG128_D2,month_x_vegetation_class,8|Veg_Sparse,1
background,BG128_D2,month_x_vegetation_class,9|Veg_Coniferous,1
background,BG128_D2,month_x_vegetation_class,9|Veg_Meadow_497,6
background,BG128_D2,month_x_vegetation_class,9|Veg_Meadow_499,1
background,BG128_D2,month_x_vegetation_class,9|Veg_Meadow_504,1
background,BG128_D2,month_x_vegetation_class,9|Veg_Shrub,1
background,BG128_D2,month_x_vegetation_class,9|Veg_Sparse,1
background,BG128_D2,month_x_vegetation_class,10|Veg_Coniferous,1
background,BG128_D2,month_x_vegetation_class,10|Veg_Meadow_497,6
background,BG128_D2,month_x_vegetation_class,10|Veg_Meadow_499,1
background,BG128_D2,month_x_vegetation_class,10|Veg_Meadow_504,1
background,BG128_D2,month_x_vegetation_class,10|Veg_Shrub,1
background,BG128_D2,month_x_vegetation_class,10|Veg_Sparse,1
background,BG128_D2,month_x_vegetation_class,11|Veg_Coniferous,1
background,BG128_D2,month_x_vegetation_class,11|Veg_Meadow_497,6
background,BG128_D2,month_x_vegetation_class,11|Veg_Meadow_499,1
background,BG128_D2,month_x_vegetation_class,11|Veg_Meadow_504,1
background,BG128_D2,month_x_vegetation_class,11|Veg_Shrub,1
background,BG128_D2,month_x_vegetation_class,11|Veg_Sparse,1
background,BG128_D2,month_x_vegetation_class,12|Veg_Coniferous,1
background,BG128_D2,month_x_vegetation_class,12|Veg_Meadow_497,6
background,BG128_D2,month_x_vegetation_class,12|Veg_Meadow_499,1
background,BG128_D2,month_x_vegetation_class,12|Veg_Meadow_504,1
background,BG128_D2,month_x_vegetation_class,12|Veg_Shrub,1
background,BG128_D2,month_x_vegetation_class,12|Veg_Sparse,1
background,BG128_D3,overall,all,128
background,BG128_D3,unique_point_id,all,98
background,BG128_D3,month,1,11
background,BG128_D3,month,2,11
background,BG128_D3,month,3,11
background,BG128_D3,month,4,10
background,BG128_D3,month,5,10
background,BG128_D3,month,6,11
background,BG128_D3,month,7,10
background,BG128_D3,month,8,11
background,BG128_D3,month,9,10
background,BG128_D3,month,10,11
background,BG128_D3,month,11,11
background,BG128_D3,month,12,11
background,BG128_D3,year,2005,14
background,BG128_D3,year,2006,10
background,BG128_D3,year,2007,11
background,BG128_D3,year,2008,14
background,BG128_D3,year,2009,9
background,BG128_D3,year,2010,6
background,BG128_D3,year,2011,5
background,BG128_D3,year,2012,15
background,BG128_D3,year,2013,8
background,BG128_D3,year,2014,7
background,BG128_D3,year,2015,6
background,BG128_D3,year,2016,9
background,BG128_D3,year,2017,9
background,BG128_D3,year,2018,5
background,BG128_D3,vegetation_class,Veg_Coniferous,10
background,BG128_D3,vegetation_class,Veg_Meadow_497,72
background,BG128_D3,vegetation_class,Veg_Meadow_499,12
background,BG128_D3,vegetation_class,Veg_Meadow_504,12
background,BG128_D3,vegetation_class,Veg_Shrub,10
background,BG128_D3,vegetation_class,Veg_Sparse,12
background,BG128_D3,point_id,002,1
background,BG128_D3,point_id,004,2
background,BG128_D3,point_id,005,1
background,BG128_D3,point_id,006,1
background,BG128_D3,point_id,009,1
background,BG128_D3,point_id,010,2
background,BG128_D3,point_id,011,1
background,BG128_D3,point_id,012,1
background,BG128_D3,point_id,015,1
background,BG128_D3,point_id,018,1
background,BG128_D3,point_id,019,2
background,BG128_D3,point_id,021,2
background,BG128_D3,point_id,022,3
background,BG128_D3,point_id,029,1
background,BG128_D3,point_id,030,1
background,BG128_D3,point_id,032,1
background,BG128_D3,point_id,036,1
background,BG128_D3,point_id,038,1
background,BG128_D3,point_id,039,2
background,BG128_D3,point_id,040,1
background,BG128_D3,point_id,043,2
background,BG128_D3,point_id,051,1
background,BG128_D3,point_id,052,1
background,BG128_D3,point_id,055,1
background,BG128_D3,point_id,056,2
background,BG128_D3,point_id,057,1
background,BG128_D3,point_id,064,1
background,BG128_D3,point_id,067,2
background,BG128_D3,point_id,073,1
background,BG128_D3,point_id,074,3
background,BG128_D3,point_id,075,1
background,BG128_D3,point_id,077,2
background,BG128_D3,point_id,078,1
background,BG128_D3,point_id,082,1
background,BG128_D3,point_id,083,1
background,BG128_D3,point_id,087,1
background,BG128_D3,point_id,091,1
background,BG128_D3,point_id,093,1
background,BG128_D3,point_id,094,1
background,BG128_D3,point_id,095,1
background,BG128_D3,point_id,096,1
background,BG128_D3,point_id,097,1
background,BG128_D3,point_id,100,1
background,BG128_D3,point_id,102,1
background,BG128_D3,point_id,107,1
background,BG128_D3,point_id,108,1
background,BG128_D3,point_id,110,1
background,BG128_D3,point_id,111,1
background,BG128_D3,point_id,112,1
background,BG128_D3,point_id,113,1
background,BG128_D3,point_id,114,1
background,BG128_D3,point_id,115,1
background,BG128_D3,point_id,120,1
background,BG128_D3,point_id,121,1
background,BG128_D3,point_id,123,2
background,BG128_D3,point_id,127,1
background,BG128_D3,point_id,133,1
background,BG128_D3,point_id,134,1
background,BG128_D3,point_id,137,2
background,BG128_D3,point_id,139,1
background,BG128_D3,point_id,142,1
background,BG128_D3,point_id,145,2
background,BG128_D3,point_id,146,1
background,BG128_D3,point_id,147,1
background,BG128_D3,point_id,150,4
background,BG128_D3,point_id,152,1
background,BG128_D3,point_id,153,1
background,BG128_D3,point_id,157,1
background,BG128_D3,point_id,158,1
background,BG128_D3,point_id,159,1
background,BG128_D3,point_id,168,2
background,BG128_D3,point_id,169,1
background,BG128_D3,point_id,172,1
background,BG128_D3,point_id,173,2
background,BG128_D3,point_id,174,1
background,BG128_D3,point_id,175,1
background,BG128_D3,point_id,176,1
background,BG128_D3,point_id,179,3
background,BG128_D3,point_id,182,2
background,BG128_D3,point_id,183,1
background,BG128_D3,point_id,190,2
background,BG128_D3,point_id,192,1
background,BG128_D3,point_id,194,1
background,BG128_D3,point_id,195,1
background,BG128_D3,point_id,196,1
background,BG128_D3,point_id,201,4
background,BG128_D3,point_id,203,1
background,BG128_D3,point_id,210,1
background,BG128_D3,point_id,219,1
background,BG128_D3,point_id,220,2
background,BG128_D3,point_id,221,2
background,BG128_D3,point_id,224,1
background,BG128_D3,point_id,225,1
background,BG128_D3,point_id,229,1
background,BG128_D3,point_id,237,1
background,BG128_D3,point_id,239,1
background,BG128_D3,point_id,245,1
background,BG128_D3,point_id,246,1
background,BG128_D3,month_x_vegetation_class,1|Veg_Coniferous,1
background,BG128_D3,month_x_vegetation_class,1|Veg_Meadow_497,6
background,BG128_D3,month_x_vegetation_class,1|Veg_Meadow_499,1
background,BG128_D3,month_x_vegetation_class,1|Veg_Meadow_504,1
background,BG128_D3,month_x_vegetation_class,1|Veg_Shrub,1
background,BG128_D3,month_x_vegetation_class,1|Veg_Sparse,1
background,BG128_D3,month_x_vegetation_class,2|Veg_Coniferous,1
background,BG128_D3,month_x_vegetation_class,2|Veg_Meadow_497,6
background,BG128_D3,month_x_vegetation_class,2|Veg_Meadow_499,1
background,BG128_D3,month_x_vegetation_class,2|Veg_Meadow_504,1
background,BG128_D3,month_x_vegetation_class,2|Veg_Shrub,1
background,BG128_D3,month_x_vegetation_class,2|Veg_Sparse,1
background,BG128_D3,month_x_vegetation_class,3|Veg_Coniferous,1
background,BG128_D3,month_x_vegetation_class,3|Veg_Meadow_497,6
background,BG128_D3,month_x_vegetation_class,3|Veg_Meadow_499,1
background,BG128_D3,month_x_vegetation_class,3|Veg_Meadow_504,1
background,BG128_D3,month_x_vegetation_class,3|Veg_Shrub,1
background,BG128_D3,month_x_vegetation_class,3|Veg_Sparse,1
background,BG128_D3,month_x_vegetation_class,4|Veg_Coniferous,1
background,BG128_D3,month_x_vegetation_class,4|Veg_Meadow_497,6
background,BG128_D3,month_x_vegetation_class,4|Veg_Meadow_499,1
background,BG128_D3,month_x_vegetation_class,4|Veg_Meadow_504,1
background,BG128_D3,month_x_vegetation_class,4|Veg_Sparse,1
background,BG128_D3,month_x_vegetation_class,5|Veg_Meadow_497,6
background,BG128_D3,month_x_vegetation_class,5|Veg_Meadow_499,1
background,BG128_D3,month_x_vegetation_class,5|Veg_Meadow_504,1
background,BG128_D3,month_x_vegetation_class,5|Veg_Shrub,1
background,BG128_D3,month_x_vegetation_class,5|Veg_Sparse,1
background,BG128_D3,month_x_vegetation_class,6|Veg_Coniferous,1
background,BG128_D3,month_x_vegetation_class,6|Veg_Meadow_497,6
background,BG128_D3,month_x_vegetation_class,6|Veg_Meadow_499,1
background,BG128_D3,month_x_vegetation_class,6|Veg_Meadow_504,1
background,BG128_D3,month_x_vegetation_class,6|Veg_Shrub,1
background,BG128_D3,month_x_vegetation_class,6|Veg_Sparse,1
background,BG128_D3,month_x_vegetation_class,7|Veg_Coniferous,1
background,BG128_D3,month_x_vegetation_class,7|Veg_Meadow_497,6
background,BG128_D3,month_x_vegetation_class,7|Veg_Meadow_499,1
background,BG128_D3,month_x_vegetation_class,7|Veg_Meadow_504,1
background,BG128_D3,month_x_vegetation_class,7|Veg_Sparse,1
background,BG128_D3,month_x_vegetation_class,8|Veg_Coniferous,1
background,BG128_D3,month_x_vegetation_class,8|Veg_Meadow_497,6
background,BG128_D3,month_x_vegetation_class,8|Veg_Meadow_499,1
background,BG128_D3,month_x_vegetation_class,8|Veg_Meadow_504,1
background,BG128_D3,month_x_vegetation_class,8|Veg_Shrub,1
background,BG128_D3,month_x_vegetation_class,8|Veg_Sparse,1
background,BG128_D3,month_x_vegetation_class,9|Veg_Meadow_497,6
background,BG128_D3,month_x_vegetation_class,9|Veg_Meadow_499,1
background,BG128_D3,month_x_vegetation_class,9|Veg_Meadow_504,1
background,BG128_D3,month_x_vegetation_class,9|Veg_Shrub,1
background,BG128_D3,month_x_vegetation_class,9|Veg_Sparse,1
background,BG128_D3,month_x_vegetation_class,10|Veg_Coniferous,1
background,BG128_D3,month_x_vegetation_class,10|Veg_Meadow_497,6
background,BG128_D3,month_x_vegetation_class,10|Veg_Meadow_499,1
background,BG128_D3,month_x_vegetation_class,10|Veg_Meadow_504,1
background,BG128_D3,month_x_vegetation_class,10|Veg_Shrub,1
background,BG128_D3,month_x_vegetation_class,10|Veg_Sparse,1
background,BG128_D3,month_x_vegetation_class,11|Veg_Coniferous,1
background,BG128_D3,month_x_vegetation_class,11|Veg_Meadow_497,6
background,BG128_D3,month_x_vegetation_class,11|Veg_Meadow_499,1
background,BG128_D3,month_x_vegetation_class,11|Veg_Meadow_504,1
background,BG128_D3,month_x_vegetation_class,11|Veg_Shrub,1
background,BG128_D3,month_x_vegetation_class,11|Veg_Sparse,1
background,BG128_D3,month_x_vegetation_class,12|Veg_Coniferous,1
background,BG128_D3,month_x_vegetation_class,12|Veg_Meadow_497,6
background,BG128_D3,month_x_vegetation_class,12|Veg_Meadow_499,1
background,BG128_D3,month_x_vegetation_class,12|Veg_Meadow_504,1
background,BG128_D3,month_x_vegetation_class,12|Veg_Shrub,1
background,BG128_D3,month_x_vegetation_class,12|Veg_Sparse,1
background,BG256_D1,overall,all,256
background,BG256_D1,unique_point_id,all,163
background,BG256_D1,month,1,21
background,BG256_D1,month,2,22
background,BG256_D1,month,3,22
background,BG256_D1,month,4,21
background,BG256_D1,month,5,21
background,BG256_D1,month,6,21
background,BG256_D1,month,7,21
background,BG256_D1,month,8,22
background,BG256_D1,month,9,22
background,BG256_D1,month,10,21
background,BG256_D1,month,11,21
background,BG256_D1,month,12,21
background,BG256_D1,year,2005,22
background,BG256_D1,year,2006,19
background,BG256_D1,year,2007,23
background,BG256_D1,year,2008,18
background,BG256_D1,year,2009,16
background,BG256_D1,year,2010,14
background,BG256_D1,year,2011,14
background,BG256_D1,year,2012,20
background,BG256_D1,year,2013,15
background,BG256_D1,year,2014,14
background,BG256_D1,year,2015,16
background,BG256_D1,year,2016,19
background,BG256_D1,year,2017,27
background,BG256_D1,year,2018,19
background,BG256_D1,vegetation_class,Veg_Coniferous,14
background,BG256_D1,vegetation_class,Veg_Meadow_497,144
background,BG256_D1,vegetation_class,Veg_Meadow_499,13
background,BG256_D1,vegetation_class,Veg_Meadow_504,36
background,BG256_D1,vegetation_class,Veg_Shrub,13
background,BG256_D1,vegetation_class,Veg_Sparse,36
background,BG256_D1,point_id,000,1
background,BG256_D1,point_id,001,2
background,BG256_D1,point_id,002,2
background,BG256_D1,point_id,007,3
background,BG256_D1,point_id,008,1
background,BG256_D1,point_id,009,1
background,BG256_D1,point_id,010,2
background,BG256_D1,point_id,011,1
background,BG256_D1,point_id,012,1
background,BG256_D1,point_id,015,1
background,BG256_D1,point_id,016,1
background,BG256_D1,point_id,019,2
background,BG256_D1,point_id,021,1
background,BG256_D1,point_id,023,1
background,BG256_D1,point_id,025,2
background,BG256_D1,point_id,026,3
background,BG256_D1,point_id,027,1
background,BG256_D1,point_id,029,1
background,BG256_D1,point_id,031,2
background,BG256_D1,point_id,032,1
background,BG256_D1,point_id,033,1
background,BG256_D1,point_id,034,2
background,BG256_D1,point_id,036,1
background,BG256_D1,point_id,038,2
background,BG256_D1,point_id,039,2
background,BG256_D1,point_id,040,1
background,BG256_D1,point_id,041,3
background,BG256_D1,point_id,042,2
background,BG256_D1,point_id,045,1
background,BG256_D1,point_id,046,2
background,BG256_D1,point_id,047,1
background,BG256_D1,point_id,051,5
background,BG256_D1,point_id,052,2
background,BG256_D1,point_id,053,1
background,BG256_D1,point_id,054,2
background,BG256_D1,point_id,059,1
background,BG256_D1,point_id,061,2
background,BG256_D1,point_id,062,1
background,BG256_D1,point_id,064,1
background,BG256_D1,point_id,066,1
background,BG256_D1,point_id,067,1
background,BG256_D1,point_id,068,1
background,BG256_D1,point_id,069,2
background,BG256_D1,point_id,070,1
background,BG256_D1,point_id,073,3
background,BG256_D1,point_id,074,1
background,BG256_D1,point_id,075,1
background,BG256_D1,point_id,076,1
background,BG256_D1,point_id,077,1
background,BG256_D1,point_id,078,1
background,BG256_D1,point_id,079,1
background,BG256_D1,point_id,080,2
background,BG256_D1,point_id,081,1
background,BG256_D1,point_id,082,3
background,BG256_D1,point_id,086,1
background,BG256_D1,point_id,087,2
background,BG256_D1,point_id,089,1
background,BG256_D1,point_id,092,1
background,BG256_D1,point_id,094,2
background,BG256_D1,point_id,095,2
background,BG256_D1,point_id,097,1
background,BG256_D1,point_id,098,1
background,BG256_D1,point_id,099,1
background,BG256_D1,point_id,100,1
background,BG256_D1,point_id,101,3
background,BG256_D1,point_id,102,2
background,BG256_D1,point_id,103,2
background,BG256_D1,point_id,105,1
background,BG256_D1,point_id,106,1
background,BG256_D1,point_id,109,2
background,BG256_D1,point_id,110,2
background,BG256_D1,point_id,112,1
background,BG256_D1,point_id,115,1
background,BG256_D1,point_id,116,1
background,BG256_D1,point_id,117,2
background,BG256_D1,point_id,118,1
background,BG256_D1,point_id,120,1
background,BG256_D1,point_id,121,3
background,BG256_D1,point_id,123,1
background,BG256_D1,point_id,124,1
background,BG256_D1,point_id,127,1
background,BG256_D1,point_id,130,2
background,BG256_D1,point_id,131,1
background,BG256_D1,point_id,132,1
background,BG256_D1,point_id,134,2
background,BG256_D1,point_id,137,2
background,BG256_D1,point_id,138,1
background,BG256_D1,point_id,139,2
background,BG256_D1,point_id,140,5
background,BG256_D1,point_id,141,2
background,BG256_D1,point_id,142,2
background,BG256_D1,point_id,143,1
background,BG256_D1,point_id,144,1
background,BG256_D1,point_id,145,4
background,BG256_D1,point_id,146,1
background,BG256_D1,point_id,147,1
background,BG256_D1,point_id,148,1
background,BG256_D1,point_id,150,1
background,BG256_D1,point_id,151,2
background,BG256_D1,point_id,153,1
background,BG256_D1,point_id,155,1
background,BG256_D1,point_id,156,1
background,BG256_D1,point_id,158,1
background,BG256_D1,point_id,159,1
background,BG256_D1,point_id,161,1
background,BG256_D1,point_id,162,1
background,BG256_D1,point_id,164,2
background,BG256_D1,point_id,165,1
background,BG256_D1,point_id,166,1
background,BG256_D1,point_id,167,1
background,BG256_D1,point_id,168,1
background,BG256_D1,point_id,169,1
background,BG256_D1,point_id,170,2
background,BG256_D1,point_id,173,2
background,BG256_D1,point_id,174,3
background,BG256_D1,point_id,175,2
background,BG256_D1,point_id,181,2
background,BG256_D1,point_id,182,1
background,BG256_D1,point_id,183,1
background,BG256_D1,point_id,184,2
background,BG256_D1,point_id,186,1
background,BG256_D1,point_id,187,1
background,BG256_D1,point_id,188,3
background,BG256_D1,point_id,189,2
background,BG256_D1,point_id,190,1
background,BG256_D1,point_id,191,2
background,BG256_D1,point_id,192,3
background,BG256_D1,point_id,194,1
background,BG256_D1,point_id,195,1
background,BG256_D1,point_id,196,1
background,BG256_D1,point_id,199,3
background,BG256_D1,point_id,200,1
background,BG256_D1,point_id,201,1
background,BG256_D1,point_id,202,2
background,BG256_D1,point_id,204,2
background,BG256_D1,point_id,206,1
background,BG256_D1,point_id,208,2
background,BG256_D1,point_id,209,2
background,BG256_D1,point_id,211,3
background,BG256_D1,point_id,212,1
background,BG256_D1,point_id,214,2
background,BG256_D1,point_id,215,3
background,BG256_D1,point_id,217,1
background,BG256_D1,point_id,220,2
background,BG256_D1,point_id,223,1
background,BG256_D1,point_id,224,1
background,BG256_D1,point_id,225,2
background,BG256_D1,point_id,226,1
background,BG256_D1,point_id,227,3
background,BG256_D1,point_id,228,1
background,BG256_D1,point_id,230,1
background,BG256_D1,point_id,233,2
background,BG256_D1,point_id,234,1
background,BG256_D1,point_id,235,2
background,BG256_D1,point_id,236,4
background,BG256_D1,point_id,237,3
background,BG256_D1,point_id,238,2
background,BG256_D1,point_id,240,1
background,BG256_D1,point_id,242,1
background,BG256_D1,point_id,243,1
background,BG256_D1,point_id,244,1
background,BG256_D1,point_id,245,1
background,BG256_D1,point_id,246,1
background,BG256_D1,month_x_vegetation_class,1|Veg_Coniferous,1
background,BG256_D1,month_x_vegetation_class,1|Veg_Meadow_497,12
background,BG256_D1,month_x_vegetation_class,1|Veg_Meadow_499,1
background,BG256_D1,month_x_vegetation_class,1|Veg_Meadow_504,3
background,BG256_D1,month_x_vegetation_class,1|Veg_Shrub,1
background,BG256_D1,month_x_vegetation_class,1|Veg_Sparse,3
background,BG256_D1,month_x_vegetation_class,2|Veg_Coniferous,1
background,BG256_D1,month_x_vegetation_class,2|Veg_Meadow_497,12
background,BG256_D1,month_x_vegetation_class,2|Veg_Meadow_499,2
background,BG256_D1,month_x_vegetation_class,2|Veg_Meadow_504,3
background,BG256_D1,month_x_vegetation_class,2|Veg_Shrub,1
background,BG256_D1,month_x_vegetation_class,2|Veg_Sparse,3
background,BG256_D1,month_x_vegetation_class,3|Veg_Coniferous,1
background,BG256_D1,month_x_vegetation_class,3|Veg_Meadow_497,12
background,BG256_D1,month_x_vegetation_class,3|Veg_Meadow_499,1
background,BG256_D1,month_x_vegetation_class,3|Veg_Meadow_504,3
background,BG256_D1,month_x_vegetation_class,3|Veg_Shrub,2
background,BG256_D1,month_x_vegetation_class,3|Veg_Sparse,3
background,BG256_D1,month_x_vegetation_class,4|Veg_Coniferous,1
background,BG256_D1,month_x_vegetation_class,4|Veg_Meadow_497,12
background,BG256_D1,month_x_vegetation_class,4|Veg_Meadow_499,1
background,BG256_D1,month_x_vegetation_class,4|Veg_Meadow_504,3
background,BG256_D1,month_x_vegetation_class,4|Veg_Shrub,1
background,BG256_D1,month_x_vegetation_class,4|Veg_Sparse,3
background,BG256_D1,month_x_vegetation_class,5|Veg_Coniferous,1
background,BG256_D1,month_x_vegetation_class,5|Veg_Meadow_497,12
background,BG256_D1,month_x_vegetation_class,5|Veg_Meadow_499,1
background,BG256_D1,month_x_vegetation_class,5|Veg_Meadow_504,3
background,BG256_D1,month_x_vegetation_class,5|Veg_Shrub,1
background,BG256_D1,month_x_vegetation_class,5|Veg_Sparse,3
background,BG256_D1,month_x_vegetation_class,6|Veg_Coniferous,1
background,BG256_D1,month_x_vegetation_class,6|Veg_Meadow_497,12
background,BG256_D1,month_x_vegetation_class,6|Veg_Meadow_499,1
background,BG256_D1,month_x_vegetation_class,6|Veg_Meadow_504,3
background,BG256_D1,month_x_vegetation_class,6|Veg_Shrub,1
background,BG256_D1,month_x_vegetation_class,6|Veg_Sparse,3
background,BG256_D1,month_x_vegetation_class,7|Veg_Coniferous,1
background,BG256_D1,month_x_vegetation_class,7|Veg_Meadow_497,12
background,BG256_D1,month_x_vegetation_class,7|Veg_Meadow_499,1
background,BG256_D1,month_x_vegetation_class,7|Veg_Meadow_504,3
background,BG256_D1,month_x_vegetation_class,7|Veg_Shrub,1
background,BG256_D1,month_x_vegetation_class,7|Veg_Sparse,3
background,BG256_D1,month_x_vegetation_class,8|Veg_Coniferous,2
background,BG256_D1,month_x_vegetation_class,8|Veg_Meadow_497,12
background,BG256_D1,month_x_vegetation_class,8|Veg_Meadow_499,1
background,BG256_D1,month_x_vegetation_class,8|Veg_Meadow_504,3
background,BG256_D1,month_x_vegetation_class,8|Veg_Shrub,1
background,BG256_D1,month_x_vegetation_class,8|Veg_Sparse,3
background,BG256_D1,month_x_vegetation_class,9|Veg_Coniferous,2
background,BG256_D1,month_x_vegetation_class,9|Veg_Meadow_497,12
background,BG256_D1,month_x_vegetation_class,9|Veg_Meadow_499,1
background,BG256_D1,month_x_vegetation_class,9|Veg_Meadow_504,3
background,BG256_D1,month_x_vegetation_class,9|Veg_Shrub,1
background,BG256_D1,month_x_vegetation_class,9|Veg_Sparse,3
background,BG256_D1,month_x_vegetation_class,10|Veg_Coniferous,1
background,BG256_D1,month_x_vegetation_class,10|Veg_Meadow_497,12
background,BG256_D1,month_x_vegetation_class,10|Veg_Meadow_499,1
background,BG256_D1,month_x_vegetation_class,10|Veg_Meadow_504,3
background,BG256_D1,month_x_vegetation_class,10|Veg_Shrub,1
background,BG256_D1,month_x_vegetation_class,10|Veg_Sparse,3
background,BG256_D1,month_x_vegetation_class,11|Veg_Coniferous,1
background,BG256_D1,month_x_vegetation_class,11|Veg_Meadow_497,12
background,BG256_D1,month_x_vegetation_class,11|Veg_Meadow_499,1
background,BG256_D1,month_x_vegetation_class,11|Veg_Meadow_504,3
background,BG256_D1,month_x_vegetation_class,11|Veg_Shrub,1
background,BG256_D1,month_x_vegetation_class,11|Veg_Sparse,3
background,BG256_D1,month_x_vegetation_class,12|Veg_Coniferous,1
background,BG256_D1,month_x_vegetation_class,12|Veg_Meadow_497,12
background,BG256_D1,month_x_vegetation_class,12|Veg_Meadow_499,1
background,BG256_D1,month_x_vegetation_class,12|Veg_Meadow_504,3
background,BG256_D1,month_x_vegetation_class,12|Veg_Shrub,1
background,BG256_D1,month_x_vegetation_class,12|Veg_Sparse,3
background,BG256_D2,overall,all,256
background,BG256_D2,unique_point_id,all,158
background,BG256_D2,month,1,21
background,BG256_D2,month,2,21
background,BG256_D2,month,3,21
background,BG256_D2,month,4,21
background,BG256_D2,month,5,21
background,BG256_D2,month,6,21
background,BG256_D2,month,7,22
background,BG256_D2,month,8,21
background,BG256_D2,month,9,21
background,BG256_D2,month,10,23
background,BG256_D2,month,11,21
background,BG256_D2,month,12,22
background,BG256_D2,year,2005,12
background,BG256_D2,year,2006,17
background,BG256_D2,year,2007,19
background,BG256_D2,year,2008,25
background,BG256_D2,year,2009,11
background,BG256_D2,year,2010,28
background,BG256_D2,year,2011,13
background,BG256_D2,year,2012,21
background,BG256_D2,year,2013,26
background,BG256_D2,year,2014,20
background,BG256_D2,year,2015,15
background,BG256_D2,year,2016,13
background,BG256_D2,year,2017,18
background,BG256_D2,year,2018,18
background,BG256_D2,vegetation_class,Veg_Coniferous,13
background,BG256_D2,vegetation_class,Veg_Meadow_497,144
background,BG256_D2,vegetation_class,Veg_Meadow_499,14
background,BG256_D2,vegetation_class,Veg_Meadow_504,36
background,BG256_D2,vegetation_class,Veg_Shrub,13
background,BG256_D2,vegetation_class,Veg_Sparse,36
background,BG256_D2,point_id,001,1
background,BG256_D2,point_id,005,2
background,BG256_D2,point_id,008,1
background,BG256_D2,point_id,011,3
background,BG256_D2,point_id,012,2
background,BG256_D2,point_id,014,4
background,BG256_D2,point_id,015,1
background,BG256_D2,point_id,016,1
background,BG256_D2,point_id,018,1
background,BG256_D2,point_id,020,2
background,BG256_D2,point_id,021,2
background,BG256_D2,point_id,022,1
background,BG256_D2,point_id,024,1
background,BG256_D2,point_id,025,1
background,BG256_D2,point_id,027,1
background,BG256_D2,point_id,029,2
background,BG256_D2,point_id,030,2
background,BG256_D2,point_id,031,1
background,BG256_D2,point_id,032,2
background,BG256_D2,point_id,033,1
background,BG256_D2,point_id,034,2
background,BG256_D2,point_id,036,2
background,BG256_D2,point_id,038,4
background,BG256_D2,point_id,039,4
background,BG256_D2,point_id,042,3
background,BG256_D2,point_id,043,2
background,BG256_D2,point_id,044,1
background,BG256_D2,point_id,045,1
background,BG256_D2,point_id,046,1
background,BG256_D2,point_id,047,3
background,BG256_D2,point_id,049,1
background,BG256_D2,point_id,050,2
background,BG256_D2,point_id,051,1
background,BG256_D2,point_id,052,2
background,BG256_D2,point_id,054,2
background,BG256_D2,point_id,055,1
background,BG256_D2,point_id,056,1
background,BG256_D2,point_id,057,1
background,BG256_D2,point_id,059,1
background,BG256_D2,point_id,061,2
background,BG256_D2,point_id,062,1
background,BG256_D2,point_id,063,1
background,BG256_D2,point_id,064,2
background,BG256_D2,point_id,065,1
background,BG256_D2,point_id,066,2
background,BG256_D2,point_id,067,1
background,BG256_D2,point_id,069,2
background,BG256_D2,point_id,071,1
background,BG256_D2,point_id,072,1
background,BG256_D2,point_id,073,1
background,BG256_D2,point_id,074,2
background,BG256_D2,point_id,075,1
background,BG256_D2,point_id,076,1
background,BG256_D2,point_id,079,1
background,BG256_D2,point_id,080,1
background,BG256_D2,point_id,081,1
background,BG256_D2,point_id,082,1
background,BG256_D2,point_id,085,1
background,BG256_D2,point_id,088,1
background,BG256_D2,point_id,089,3
background,BG256_D2,point_id,091,3
background,BG256_D2,point_id,093,2
background,BG256_D2,point_id,095,1
background,BG256_D2,point_id,096,1
background,BG256_D2,point_id,097,1
background,BG256_D2,point_id,098,2
background,BG256_D2,point_id,099,1
background,BG256_D2,point_id,100,1
background,BG256_D2,point_id,101,2
background,BG256_D2,point_id,102,2
background,BG256_D2,point_id,105,1
background,BG256_D2,point_id,106,1
background,BG256_D2,point_id,108,2
background,BG256_D2,point_id,109,1
background,BG256_D2,point_id,112,3
background,BG256_D2,point_id,113,2
background,BG256_D2,point_id,114,2
background,BG256_D2,point_id,118,4
background,BG256_D2,point_id,121,1
background,BG256_D2,point_id,123,4
background,BG256_D2,point_id,125,1
background,BG256_D2,point_id,126,1
background,BG256_D2,point_id,127,1
background,BG256_D2,point_id,128,2
background,BG256_D2,point_id,129,1
background,BG256_D2,point_id,137,3
background,BG256_D2,point_id,139,1
background,BG256_D2,point_id,140,1
background,BG256_D2,point_id,141,1
background,BG256_D2,point_id,142,1
background,BG256_D2,point_id,143,2
background,BG256_D2,point_id,144,1
background,BG256_D2,point_id,145,1
background,BG256_D2,point_id,146,2
background,BG256_D2,point_id,147,1
background,BG256_D2,point_id,148,2
background,BG256_D2,point_id,149,2
background,BG256_D2,point_id,150,1
background,BG256_D2,point_id,152,1
background,BG256_D2,point_id,157,1
background,BG256_D2,point_id,158,1
background,BG256_D2,point_id,160,2
background,BG256_D2,point_id,161,3
background,BG256_D2,point_id,165,1
background,BG256_D2,point_id,166,1
background,BG256_D2,point_id,168,2
background,BG256_D2,point_id,170,1
background,BG256_D2,point_id,172,2
background,BG256_D2,point_id,173,3
background,BG256_D2,point_id,175,1
background,BG256_D2,point_id,176,3
background,BG256_D2,point_id,181,2
background,BG256_D2,point_id,182,1
background,BG256_D2,point_id,185,2
background,BG256_D2,point_id,187,1
background,BG256_D2,point_id,188,1
background,BG256_D2,point_id,189,2
background,BG256_D2,point_id,190,4
background,BG256_D2,point_id,191,1
background,BG256_D2,point_id,192,1
background,BG256_D2,point_id,193,1
background,BG256_D2,point_id,195,2
background,BG256_D2,point_id,196,1
background,BG256_D2,point_id,198,4
background,BG256_D2,point_id,199,1
background,BG256_D2,point_id,201,2
background,BG256_D2,point_id,202,2
background,BG256_D2,point_id,204,2
background,BG256_D2,point_id,205,3
background,BG256_D2,point_id,207,2
background,BG256_D2,point_id,208,2
background,BG256_D2,point_id,209,2
background,BG256_D2,point_id,210,1
background,BG256_D2,point_id,212,1
background,BG256_D2,point_id,215,1
background,BG256_D2,point_id,217,1
background,BG256_D2,point_id,218,2
background,BG256_D2,point_id,219,2
background,BG256_D2,point_id,220,2
background,BG256_D2,point_id,221,1
background,BG256_D2,point_id,222,2
background,BG256_D2,point_id,224,2
background,BG256_D2,point_id,225,2
background,BG256_D2,point_id,226,1
background,BG256_D2,point_id,229,2
background,BG256_D2,point_id,230,1
background,BG256_D2,point_id,231,3
background,BG256_D2,point_id,232,2
background,BG256_D2,point_id,233,1
background,BG256_D2,point_id,234,1
background,BG256_D2,point_id,235,1
background,BG256_D2,point_id,236,3
background,BG256_D2,point_id,237,1
background,BG256_D2,point_id,239,1
background,BG256_D2,point_id,240,1
background,BG256_D2,point_id,241,1
background,BG256_D2,point_id,242,1
background,BG256_D2,point_id,243,1
background,BG256_D2,month_x_vegetation_class,1|Veg_Coniferous,1
background,BG256_D2,month_x_vegetation_class,1|Veg_Meadow_497,12
background,BG256_D2,month_x_vegetation_class,1|Veg_Meadow_499,1
background,BG256_D2,month_x_vegetation_class,1|Veg_Meadow_504,3
background,BG256_D2,month_x_vegetation_class,1|Veg_Shrub,1
background,BG256_D2,month_x_vegetation_class,1|Veg_Sparse,3
background,BG256_D2,month_x_vegetation_class,2|Veg_Coniferous,1
background,BG256_D2,month_x_vegetation_class,2|Veg_Meadow_497,12
background,BG256_D2,month_x_vegetation_class,2|Veg_Meadow_499,1
background,BG256_D2,month_x_vegetation_class,2|Veg_Meadow_504,3
background,BG256_D2,month_x_vegetation_class,2|Veg_Shrub,1
background,BG256_D2,month_x_vegetation_class,2|Veg_Sparse,3
background,BG256_D2,month_x_vegetation_class,3|Veg_Coniferous,1
background,BG256_D2,month_x_vegetation_class,3|Veg_Meadow_497,12
background,BG256_D2,month_x_vegetation_class,3|Veg_Meadow_499,1
background,BG256_D2,month_x_vegetation_class,3|Veg_Meadow_504,3
background,BG256_D2,month_x_vegetation_class,3|Veg_Shrub,1
background,BG256_D2,month_x_vegetation_class,3|Veg_Sparse,3
background,BG256_D2,month_x_vegetation_class,4|Veg_Coniferous,1
background,BG256_D2,month_x_vegetation_class,4|Veg_Meadow_497,12
background,BG256_D2,month_x_vegetation_class,4|Veg_Meadow_499,1
background,BG256_D2,month_x_vegetation_class,4|Veg_Meadow_504,3
background,BG256_D2,month_x_vegetation_class,4|Veg_Shrub,1
background,BG256_D2,month_x_vegetation_class,4|Veg_Sparse,3
background,BG256_D2,month_x_vegetation_class,5|Veg_Coniferous,1
background,BG256_D2,month_x_vegetation_class,5|Veg_Meadow_497,12
background,BG256_D2,month_x_vegetation_class,5|Veg_Meadow_499,1
background,BG256_D2,month_x_vegetation_class,5|Veg_Meadow_504,3
background,BG256_D2,month_x_vegetation_class,5|Veg_Shrub,1
background,BG256_D2,month_x_vegetation_class,5|Veg_Sparse,3
background,BG256_D2,month_x_vegetation_class,6|Veg_Coniferous,1
background,BG256_D2,month_x_vegetation_class,6|Veg_Meadow_497,12
background,BG256_D2,month_x_vegetation_class,6|Veg_Meadow_499,1
background,BG256_D2,month_x_vegetation_class,6|Veg_Meadow_504,3
background,BG256_D2,month_x_vegetation_class,6|Veg_Shrub,1
background,BG256_D2,month_x_vegetation_class,6|Veg_Sparse,3
background,BG256_D2,month_x_vegetation_class,7|Veg_Coniferous,1
background,BG256_D2,month_x_vegetation_class,7|Veg_Meadow_497,12
background,BG256_D2,month_x_vegetation_class,7|Veg_Meadow_499,2
background,BG256_D2,month_x_vegetation_class,7|Veg_Meadow_504,3
background,BG256_D2,month_x_vegetation_class,7|Veg_Shrub,1
background,BG256_D2,month_x_vegetation_class,7|Veg_Sparse,3
background,BG256_D2,month_x_vegetation_class,8|Veg_Coniferous,1
background,BG256_D2,month_x_vegetation_class,8|Veg_Meadow_497,12
background,BG256_D2,month_x_vegetation_class,8|Veg_Meadow_499,1
background,BG256_D2,month_x_vegetation_class,8|Veg_Meadow_504,3
background,BG256_D2,month_x_vegetation_class,8|Veg_Shrub,1
background,BG256_D2,month_x_vegetation_class,8|Veg_Sparse,3
background,BG256_D2,month_x_vegetation_class,9|Veg_Coniferous,1
background,BG256_D2,month_x_vegetation_class,9|Veg_Meadow_497,12
background,BG256_D2,month_x_vegetation_class,9|Veg_Meadow_499,1
background,BG256_D2,month_x_vegetation_class,9|Veg_Meadow_504,3
background,BG256_D2,month_x_vegetation_class,9|Veg_Shrub,1
background,BG256_D2,month_x_vegetation_class,9|Veg_Sparse,3
background,BG256_D2,month_x_vegetation_class,10|Veg_Coniferous,2
background,BG256_D2,month_x_vegetation_class,10|Veg_Meadow_497,12
background,BG256_D2,month_x_vegetation_class,10|Veg_Meadow_499,1
background,BG256_D2,month_x_vegetation_class,10|Veg_Meadow_504,3
background,BG256_D2,month_x_vegetation_class,10|Veg_Shrub,2
background,BG256_D2,month_x_vegetation_class,10|Veg_Sparse,3
background,BG256_D2,month_x_vegetation_class,11|Veg_Coniferous,1
background,BG256_D2,month_x_vegetation_class,11|Veg_Meadow_497,12
background,BG256_D2,month_x_vegetation_class,11|Veg_Meadow_499,1
background,BG256_D2,month_x_vegetation_class,11|Veg_Meadow_504,3
background,BG256_D2,month_x_vegetation_class,11|Veg_Shrub,1
background,BG256_D2,month_x_vegetation_class,11|Veg_Sparse,3
background,BG256_D2,month_x_vegetation_class,12|Veg_Coniferous,1
background,BG256_D2,month_x_vegetation_class,12|Veg_Meadow_497,12
background,BG256_D2,month_x_vegetation_class,12|Veg_Meadow_499,2
background,BG256_D2,month_x_vegetation_class,12|Veg_Meadow_504,3
background,BG256_D2,month_x_vegetation_class,12|Veg_Shrub,1
background,BG256_D2,month_x_vegetation_class,12|Veg_Sparse,3
background,BG256_D3,overall,all,256
background,BG256_D3,unique_point_id,all,172
background,BG256_D3,month,1,21
background,BG256_D3,month,2,21
background,BG256_D3,month,3,21
background,BG256_D3,month,4,22
background,BG256_D3,month,5,22
background,BG256_D3,month,6,21
background,BG256_D3,month,7,21
background,BG256_D3,month,8,21
background,BG256_D3,month,9,22
background,BG256_D3,month,10,22
background,BG256_D3,month,11,21
background,BG256_D3,month,12,21
background,BG256_D3,year,2005,22
background,BG256_D3,year,2006,12
background,BG256_D3,year,2007,17
background,BG256_D3,year,2008,18
background,BG256_D3,year,2009,20
background,BG256_D3,year,2010,20
background,BG256_D3,year,2011,20
background,BG256_D3,year,2012,14
background,BG256_D3,year,2013,15
background,BG256_D3,year,2014,21
background,BG256_D3,year,2015,21
background,BG256_D3,year,2016,15
background,BG256_D3,year,2017,23
background,BG256_D3,year,2018,18
background,BG256_D3,vegetation_class,Veg_Coniferous,15
background,BG256_D3,vegetation_class,Veg_Meadow_497,144
background,BG256_D3,vegetation_class,Veg_Meadow_499,12
background,BG256_D3,vegetation_class,Veg_Meadow_504,36
background,BG256_D3,vegetation_class,Veg_Shrub,13
background,BG256_D3,vegetation_class,Veg_Sparse,36
background,BG256_D3,point_id,000,1
background,BG256_D3,point_id,001,1
background,BG256_D3,point_id,003,1
background,BG256_D3,point_id,004,1
background,BG256_D3,point_id,005,1
background,BG256_D3,point_id,006,1
background,BG256_D3,point_id,008,2
background,BG256_D3,point_id,009,1
background,BG256_D3,point_id,010,1
background,BG256_D3,point_id,011,1
background,BG256_D3,point_id,012,2
background,BG256_D3,point_id,013,1
background,BG256_D3,point_id,014,1
background,BG256_D3,point_id,015,1
background,BG256_D3,point_id,016,1
background,BG256_D3,point_id,017,1
background,BG256_D3,point_id,018,1
background,BG256_D3,point_id,019,1
background,BG256_D3,point_id,020,1
background,BG256_D3,point_id,021,1
background,BG256_D3,point_id,022,1
background,BG256_D3,point_id,023,1
background,BG256_D3,point_id,025,1
background,BG256_D3,point_id,027,1
background,BG256_D3,point_id,028,1
background,BG256_D3,point_id,029,1
background,BG256_D3,point_id,030,1
background,BG256_D3,point_id,032,1
background,BG256_D3,point_id,033,1
background,BG256_D3,point_id,036,1
background,BG256_D3,point_id,037,3
background,BG256_D3,point_id,038,2
background,BG256_D3,point_id,039,1
background,BG256_D3,point_id,040,2
background,BG256_D3,point_id,042,1
background,BG256_D3,point_id,045,1
background,BG256_D3,point_id,046,1
background,BG256_D3,point_id,047,1
background,BG256_D3,point_id,048,1
background,BG256_D3,point_id,050,1
background,BG256_D3,point_id,051,1
background,BG256_D3,point_id,054,3
background,BG256_D3,point_id,055,1
background,BG256_D3,point_id,057,2
background,BG256_D3,point_id,058,2
background,BG256_D3,point_id,059,1
background,BG256_D3,point_id,060,2
background,BG256_D3,point_id,061,1
background,BG256_D3,point_id,062,2
background,BG256_D3,point_id,063,2
background,BG256_D3,point_id,064,1
background,BG256_D3,point_id,065,2
background,BG256_D3,point_id,066,1
background,BG256_D3,point_id,067,2
background,BG256_D3,point_id,068,1
background,BG256_D3,point_id,069,1
background,BG256_D3,point_id,070,1
background,BG256_D3,point_id,074,2
background,BG256_D3,point_id,075,1
background,BG256_D3,point_id,076,1
background,BG256_D3,point_id,077,3
background,BG256_D3,point_id,078,2
background,BG256_D3,point_id,081,1
background,BG256_D3,point_id,084,1
background,BG256_D3,point_id,085,1
background,BG256_D3,point_id,087,2
background,BG256_D3,point_id,090,1
background,BG256_D3,point_id,091,3
background,BG256_D3,point_id,095,3
background,BG256_D3,point_id,096,1
background,BG256_D3,point_id,097,1
background,BG256_D3,point_id,098,1
background,BG256_D3,point_id,099,1
background,BG256_D3,point_id,100,3
background,BG256_D3,point_id,103,2
background,BG256_D3,point_id,104,1
background,BG256_D3,point_id,106,2
background,BG256_D3,point_id,107,1
background,BG256_D3,point_id,109,1
background,BG256_D3,point_id,110,2
background,BG256_D3,point_id,111,2
background,BG256_D3,point_id,112,3
background,BG256_D3,point_id,114,2
background,BG256_D3,point_id,115,2
background,BG256_D3,point_id,116,1
background,BG256_D3,point_id,118,4
background,BG256_D3,point_id,119,1
background,BG256_D3,point_id,121,3
background,BG256_D3,point_id,122,1
background,BG256_D3,point_id,123,1
background,BG256_D3,point_id,125,1
background,BG256_D3,point_id,126,1
background,BG256_D3,point_id,128,1
background,BG256_D3,point_id,131,1
background,BG256_D3,point_id,133,1
background,BG256_D3,point_id,134,1
background,BG256_D3,point_id,135,2
background,BG256_D3,point_id,136,1
background,BG256_D3,point_id,138,1
background,BG256_D3,point_id,139,1
background,BG256_D3,point_id,142,1
background,BG256_D3,point_id,143,2
background,BG256_D3,point_id,145,3
background,BG256_D3,point_id,146,1
background,BG256_D3,point_id,147,1
background,BG256_D3,point_id,148,1
background,BG256_D3,point_id,151,1
background,BG256_D3,point_id,152,1
background,BG256_D3,point_id,153,2
background,BG256_D3,point_id,154,3
background,BG256_D3,point_id,156,3
background,BG256_D3,point_id,158,1
background,BG256_D3,point_id,159,1
background,BG256_D3,point_id,160,1
background,BG256_D3,point_id,161,2
background,BG256_D3,point_id,162,1
background,BG256_D3,point_id,163,1
background,BG256_D3,point_id,164,1
background,BG256_D3,point_id,165,1
background,BG256_D3,point_id,166,1
background,BG256_D3,point_id,167,1
background,BG256_D3,point_id,169,1
background,BG256_D3,point_id,170,1
background,BG256_D3,point_id,173,1
background,BG256_D3,point_id,174,4
background,BG256_D3,point_id,179,2
background,BG256_D3,point_id,180,1
background,BG256_D3,point_id,181,1
background,BG256_D3,point_id,182,1
background,BG256_D3,point_id,183,1
background,BG256_D3,point_id,185,1
background,BG256_D3,point_id,187,1
background,BG256_D3,point_id,188,1
background,BG256_D3,point_id,190,3
background,BG256_D3,point_id,191,2
background,BG256_D3,point_id,192,2
background,BG256_D3,point_id,193,3
background,BG256_D3,point_id,195,1
background,BG256_D3,point_id,197,1
background,BG256_D3,point_id,198,3
background,BG256_D3,point_id,199,2
background,BG256_D3,point_id,200,1
background,BG256_D3,point_id,202,2
background,BG256_D3,point_id,203,2
background,BG256_D3,point_id,204,2
background,BG256_D3,point_id,205,2
background,BG256_D3,point_id,206,2
background,BG256_D3,point_id,208,2
background,BG256_D3,point_id,209,1
background,BG256_D3,point_id,211,2
background,BG256_D3,point_id,214,1
background,BG256_D3,point_id,215,1
background,BG256_D3,point_id,216,2
background,BG256_D3,point_id,217,1
background,BG256_D3,point_id,219,1
background,BG256_D3,point_id,221,1
background,BG256_D3,point_id,223,1
background,BG256_D3,point_id,224,3
background,BG256_D3,point_id,225,2
background,BG256_D3,point_id,226,2
background,BG256_D3,point_id,227,2
background,BG256_D3,point_id,229,1
background,BG256_D3,point_id,233,1
background,BG256_D3,point_id,234,2
background,BG256_D3,point_id,235,2
background,BG256_D3,point_id,236,1
background,BG256_D3,point_id,237,2
background,BG256_D3,point_id,238,3
background,BG256_D3,point_id,239,4
background,BG256_D3,point_id,240,2
background,BG256_D3,point_id,244,1
background,BG256_D3,point_id,246,1
background,BG256_D3,month_x_vegetation_class,1|Veg_Coniferous,1
background,BG256_D3,month_x_vegetation_class,1|Veg_Meadow_497,12
background,BG256_D3,month_x_vegetation_class,1|Veg_Meadow_499,1
background,BG256_D3,month_x_vegetation_class,1|Veg_Meadow_504,3
background,BG256_D3,month_x_vegetation_class,1|Veg_Shrub,1
background,BG256_D3,month_x_vegetation_class,1|Veg_Sparse,3
background,BG256_D3,month_x_vegetation_class,2|Veg_Coniferous,1
background,BG256_D3,month_x_vegetation_class,2|Veg_Meadow_497,12
background,BG256_D3,month_x_vegetation_class,2|Veg_Meadow_499,1
background,BG256_D3,month_x_vegetation_class,2|Veg_Meadow_504,3
background,BG256_D3,month_x_vegetation_class,2|Veg_Shrub,1
background,BG256_D3,month_x_vegetation_class,2|Veg_Sparse,3
background,BG256_D3,month_x_vegetation_class,3|Veg_Coniferous,1
background,BG256_D3,month_x_vegetation_class,3|Veg_Meadow_497,12
background,BG256_D3,month_x_vegetation_class,3|Veg_Meadow_499,1
background,BG256_D3,month_x_vegetation_class,3|Veg_Meadow_504,3
background,BG256_D3,month_x_vegetation_class,3|Veg_Shrub,1
background,BG256_D3,month_x_vegetation_class,3|Veg_Sparse,3
background,BG256_D3,month_x_vegetation_class,4|Veg_Coniferous,2
background,BG256_D3,month_x_vegetation_class,4|Veg_Meadow_497,12
background,BG256_D3,month_x_vegetation_class,4|Veg_Meadow_499,1
background,BG256_D3,month_x_vegetation_class,4|Veg_Meadow_504,3
background,BG256_D3,month_x_vegetation_class,4|Veg_Shrub,1
background,BG256_D3,month_x_vegetation_class,4|Veg_Sparse,3
background,BG256_D3,month_x_vegetation_class,5|Veg_Coniferous,1
background,BG256_D3,month_x_vegetation_class,5|Veg_Meadow_497,12
background,BG256_D3,month_x_vegetation_class,5|Veg_Meadow_499,1
background,BG256_D3,month_x_vegetation_class,5|Veg_Meadow_504,3
background,BG256_D3,month_x_vegetation_class,5|Veg_Shrub,2
background,BG256_D3,month_x_vegetation_class,5|Veg_Sparse,3
background,BG256_D3,month_x_vegetation_class,6|Veg_Coniferous,1
background,BG256_D3,month_x_vegetation_class,6|Veg_Meadow_497,12
background,BG256_D3,month_x_vegetation_class,6|Veg_Meadow_499,1
background,BG256_D3,month_x_vegetation_class,6|Veg_Meadow_504,3
background,BG256_D3,month_x_vegetation_class,6|Veg_Shrub,1
background,BG256_D3,month_x_vegetation_class,6|Veg_Sparse,3
background,BG256_D3,month_x_vegetation_class,7|Veg_Coniferous,1
background,BG256_D3,month_x_vegetation_class,7|Veg_Meadow_497,12
background,BG256_D3,month_x_vegetation_class,7|Veg_Meadow_499,1
background,BG256_D3,month_x_vegetation_class,7|Veg_Meadow_504,3
background,BG256_D3,month_x_vegetation_class,7|Veg_Shrub,1
background,BG256_D3,month_x_vegetation_class,7|Veg_Sparse,3
background,BG256_D3,month_x_vegetation_class,8|Veg_Coniferous,1
background,BG256_D3,month_x_vegetation_class,8|Veg_Meadow_497,12
background,BG256_D3,month_x_vegetation_class,8|Veg_Meadow_499,1
background,BG256_D3,month_x_vegetation_class,8|Veg_Meadow_504,3
background,BG256_D3,month_x_vegetation_class,8|Veg_Shrub,1
background,BG256_D3,month_x_vegetation_class,8|Veg_Sparse,3
background,BG256_D3,month_x_vegetation_class,9|Veg_Coniferous,2
background,BG256_D3,month_x_vegetation_class,9|Veg_Meadow_497,12
background,BG256_D3,month_x_vegetation_class,9|Veg_Meadow_499,1
background,BG256_D3,month_x_vegetation_class,9|Veg_Meadow_504,3
background,BG256_D3,month_x_vegetation_class,9|Veg_Shrub,1
background,BG256_D3,month_x_vegetation_class,9|Veg_Sparse,3
background,BG256_D3,month_x_vegetation_class,10|Veg_Coniferous,2
background,BG256_D3,month_x_vegetation_class,10|Veg_Meadow_497,12
background,BG256_D3,month_x_vegetation_class,10|Veg_Meadow_499,1
background,BG256_D3,month_x_vegetation_class,10|Veg_Meadow_504,3
background,BG256_D3,month_x_vegetation_class,10|Veg_Shrub,1
background,BG256_D3,month_x_vegetation_class,10|Veg_Sparse,3
background,BG256_D3,month_x_vegetation_class,11|Veg_Coniferous,1
background,BG256_D3,month_x_vegetation_class,11|Veg_Meadow_497,12
background,BG256_D3,month_x_vegetation_class,11|Veg_Meadow_499,1
background,BG256_D3,month_x_vegetation_class,11|Veg_Meadow_504,3
background,BG256_D3,month_x_vegetation_class,11|Veg_Shrub,1
background,BG256_D3,month_x_vegetation_class,11|Veg_Sparse,3
background,BG256_D3,month_x_vegetation_class,12|Veg_Coniferous,1
background,BG256_D3,month_x_vegetation_class,12|Veg_Meadow_497,12
background,BG256_D3,month_x_vegetation_class,12|Veg_Meadow_499,1
background,BG256_D3,month_x_vegetation_class,12|Veg_Meadow_504,3
background,BG256_D3,month_x_vegetation_class,12|Veg_Shrub,1
background,BG256_D3,month_x_vegetation_class,12|Veg_Sparse,3
background,BG512_D1,overall,all,512
background,BG512_D1,unique_point_id,all,215
background,BG512_D1,month,1,43
background,BG512_D1,month,2,42
background,BG512_D1,month,3,43
background,BG512_D1,month,4,43
background,BG512_D1,month,5,43
background,BG512_D1,month,6,42
background,BG512_D1,month,7,42
background,BG512_D1,month,8,42
background,BG512_D1,month,9,43
background,BG512_D1,month,10,43
background,BG512_D1,month,11,43
background,BG512_D1,month,12,43
background,BG512_D1,year,2005,31
background,BG512_D1,year,2006,34
background,BG512_D1,year,2007,34
background,BG512_D1,year,2008,36
background,BG512_D1,year,2009,33
background,BG512_D1,year,2010,38
background,BG512_D1,year,2011,34
background,BG512_D1,year,2012,34
background,BG512_D1,year,2013,53
background,BG512_D1,year,2014,35
background,BG512_D1,year,2015,43
background,BG512_D1,year,2016,30
background,BG512_D1,year,2017,37
background,BG512_D1,year,2018,40
background,BG512_D1,vegetation_class,Veg_Coniferous,36
background,BG512_D1,vegetation_class,Veg_Meadow_497,288
background,BG512_D1,vegetation_class,Veg_Meadow_499,33
background,BG512_D1,vegetation_class,Veg_Meadow_504,60
background,BG512_D1,vegetation_class,Veg_Shrub,35
background,BG512_D1,vegetation_class,Veg_Sparse,60
background,BG512_D1,point_id,001,3
background,BG512_D1,point_id,002,5
background,BG512_D1,point_id,003,3
background,BG512_D1,point_id,004,5
background,BG512_D1,point_id,005,3
background,BG512_D1,point_id,006,1
background,BG512_D1,point_id,007,3
background,BG512_D1,point_id,008,2
background,BG512_D1,point_id,009,1
background,BG512_D1,point_id,010,6
background,BG512_D1,point_id,011,1
background,BG512_D1,point_id,012,2
background,BG512_D1,point_id,014,1
background,BG512_D1,point_id,015,1
background,BG512_D1,point_id,016,6
background,BG512_D1,point_id,017,6
background,BG512_D1,point_id,018,1
background,BG512_D1,point_id,019,3
background,BG512_D1,point_id,020,1
background,BG512_D1,point_id,021,1
background,BG512_D1,point_id,022,3
background,BG512_D1,point_id,023,3
background,BG512_D1,point_id,024,2
background,BG512_D1,point_id,025,1
background,BG512_D1,point_id,026,1
background,BG512_D1,point_id,027,2
background,BG512_D1,point_id,028,1
background,BG512_D1,point_id,029,3
background,BG512_D1,point_id,030,1
background,BG512_D1,point_id,031,4
background,BG512_D1,point_id,034,2
background,BG512_D1,point_id,035,2
background,BG512_D1,point_id,036,4
background,BG512_D1,point_id,037,2
background,BG512_D1,point_id,038,2
background,BG512_D1,point_id,039,4
background,BG512_D1,point_id,040,1
background,BG512_D1,point_id,041,3
background,BG512_D1,point_id,044,2
background,BG512_D1,point_id,045,4
background,BG512_D1,point_id,046,2
background,BG512_D1,point_id,047,1
background,BG512_D1,point_id,048,1
background,BG512_D1,point_id,049,3
background,BG512_D1,point_id,050,2
background,BG512_D1,point_id,052,5
background,BG512_D1,point_id,053,2
background,BG512_D1,point_id,054,2
background,BG512_D1,point_id,056,2
background,BG512_D1,point_id,057,2
background,BG512_D1,point_id,058,1
background,BG512_D1,point_id,059,2
background,BG512_D1,point_id,061,2
background,BG512_D1,point_id,062,1
background,BG512_D1,point_id,063,2
background,BG512_D1,point_id,064,3
background,BG512_D1,point_id,065,1
background,BG512_D1,point_id,066,3
background,BG512_D1,point_id,067,1
background,BG512_D1,point_id,068,3
background,BG512_D1,point_id,069,1
background,BG512_D1,point_id,071,3
background,BG512_D1,point_id,072,3
background,BG512_D1,point_id,073,3
background,BG512_D1,point_id,074,3
background,BG512_D1,point_id,076,1
background,BG512_D1,point_id,077,2
background,BG512_D1,point_id,078,3
background,BG512_D1,point_id,081,3
background,BG512_D1,point_id,082,1
background,BG512_D1,point_id,083,4
background,BG512_D1,point_id,084,1
background,BG512_D1,point_id,085,6
background,BG512_D1,point_id,086,2
background,BG512_D1,point_id,087,4
background,BG512_D1,point_id,088,1
background,BG512_D1,point_id,090,4
background,BG512_D1,point_id,091,3
background,BG512_D1,point_id,092,3
background,BG512_D1,point_id,093,2
background,BG512_D1,point_id,094,1
background,BG512_D1,point_id,096,3
background,BG512_D1,point_id,097,1
background,BG512_D1,point_id,098,2
background,BG512_D1,point_id,099,3
background,BG512_D1,point_id,100,1
background,BG512_D1,point_id,101,5
background,BG512_D1,point_id,102,3
background,BG512_D1,point_id,103,1
background,BG512_D1,point_id,104,1
background,BG512_D1,point_id,105,5
background,BG512_D1,point_id,106,4
background,BG512_D1,point_id,107,3
background,BG512_D1,point_id,108,1
background,BG512_D1,point_id,109,1
background,BG512_D1,point_id,110,1
background,BG512_D1,point_id,111,2
background,BG512_D1,point_id,112,1
background,BG512_D1,point_id,113,1
background,BG512_D1,point_id,115,2
background,BG512_D1,point_id,116,3
background,BG512_D1,point_id,118,2
background,BG512_D1,point_id,119,5
background,BG512_D1,point_id,120,1
background,BG512_D1,point_id,121,4
background,BG512_D1,point_id,122,2
background,BG512_D1,point_id,123,1
background,BG512_D1,point_id,124,2
background,BG512_D1,point_id,125,1
background,BG512_D1,point_id,126,2
background,BG512_D1,point_id,127,2
background,BG512_D1,point_id,128,1
background,BG512_D1,point_id,129,4
background,BG512_D1,point_id,130,3
background,BG512_D1,point_id,131,4
background,BG512_D1,point_id,132,4
background,BG512_D1,point_id,133,4
background,BG512_D1,point_id,134,1
background,BG512_D1,point_id,136,4
background,BG512_D1,point_id,137,2
background,BG512_D1,point_id,138,3
background,BG512_D1,point_id,139,1
background,BG512_D1,point_id,140,1
background,BG512_D1,point_id,141,3
background,BG512_D1,point_id,142,7
background,BG512_D1,point_id,144,2
background,BG512_D1,point_id,145,3
background,BG512_D1,point_id,146,2
background,BG512_D1,point_id,147,1
background,BG512_D1,point_id,148,1
background,BG512_D1,point_id,149,6
background,BG512_D1,point_id,151,1
background,BG512_D1,point_id,152,3
background,BG512_D1,point_id,153,2
background,BG512_D1,point_id,154,2
background,BG512_D1,point_id,155,4
background,BG512_D1,point_id,156,2
background,BG512_D1,point_id,157,3
background,BG512_D1,point_id,158,1
background,BG512_D1,point_id,159,3
background,BG512_D1,point_id,160,2
background,BG512_D1,point_id,161,3
background,BG512_D1,point_id,163,3
background,BG512_D1,point_id,164,3
background,BG512_D1,point_id,165,1
background,BG512_D1,point_id,166,2
background,BG512_D1,point_id,167,1
background,BG512_D1,point_id,168,1
background,BG512_D1,point_id,170,2
background,BG512_D1,point_id,171,2
background,BG512_D1,point_id,173,5
background,BG512_D1,point_id,174,3
background,BG512_D1,point_id,175,1
background,BG512_D1,point_id,176,1
background,BG512_D1,point_id,177,1
background,BG512_D1,point_id,178,3
background,BG512_D1,point_id,179,3
background,BG512_D1,point_id,180,3
background,BG512_D1,point_id,181,4
background,BG512_D1,point_id,182,3
background,BG512_D1,point_id,183,3
background,BG512_D1,point_id,184,1
background,BG512_D1,point_id,186,3
background,BG512_D1,point_id,187,1
background,BG512_D1,point_id,188,1
background,BG512_D1,point_id,189,3
background,BG512_D1,point_id,190,2
background,BG512_D1,point_id,192,1
background,BG512_D1,point_id,193,3
background,BG512_D1,point_id,194,2
background,BG512_D1,point_id,195,3
background,BG512_D1,point_id,196,2
background,BG512_D1,point_id,197,1
background,BG512_D1,point_id,198,2
background,BG512_D1,point_id,199,3
background,BG512_D1,point_id,200,4
background,BG512_D1,point_id,201,3
background,BG512_D1,point_id,203,3
background,BG512_D1,point_id,204,2
background,BG512_D1,point_id,205,3
background,BG512_D1,point_id,207,3
background,BG512_D1,point_id,208,3
background,BG512_D1,point_id,209,4
background,BG512_D1,point_id,210,1
background,BG512_D1,point_id,211,2
background,BG512_D1,point_id,212,2
background,BG512_D1,point_id,213,2
background,BG512_D1,point_id,214,1
background,BG512_D1,point_id,215,2
background,BG512_D1,point_id,216,2
background,BG512_D1,point_id,217,1
background,BG512_D1,point_id,218,1
background,BG512_D1,point_id,219,5
background,BG512_D1,point_id,220,2
background,BG512_D1,point_id,221,1
background,BG512_D1,point_id,223,2
background,BG512_D1,point_id,224,2
background,BG512_D1,point_id,225,2
background,BG512_D1,point_id,226,4
background,BG512_D1,point_id,227,2
background,BG512_D1,point_id,228,1
background,BG512_D1,point_id,229,2
background,BG512_D1,point_id,230,4
background,BG512_D1,point_id,231,2
background,BG512_D1,point_id,232,1
background,BG512_D1,point_id,234,3
background,BG512_D1,point_id,235,1
background,BG512_D1,point_id,236,3
background,BG512_D1,point_id,237,2
background,BG512_D1,point_id,238,1
background,BG512_D1,point_id,239,1
background,BG512_D1,point_id,241,3
background,BG512_D1,point_id,243,5
background,BG512_D1,point_id,244,3
background,BG512_D1,point_id,245,2
background,BG512_D1,month_x_vegetation_class,1|Veg_Coniferous,3
background,BG512_D1,month_x_vegetation_class,1|Veg_Meadow_497,24
background,BG512_D1,month_x_vegetation_class,1|Veg_Meadow_499,3
background,BG512_D1,month_x_vegetation_class,1|Veg_Meadow_504,5
background,BG512_D1,month_x_vegetation_class,1|Veg_Shrub,3
background,BG512_D1,month_x_vegetation_class,1|Veg_Sparse,5
background,BG512_D1,month_x_vegetation_class,2|Veg_Coniferous,3
background,BG512_D1,month_x_vegetation_class,2|Veg_Meadow_497,24
background,BG512_D1,month_x_vegetation_class,2|Veg_Meadow_499,3
background,BG512_D1,month_x_vegetation_class,2|Veg_Meadow_504,5
background,BG512_D1,month_x_vegetation_class,2|Veg_Shrub,2
background,BG512_D1,month_x_vegetation_class,2|Veg_Sparse,5
background,BG512_D1,month_x_vegetation_class,3|Veg_Coniferous,3
background,BG512_D1,month_x_vegetation_class,3|Veg_Meadow_497,24
background,BG512_D1,month_x_vegetation_class,3|Veg_Meadow_499,3
background,BG512_D1,month_x_vegetation_class,3|Veg_Meadow_504,5
background,BG512_D1,month_x_vegetation_class,3|Veg_Shrub,3
background,BG512_D1,month_x_vegetation_class,3|Veg_Sparse,5
background,BG512_D1,month_x_vegetation_class,4|Veg_Coniferous,3
background,BG512_D1,month_x_vegetation_class,4|Veg_Meadow_497,24
background,BG512_D1,month_x_vegetation_class,4|Veg_Meadow_499,3
background,BG512_D1,month_x_vegetation_class,4|Veg_Meadow_504,5
background,BG512_D1,month_x_vegetation_class,4|Veg_Shrub,3
background,BG512_D1,month_x_vegetation_class,4|Veg_Sparse,5
background,BG512_D1,month_x_vegetation_class,5|Veg_Coniferous,3
background,BG512_D1,month_x_vegetation_class,5|Veg_Meadow_497,24
background,BG512_D1,month_x_vegetation_class,5|Veg_Meadow_499,3
background,BG512_D1,month_x_vegetation_class,5|Veg_Meadow_504,5
background,BG512_D1,month_x_vegetation_class,5|Veg_Shrub,3
background,BG512_D1,month_x_vegetation_class,5|Veg_Sparse,5
background,BG512_D1,month_x_vegetation_class,6|Veg_Coniferous,3
background,BG512_D1,month_x_vegetation_class,6|Veg_Meadow_497,24
background,BG512_D1,month_x_vegetation_class,6|Veg_Meadow_499,2
background,BG512_D1,month_x_vegetation_class,6|Veg_Meadow_504,5
background,BG512_D1,month_x_vegetation_class,6|Veg_Shrub,3
background,BG512_D1,month_x_vegetation_class,6|Veg_Sparse,5
background,BG512_D1,month_x_vegetation_class,7|Veg_Coniferous,3
background,BG512_D1,month_x_vegetation_class,7|Veg_Meadow_497,24
background,BG512_D1,month_x_vegetation_class,7|Veg_Meadow_499,2
background,BG512_D1,month_x_vegetation_class,7|Veg_Meadow_504,5
background,BG512_D1,month_x_vegetation_class,7|Veg_Shrub,3
background,BG512_D1,month_x_vegetation_class,7|Veg_Sparse,5
background,BG512_D1,month_x_vegetation_class,8|Veg_Coniferous,3
background,BG512_D1,month_x_vegetation_class,8|Veg_Meadow_497,24
background,BG512_D1,month_x_vegetation_class,8|Veg_Meadow_499,2
background,BG512_D1,month_x_vegetation_class,8|Veg_Meadow_504,5
background,BG512_D1,month_x_vegetation_class,8|Veg_Shrub,3
background,BG512_D1,month_x_vegetation_class,8|Veg_Sparse,5
background,BG512_D1,month_x_vegetation_class,9|Veg_Coniferous,3
background,BG512_D1,month_x_vegetation_class,9|Veg_Meadow_497,24
background,BG512_D1,month_x_vegetation_class,9|Veg_Meadow_499,3
background,BG512_D1,month_x_vegetation_class,9|Veg_Meadow_504,5
background,BG512_D1,month_x_vegetation_class,9|Veg_Shrub,3
background,BG512_D1,month_x_vegetation_class,9|Veg_Sparse,5
background,BG512_D1,month_x_vegetation_class,10|Veg_Coniferous,3
background,BG512_D1,month_x_vegetation_class,10|Veg_Meadow_497,24
background,BG512_D1,month_x_vegetation_class,10|Veg_Meadow_499,3
background,BG512_D1,month_x_vegetation_class,10|Veg_Meadow_504,5
background,BG512_D1,month_x_vegetation_class,10|Veg_Shrub,3
background,BG512_D1,month_x_vegetation_class,10|Veg_Sparse,5
background,BG512_D1,month_x_vegetation_class,11|Veg_Coniferous,3
background,BG512_D1,month_x_vegetation_class,11|Veg_Meadow_497,24
background,BG512_D1,month_x_vegetation_class,11|Veg_Meadow_499,3
background,BG512_D1,month_x_vegetation_class,11|Veg_Meadow_504,5
background,BG512_D1,month_x_vegetation_class,11|Veg_Shrub,3
background,BG512_D1,month_x_vegetation_class,11|Veg_Sparse,5
background,BG512_D1,month_x_vegetation_class,12|Veg_Coniferous,3
background,BG512_D1,month_x_vegetation_class,12|Veg_Meadow_497,24
background,BG512_D1,month_x_vegetation_class,12|Veg_Meadow_499,3
background,BG512_D1,month_x_vegetation_class,12|Veg_Meadow_504,5
background,BG512_D1,month_x_vegetation_class,12|Veg_Shrub,3
background,BG512_D1,month_x_vegetation_class,12|Veg_Sparse,5
background,BG512_D2,overall,all,512
background,BG512_D2,unique_point_id,all,215
background,BG512_D2,month,1,41
background,BG512_D2,month,2,43
background,BG512_D2,month,3,43
background,BG512_D2,month,4,43
background,BG512_D2,month,5,43
background,BG512_D2,month,6,42
background,BG512_D2,month,7,43
background,BG512_D2,month,8,43
background,BG512_D2,month,9,43
background,BG512_D2,month,10,43
background,BG512_D2,month,11,42
background,BG512_D2,month,12,43
background,BG512_D2,year,2005,53
background,BG512_D2,year,2006,34
background,BG512_D2,year,2007,30
background,BG512_D2,year,2008,28
background,BG512_D2,year,2009,43
background,BG512_D2,year,2010,39
background,BG512_D2,year,2011,34
background,BG512_D2,year,2012,41
background,BG512_D2,year,2013,29
background,BG512_D2,year,2014,38
background,BG512_D2,year,2015,41
background,BG512_D2,year,2016,38
background,BG512_D2,year,2017,26
background,BG512_D2,year,2018,38
background,BG512_D2,vegetation_class,Veg_Coniferous,35
background,BG512_D2,vegetation_class,Veg_Meadow_497,288
background,BG512_D2,vegetation_class,Veg_Meadow_499,34
background,BG512_D2,vegetation_class,Veg_Meadow_504,60
background,BG512_D2,vegetation_class,Veg_Shrub,35
background,BG512_D2,vegetation_class,Veg_Sparse,60
background,BG512_D2,point_id,000,4
background,BG512_D2,point_id,001,2
background,BG512_D2,point_id,002,2
background,BG512_D2,point_id,004,3
background,BG512_D2,point_id,005,4
background,BG512_D2,point_id,006,2
background,BG512_D2,point_id,007,2
background,BG512_D2,point_id,008,2
background,BG512_D2,point_id,009,6
background,BG512_D2,point_id,010,1
background,BG512_D2,point_id,011,3
background,BG512_D2,point_id,012,2
background,BG512_D2,point_id,014,2
background,BG512_D2,point_id,015,3
background,BG512_D2,point_id,016,2
background,BG512_D2,point_id,017,3
background,BG512_D2,point_id,018,6
background,BG512_D2,point_id,019,1
background,BG512_D2,point_id,021,2
background,BG512_D2,point_id,022,4
background,BG512_D2,point_id,023,1
background,BG512_D2,point_id,024,3
background,BG512_D2,point_id,025,2
background,BG512_D2,point_id,026,4
background,BG512_D2,point_id,027,1
background,BG512_D2,point_id,028,2
background,BG512_D2,point_id,029,1
background,BG512_D2,point_id,030,1
background,BG512_D2,point_id,031,3
background,BG512_D2,point_id,032,1
background,BG512_D2,point_id,033,1
background,BG512_D2,point_id,034,4
background,BG512_D2,point_id,035,2
background,BG512_D2,point_id,036,1
background,BG512_D2,point_id,037,5
background,BG512_D2,point_id,038,4
background,BG512_D2,point_id,039,1
background,BG512_D2,point_id,041,2
background,BG512_D2,point_id,042,1
background,BG512_D2,point_id,043,6
background,BG512_D2,point_id,044,2
background,BG512_D2,point_id,045,3
background,BG512_D2,point_id,047,1
background,BG512_D2,point_id,048,2
background,BG512_D2,point_id,049,5
background,BG512_D2,point_id,050,4
background,BG512_D2,point_id,051,5
background,BG512_D2,point_id,052,3
background,BG512_D2,point_id,053,3
background,BG512_D2,point_id,055,1
background,BG512_D2,point_id,056,1
background,BG512_D2,point_id,057,1
background,BG512_D2,point_id,059,3
background,BG512_D2,point_id,060,2
background,BG512_D2,point_id,061,2
background,BG512_D2,point_id,062,3
background,BG512_D2,point_id,063,7
background,BG512_D2,point_id,064,4
background,BG512_D2,point_id,065,4
background,BG512_D2,point_id,066,2
background,BG512_D2,point_id,067,2
background,BG512_D2,point_id,068,3
background,BG512_D2,point_id,071,2
background,BG512_D2,point_id,073,1
background,BG512_D2,point_id,074,5
background,BG512_D2,point_id,075,1
background,BG512_D2,point_id,076,4
background,BG512_D2,point_id,077,4
background,BG512_D2,point_id,079,1
background,BG512_D2,point_id,080,2
background,BG512_D2,point_id,081,2
background,BG512_D2,point_id,082,2
background,BG512_D2,point_id,083,3
background,BG512_D2,point_id,084,2
background,BG512_D2,point_id,085,1
background,BG512_D2,point_id,086,1
background,BG512_D2,point_id,087,1
background,BG512_D2,point_id,088,4
background,BG512_D2,point_id,089,3
background,BG512_D2,point_id,090,4
background,BG512_D2,point_id,092,1
background,BG512_D2,point_id,094,2
background,BG512_D2,point_id,095,2
background,BG512_D2,point_id,096,2
background,BG512_D2,point_id,097,1
background,BG512_D2,point_id,098,3
background,BG512_D2,point_id,099,4
background,BG512_D2,point_id,100,3
background,BG512_D2,point_id,101,3
background,BG512_D2,point_id,103,1
background,BG512_D2,point_id,104,2
background,BG512_D2,point_id,105,2
background,BG512_D2,point_id,106,2
background,BG512_D2,point_id,107,4
background,BG512_D2,point_id,109,2
background,BG512_D2,point_id,110,1
background,BG512_D2,point_id,112,3
background,BG512_D2,point_id,113,3
background,BG512_D2,point_id,114,1
background,BG512_D2,point_id,115,3
background,BG512_D2,point_id,116,3
background,BG512_D2,point_id,117,2
background,BG512_D2,point_id,118,2
background,BG512_D2,point_id,119,2
background,BG512_D2,point_id,120,2
background,BG512_D2,point_id,122,3
background,BG512_D2,point_id,123,1
background,BG512_D2,point_id,124,1
background,BG512_D2,point_id,125,3
background,BG512_D2,point_id,126,3
background,BG512_D2,point_id,127,2
background,BG512_D2,point_id,128,1
background,BG512_D2,point_id,129,2
background,BG512_D2,point_id,130,1
background,BG512_D2,point_id,131,1
background,BG512_D2,point_id,132,2
background,BG512_D2,point_id,133,2
background,BG512_D2,point_id,134,2
background,BG512_D2,point_id,135,3
background,BG512_D2,point_id,136,2
background,BG512_D2,point_id,138,2
background,BG512_D2,point_id,139,3
background,BG512_D2,point_id,140,2
background,BG512_D2,point_id,141,1
background,BG512_D2,point_id,142,4
background,BG512_D2,point_id,143,3
background,BG512_D2,point_id,144,2
background,BG512_D2,point_id,145,1
background,BG512_D2,point_id,146,1
background,BG512_D2,point_id,147,2
background,BG512_D2,point_id,148,3
background,BG512_D2,point_id,149,2
background,BG512_D2,point_id,150,2
background,BG512_D2,point_id,152,2
background,BG512_D2,point_id,153,5
background,BG512_D2,point_id,154,2
background,BG512_D2,point_id,155,1
background,BG512_D2,point_id,157,2
background,BG512_D2,point_id,158,1
background,BG512_D2,point_id,159,2
background,BG512_D2,point_id,160,3
background,BG512_D2,point_id,161,1
background,BG512_D2,point_id,162,2
background,BG512_D2,point_id,163,3
background,BG512_D2,point_id,164,2
background,BG512_D2,point_id,165,1
background,BG512_D2,point_id,166,3
background,BG512_D2,point_id,167,2
background,BG512_D2,point_id,169,4
background,BG512_D2,point_id,170,1
background,BG512_D2,point_id,171,4
background,BG512_D2,point_id,172,2
background,BG512_D2,point_id,174,2
background,BG512_D2,point_id,175,3
background,BG512_D2,point_id,176,1
background,BG512_D2,point_id,177,5
background,BG512_D2,point_id,178,4
background,BG512_D2,point_id,179,2
background,BG512_D2,point_id,180,1
background,BG512_D2,point_id,181,2
background,BG512_D2,point_id,182,3
background,BG512_D2,point_id,183,2
background,BG512_D2,point_id,184,1
background,BG512_D2,point_id,185,2
background,BG512_D2,point_id,186,2
background,BG512_D2,point_id,187,2
background,BG512_D2,point_id,189,1
background,BG512_D2,point_id,192,1
background,BG512_D2,point_id,193,3
background,BG512_D2,point_id,194,1
background,BG512_D2,point_id,195,2
background,BG512_D2,point_id,196,3
background,BG512_D2,point_id,198,2
background,BG512_D2,point_id,199,4
background,BG512_D2,point_id,200,2
background,BG512_D2,point_id,201,2
background,BG512_D2,point_id,203,2
background,BG512_D2,point_id,204,8
background,BG512_D2,point_id,205,4
background,BG512_D2,point_id,206,2
background,BG512_D2,point_id,207,1
background,BG512_D2,point_id,208,3
background,BG512_D2,point_id,209,2
background,BG512_D2,point_id,210,2
background,BG512_D2,point_id,211,4
background,BG512_D2,point_id,212,3
background,BG512_D2,point_id,213,3
background,BG512_D2,point_id,214,1
background,BG512_D2,point_id,216,2
background,BG512_D2,point_id,217,2
background,BG512_D2,point_id,218,1
background,BG512_D2,point_id,219,2
background,BG512_D2,point_id,220,1
background,BG512_D2,point_id,221,2
background,BG512_D2,point_id,222,2
background,BG512_D2,point_id,223,1
background,BG512_D2,point_id,224,3
background,BG512_D2,point_id,225,3
background,BG512_D2,point_id,227,2
background,BG512_D2,point_id,228,1
background,BG512_D2,point_id,229,2
background,BG512_D2,point_id,230,1
background,BG512_D2,point_id,231,5
background,BG512_D2,point_id,232,2
background,BG512_D2,point_id,234,4
background,BG512_D2,point_id,236,2
background,BG512_D2,point_id,237,1
background,BG512_D2,point_id,238,2
background,BG512_D2,point_id,239,3
background,BG512_D2,point_id,240,1
background,BG512_D2,point_id,241,4
background,BG512_D2,point_id,243,1
background,BG512_D2,point_id,244,5
background,BG512_D2,point_id,245,2
background,BG512_D2,point_id,246,3
background,BG512_D2,month_x_vegetation_class,1|Veg_Coniferous,2
background,BG512_D2,month_x_vegetation_class,1|Veg_Meadow_497,24
background,BG512_D2,month_x_vegetation_class,1|Veg_Meadow_499,3
background,BG512_D2,month_x_vegetation_class,1|Veg_Meadow_504,5
background,BG512_D2,month_x_vegetation_class,1|Veg_Shrub,2
background,BG512_D2,month_x_vegetation_class,1|Veg_Sparse,5
background,BG512_D2,month_x_vegetation_class,2|Veg_Coniferous,3
background,BG512_D2,month_x_vegetation_class,2|Veg_Meadow_497,24
background,BG512_D2,month_x_vegetation_class,2|Veg_Meadow_499,3
background,BG512_D2,month_x_vegetation_class,2|Veg_Meadow_504,5
background,BG512_D2,month_x_vegetation_class,2|Veg_Shrub,3
background,BG512_D2,month_x_vegetation_class,2|Veg_Sparse,5
background,BG512_D2,month_x_vegetation_class,3|Veg_Coniferous,3
background,BG512_D2,month_x_vegetation_class,3|Veg_Meadow_497,24
background,BG512_D2,month_x_vegetation_class,3|Veg_Meadow_499,3
background,BG512_D2,month_x_vegetation_class,3|Veg_Meadow_504,5
background,BG512_D2,month_x_vegetation_class,3|Veg_Shrub,3
background,BG512_D2,month_x_vegetation_class,3|Veg_Sparse,5
background,BG512_D2,month_x_vegetation_class,4|Veg_Coniferous,3
background,BG512_D2,month_x_vegetation_class,4|Veg_Meadow_497,24
background,BG512_D2,month_x_vegetation_class,4|Veg_Meadow_499,3
background,BG512_D2,month_x_vegetation_class,4|Veg_Meadow_504,5
background,BG512_D2,month_x_vegetation_class,4|Veg_Shrub,3
background,BG512_D2,month_x_vegetation_class,4|Veg_Sparse,5
background,BG512_D2,month_x_vegetation_class,5|Veg_Coniferous,3
background,BG512_D2,month_x_vegetation_class,5|Veg_Meadow_497,24
background,BG512_D2,month_x_vegetation_class,5|Veg_Meadow_499,3
background,BG512_D2,month_x_vegetation_class,5|Veg_Meadow_504,5
background,BG512_D2,month_x_vegetation_class,5|Veg_Shrub,3
background,BG512_D2,month_x_vegetation_class,5|Veg_Sparse,5
background,BG512_D2,month_x_vegetation_class,6|Veg_Coniferous,3
background,BG512_D2,month_x_vegetation_class,6|Veg_Meadow_497,24
background,BG512_D2,month_x_vegetation_class,6|Veg_Meadow_499,2
background,BG512_D2,month_x_vegetation_class,6|Veg_Meadow_504,5
background,BG512_D2,month_x_vegetation_class,6|Veg_Shrub,3
background,BG512_D2,month_x_vegetation_class,6|Veg_Sparse,5
background,BG512_D2,month_x_vegetation_class,7|Veg_Coniferous,3
background,BG512_D2,month_x_vegetation_class,7|Veg_Meadow_497,24
background,BG512_D2,month_x_vegetation_class,7|Veg_Meadow_499,3
background,BG512_D2,month_x_vegetation_class,7|Veg_Meadow_504,5
background,BG512_D2,month_x_vegetation_class,7|Veg_Shrub,3
background,BG512_D2,month_x_vegetation_class,7|Veg_Sparse,5
background,BG512_D2,month_x_vegetation_class,8|Veg_Coniferous,3
background,BG512_D2,month_x_vegetation_class,8|Veg_Meadow_497,24
background,BG512_D2,month_x_vegetation_class,8|Veg_Meadow_499,3
background,BG512_D2,month_x_vegetation_class,8|Veg_Meadow_504,5
background,BG512_D2,month_x_vegetation_class,8|Veg_Shrub,3
background,BG512_D2,month_x_vegetation_class,8|Veg_Sparse,5
background,BG512_D2,month_x_vegetation_class,9|Veg_Coniferous,3
background,BG512_D2,month_x_vegetation_class,9|Veg_Meadow_497,24
background,BG512_D2,month_x_vegetation_class,9|Veg_Meadow_499,3
background,BG512_D2,month_x_vegetation_class,9|Veg_Meadow_504,5
background,BG512_D2,month_x_vegetation_class,9|Veg_Shrub,3
background,BG512_D2,month_x_vegetation_class,9|Veg_Sparse,5
background,BG512_D2,month_x_vegetation_class,10|Veg_Coniferous,3
background,BG512_D2,month_x_vegetation_class,10|Veg_Meadow_497,24
background,BG512_D2,month_x_vegetation_class,10|Veg_Meadow_499,3
background,BG512_D2,month_x_vegetation_class,10|Veg_Meadow_504,5
background,BG512_D2,month_x_vegetation_class,10|Veg_Shrub,3
background,BG512_D2,month_x_vegetation_class,10|Veg_Sparse,5
background,BG512_D2,month_x_vegetation_class,11|Veg_Coniferous,3
background,BG512_D2,month_x_vegetation_class,11|Veg_Meadow_497,24
background,BG512_D2,month_x_vegetation_class,11|Veg_Meadow_499,2
background,BG512_D2,month_x_vegetation_class,11|Veg_Meadow_504,5
background,BG512_D2,month_x_vegetation_class,11|Veg_Shrub,3
background,BG512_D2,month_x_vegetation_class,11|Veg_Sparse,5
background,BG512_D2,month_x_vegetation_class,12|Veg_Coniferous,3
background,BG512_D2,month_x_vegetation_class,12|Veg_Meadow_497,24
background,BG512_D2,month_x_vegetation_class,12|Veg_Meadow_499,3
background,BG512_D2,month_x_vegetation_class,12|Veg_Meadow_504,5
background,BG512_D2,month_x_vegetation_class,12|Veg_Shrub,3
background,BG512_D2,month_x_vegetation_class,12|Veg_Sparse,5
background,BG512_D3,overall,all,512
background,BG512_D3,unique_point_id,all,211
background,BG512_D3,month,1,41
background,BG512_D3,month,2,43
background,BG512_D3,month,3,43
background,BG512_D3,month,4,43
background,BG512_D3,month,5,43
background,BG512_D3,month,6,43
background,BG512_D3,month,7,43
background,BG512_D3,month,8,43
background,BG512_D3,month,9,42
background,BG512_D3,month,10,43
background,BG512_D3,month,11,42
background,BG512_D3,month,12,43
background,BG512_D3,year,2005,35
background,BG512_D3,year,2006,38
background,BG512_D3,year,2007,35
background,BG512_D3,year,2008,40
background,BG512_D3,year,2009,36
background,BG512_D3,year,2010,24
background,BG512_D3,year,2011,38
background,BG512_D3,year,2012,37
background,BG512_D3,year,2013,32
background,BG512_D3,year,2014,44
background,BG512_D3,year,2015,35
background,BG512_D3,year,2016,40
background,BG512_D3,year,2017,31
background,BG512_D3,year,2018,47
background,BG512_D3,vegetation_class,Veg_Coniferous,36
background,BG512_D3,vegetation_class,Veg_Meadow_497,288
background,BG512_D3,vegetation_class,Veg_Meadow_499,33
background,BG512_D3,vegetation_class,Veg_Meadow_504,60
background,BG512_D3,vegetation_class,Veg_Shrub,35
background,BG512_D3,vegetation_class,Veg_Sparse,60
background,BG512_D3,point_id,000,5
background,BG512_D3,point_id,001,2
background,BG512_D3,point_id,002,1
background,BG512_D3,point_id,004,3
background,BG512_D3,point_id,005,4
background,BG512_D3,point_id,006,4
background,BG512_D3,point_id,007,2
background,BG512_D3,point_id,009,6
background,BG512_D3,point_id,012,5
background,BG512_D3,point_id,013,2
background,BG512_D3,point_id,014,2
background,BG512_D3,point_id,015,1
background,BG512_D3,point_id,016,1
background,BG512_D3,point_id,017,7
background,BG512_D3,point_id,018,4
background,BG512_D3,point_id,019,3
background,BG512_D3,point_id,020,3
background,BG512_D3,point_id,021,1
background,BG512_D3,point_id,022,1
background,BG512_D3,point_id,023,2
background,BG512_D3,point_id,025,2
background,BG512_D3,point_id,026,3
background,BG512_D3,point_id,027,3
background,BG512_D3,point_id,028,1
background,BG512_D3,point_id,029,3
background,BG512_D3,point_id,030,2
background,BG512_D3,point_id,031,1
background,BG512_D3,point_id,033,1
background,BG512_D3,point_id,034,1
background,BG512_D3,point_id,035,2
background,BG512_D3,point_id,036,1
background,BG512_D3,point_id,037,1
background,BG512_D3,point_id,038,4
background,BG512_D3,point_id,039,5
background,BG512_D3,point_id,040,2
background,BG512_D3,point_id,041,1
background,BG512_D3,point_id,043,2
background,BG512_D3,point_id,044,1
background,BG512_D3,point_id,045,2
background,BG512_D3,point_id,046,1
background,BG512_D3,point_id,047,1
background,BG512_D3,point_id,048,4
background,BG512_D3,point_id,049,3
background,BG512_D3,point_id,050,5
background,BG512_D3,point_id,051,5
background,BG512_D3,point_id,052,3
background,BG512_D3,point_id,053,4
background,BG512_D3,point_id,055,1
background,BG512_D3,point_id,056,2
background,BG512_D3,point_id,059,4
background,BG512_D3,point_id,060,1
background,BG512_D3,point_id,061,2
background,BG512_D3,point_id,062,1
background,BG512_D3,point_id,063,1
background,BG512_D3,point_id,065,3
background,BG512_D3,point_id,066,3
background,BG512_D3,point_id,067,1
background,BG512_D3,point_id,068,1
background,BG512_D3,point_id,069,3
background,BG512_D3,point_id,070,3
background,BG512_D3,point_id,071,1
background,BG512_D3,point_id,072,3
background,BG512_D3,point_id,073,2
background,BG512_D3,point_id,074,2
background,BG512_D3,point_id,075,2
background,BG512_D3,point_id,076,2
background,BG512_D3,point_id,077,2
background,BG512_D3,point_id,079,1
background,BG512_D3,point_id,080,2
background,BG512_D3,point_id,081,3
background,BG512_D3,point_id,082,3
background,BG512_D3,point_id,083,3
background,BG512_D3,point_id,084,2
background,BG512_D3,point_id,085,5
background,BG512_D3,point_id,086,3
background,BG512_D3,point_id,087,2
background,BG512_D3,point_id,088,1
background,BG512_D3,point_id,089,2
background,BG512_D3,point_id,090,1
background,BG512_D3,point_id,091,2
background,BG512_D3,point_id,092,3
background,BG512_D3,point_id,093,1
background,BG512_D3,point_id,094,2
background,BG512_D3,point_id,095,2
background,BG512_D3,point_id,096,2
background,BG512_D3,point_id,098,6
background,BG512_D3,point_id,099,1
background,BG512_D3,point_id,101,2
background,BG512_D3,point_id,102,3
background,BG512_D3,point_id,104,3
background,BG512_D3,point_id,105,2
background,BG512_D3,point_id,106,2
background,BG512_D3,point_id,108,2
background,BG512_D3,point_id,109,4
background,BG512_D3,point_id,110,2
background,BG512_D3,point_id,111,1
background,BG512_D3,point_id,112,3
background,BG512_D3,point_id,113,3
background,BG512_D3,point_id,114,2
background,BG512_D3,point_id,115,2
background,BG512_D3,point_id,117,2
background,BG512_D3,point_id,118,4
background,BG512_D3,point_id,119,3
background,BG512_D3,point_id,120,1
background,BG512_D3,point_id,121,1
background,BG512_D3,point_id,122,5
background,BG512_D3,point_id,124,2
background,BG512_D3,point_id,125,1
background,BG512_D3,point_id,126,6
background,BG512_D3,point_id,127,3
background,BG512_D3,point_id,128,2
background,BG512_D3,point_id,129,6
background,BG512_D3,point_id,130,2
background,BG512_D3,point_id,131,1
background,BG512_D3,point_id,132,3
background,BG512_D3,point_id,133,3
background,BG512_D3,point_id,134,1
background,BG512_D3,point_id,135,2
background,BG512_D3,point_id,136,2
background,BG512_D3,point_id,137,2
background,BG512_D3,point_id,138,1
background,BG512_D3,point_id,139,3
background,BG512_D3,point_id,140,1
background,BG512_D3,point_id,141,1
background,BG512_D3,point_id,142,2
background,BG512_D3,point_id,143,1
background,BG512_D3,point_id,144,4
background,BG512_D3,point_id,145,3
background,BG512_D3,point_id,146,2
background,BG512_D3,point_id,147,2
background,BG512_D3,point_id,148,5
background,BG512_D3,point_id,149,4
background,BG512_D3,point_id,150,2
background,BG512_D3,point_id,151,2
background,BG512_D3,point_id,153,4
background,BG512_D3,point_id,154,1
background,BG512_D3,point_id,156,2
background,BG512_D3,point_id,157,1
background,BG512_D3,point_id,158,1
background,BG512_D3,point_id,159,2
background,BG512_D3,point_id,160,3
background,BG512_D3,point_id,161,2
background,BG512_D3,point_id,162,1
background,BG512_D3,point_id,163,2
background,BG512_D3,point_id,165,1
background,BG512_D3,point_id,166,2
background,BG512_D3,point_id,167,2
background,BG512_D3,point_id,168,1
background,BG512_D3,point_id,169,2
background,BG512_D3,point_id,170,6
background,BG512_D3,point_id,171,4
background,BG512_D3,point_id,172,1
background,BG512_D3,point_id,174,3
background,BG512_D3,point_id,175,1
background,BG512_D3,point_id,176,3
background,BG512_D3,point_id,177,1
background,BG512_D3,point_id,178,4
background,BG512_D3,point_id,180,1
background,BG512_D3,point_id,181,3
background,BG512_D3,point_id,182,6
background,BG512_D3,point_id,183,2
background,BG512_D3,point_id,184,2
background,BG512_D3,point_id,185,2
background,BG512_D3,point_id,186,1
background,BG512_D3,point_id,187,3
background,BG512_D3,point_id,188,2
background,BG512_D3,point_id,189,3
background,BG512_D3,point_id,190,2
background,BG512_D3,point_id,191,2
background,BG512_D3,point_id,192,3
background,BG512_D3,point_id,193,1
background,BG512_D3,point_id,194,2
background,BG512_D3,point_id,195,3
background,BG512_D3,point_id,196,5
background,BG512_D3,point_id,197,2
background,BG512_D3,point_id,198,3
background,BG512_D3,point_id,199,2
background,BG512_D3,point_id,200,3
background,BG512_D3,point_id,201,1
background,BG512_D3,point_id,203,1
background,BG512_D3,point_id,204,1
background,BG512_D3,point_id,205,3
background,BG512_D3,point_id,207,3
background,BG512_D3,point_id,208,1
background,BG512_D3,point_id,209,2
background,BG512_D3,point_id,211,5
background,BG512_D3,point_id,213,2
background,BG512_D3,point_id,214,4
background,BG512_D3,point_id,215,1
background,BG512_D3,point_id,216,4
background,BG512_D3,point_id,218,6
background,BG512_D3,point_id,219,2
background,BG512_D3,point_id,220,2
background,BG512_D3,point_id,221,2
background,BG512_D3,point_id,222,2
background,BG512_D3,point_id,223,1
background,BG512_D3,point_id,224,2
background,BG512_D3,point_id,226,3
background,BG512_D3,point_id,227,3
background,BG512_D3,point_id,228,2
background,BG512_D3,point_id,229,2
background,BG512_D3,point_id,230,2
background,BG512_D3,point_id,232,2
background,BG512_D3,point_id,233,1
background,BG512_D3,point_id,234,2
background,BG512_D3,point_id,236,3
background,BG512_D3,point_id,240,3
background,BG512_D3,point_id,241,2
background,BG512_D3,point_id,243,3
background,BG512_D3,point_id,244,7
background,BG512_D3,point_id,246,3
background,BG512_D3,month_x_vegetation_class,1|Veg_Coniferous,3
background,BG512_D3,month_x_vegetation_class,1|Veg_Meadow_497,24
background,BG512_D3,month_x_vegetation_class,1|Veg_Meadow_499,2
background,BG512_D3,month_x_vegetation_class,1|Veg_Meadow_504,5
background,BG512_D3,month_x_vegetation_class,1|Veg_Shrub,2
background,BG512_D3,month_x_vegetation_class,1|Veg_Sparse,5
background,BG512_D3,month_x_vegetation_class,2|Veg_Coniferous,3
background,BG512_D3,month_x_vegetation_class,2|Veg_Meadow_497,24
background,BG512_D3,month_x_vegetation_class,2|Veg_Meadow_499,3
background,BG512_D3,month_x_vegetation_class,2|Veg_Meadow_504,5
background,BG512_D3,month_x_vegetation_class,2|Veg_Shrub,3
background,BG512_D3,month_x_vegetation_class,2|Veg_Sparse,5
background,BG512_D3,month_x_vegetation_class,3|Veg_Coniferous,3
background,BG512_D3,month_x_vegetation_class,3|Veg_Meadow_497,24
background,BG512_D3,month_x_vegetation_class,3|Veg_Meadow_499,3
background,BG512_D3,month_x_vegetation_class,3|Veg_Meadow_504,5
background,BG512_D3,month_x_vegetation_class,3|Veg_Shrub,3
background,BG512_D3,month_x_vegetation_class,3|Veg_Sparse,5
background,BG512_D3,month_x_vegetation_class,4|Veg_Coniferous,3
background,BG512_D3,month_x_vegetation_class,4|Veg_Meadow_497,24
background,BG512_D3,month_x_vegetation_class,4|Veg_Meadow_499,3
background,BG512_D3,month_x_vegetation_class,4|Veg_Meadow_504,5
background,BG512_D3,month_x_vegetation_class,4|Veg_Shrub,3
background,BG512_D3,month_x_vegetation_class,4|Veg_Sparse,5
background,BG512_D3,month_x_vegetation_class,5|Veg_Coniferous,3
background,BG512_D3,month_x_vegetation_class,5|Veg_Meadow_497,24
background,BG512_D3,month_x_vegetation_class,5|Veg_Meadow_499,3
background,BG512_D3,month_x_vegetation_class,5|Veg_Meadow_504,5
background,BG512_D3,month_x_vegetation_class,5|Veg_Shrub,3
background,BG512_D3,month_x_vegetation_class,5|Veg_Sparse,5
background,BG512_D3,month_x_vegetation_class,6|Veg_Coniferous,3
background,BG512_D3,month_x_vegetation_class,6|Veg_Meadow_497,24
background,BG512_D3,month_x_vegetation_class,6|Veg_Meadow_499,3
background,BG512_D3,month_x_vegetation_class,6|Veg_Meadow_504,5
background,BG512_D3,month_x_vegetation_class,6|Veg_Shrub,3
background,BG512_D3,month_x_vegetation_class,6|Veg_Sparse,5
background,BG512_D3,month_x_vegetation_class,7|Veg_Coniferous,3
background,BG512_D3,month_x_vegetation_class,7|Veg_Meadow_497,24
background,BG512_D3,month_x_vegetation_class,7|Veg_Meadow_499,3
background,BG512_D3,month_x_vegetation_class,7|Veg_Meadow_504,5
background,BG512_D3,month_x_vegetation_class,7|Veg_Shrub,3
background,BG512_D3,month_x_vegetation_class,7|Veg_Sparse,5
background,BG512_D3,month_x_vegetation_class,8|Veg_Coniferous,3
background,BG512_D3,month_x_vegetation_class,8|Veg_Meadow_497,24
background,BG512_D3,month_x_vegetation_class,8|Veg_Meadow_499,3
background,BG512_D3,month_x_vegetation_class,8|Veg_Meadow_504,5
background,BG512_D3,month_x_vegetation_class,8|Veg_Shrub,3
background,BG512_D3,month_x_vegetation_class,8|Veg_Sparse,5
background,BG512_D3,month_x_vegetation_class,9|Veg_Coniferous,3
background,BG512_D3,month_x_vegetation_class,9|Veg_Meadow_497,24
background,BG512_D3,month_x_vegetation_class,9|Veg_Meadow_499,2
background,BG512_D3,month_x_vegetation_class,9|Veg_Meadow_504,5
background,BG512_D3,month_x_vegetation_class,9|Veg_Shrub,3
background,BG512_D3,month_x_vegetation_class,9|Veg_Sparse,5
background,BG512_D3,month_x_vegetation_class,10|Veg_Coniferous,3
background,BG512_D3,month_x_vegetation_class,10|Veg_Meadow_497,24
background,BG512_D3,month_x_vegetation_class,10|Veg_Meadow_499,3
background,BG512_D3,month_x_vegetation_class,10|Veg_Meadow_504,5
background,BG512_D3,month_x_vegetation_class,10|Veg_Shrub,3
background,BG512_D3,month_x_vegetation_class,10|Veg_Sparse,5
background,BG512_D3,month_x_vegetation_class,11|Veg_Coniferous,3
background,BG512_D3,month_x_vegetation_class,11|Veg_Meadow_497,24
background,BG512_D3,month_x_vegetation_class,11|Veg_Meadow_499,2
background,BG512_D3,month_x_vegetation_class,11|Veg_Meadow_504,5
background,BG512_D3,month_x_vegetation_class,11|Veg_Shrub,3
background,BG512_D3,month_x_vegetation_class,11|Veg_Sparse,5
background,BG512_D3,month_x_vegetation_class,12|Veg_Coniferous,3
background,BG512_D3,month_x_vegetation_class,12|Veg_Meadow_497,24
background,BG512_D3,month_x_vegetation_class,12|Veg_Meadow_499,3
background,BG512_D3,month_x_vegetation_class,12|Veg_Meadow_504,5
background,BG512_D3,month_x_vegetation_class,12|Veg_Shrub,3
background,BG512_D3,month_x_vegetation_class,12|Veg_Sparse,5
explained,EXPLAINED_E0,overall,all,1000
explained,EXPLAINED_E0,unique_point_id,all,247
explained,EXPLAINED_E0,month,1,84
explained,EXPLAINED_E0,month,2,83
explained,EXPLAINED_E0,month,3,82
explained,EXPLAINED_E0,month,4,83
explained,EXPLAINED_E0,month,5,84
explained,EXPLAINED_E0,month,6,84
explained,EXPLAINED_E0,month,7,82
explained,EXPLAINED_E0,month,8,83
explained,EXPLAINED_E0,month,9,84
explained,EXPLAINED_E0,month,10,84
explained,EXPLAINED_E0,month,11,84
explained,EXPLAINED_E0,month,12,83
explained,EXPLAINED_E0,year,2022,250
explained,EXPLAINED_E0,year,2023,250
explained,EXPLAINED_E0,year,2024,250
explained,EXPLAINED_E0,year,2025,250
explained,EXPLAINED_E0,vegetation_class,Veg_Coniferous,64
explained,EXPLAINED_E0,vegetation_class,Veg_Meadow_497,564
explained,EXPLAINED_E0,vegetation_class,Veg_Meadow_499,64
explained,EXPLAINED_E0,vegetation_class,Veg_Meadow_504,116
explained,EXPLAINED_E0,vegetation_class,Veg_Shrub,64
explained,EXPLAINED_E0,vegetation_class,Veg_Sparse,128
explained,EXPLAINED_E0,point_id,000,4
explained,EXPLAINED_E0,point_id,001,4
explained,EXPLAINED_E0,point_id,002,5
explained,EXPLAINED_E0,point_id,003,4
explained,EXPLAINED_E0,point_id,004,4
explained,EXPLAINED_E0,point_id,005,4
explained,EXPLAINED_E0,point_id,006,5
explained,EXPLAINED_E0,point_id,007,4
explained,EXPLAINED_E0,point_id,008,4
explained,EXPLAINED_E0,point_id,009,4
explained,EXPLAINED_E0,point_id,010,4
explained,EXPLAINED_E0,point_id,011,4
explained,EXPLAINED_E0,point_id,012,5
explained,EXPLAINED_E0,point_id,013,4
explained,EXPLAINED_E0,point_id,014,5
explained,EXPLAINED_E0,point_id,015,5
explained,EXPLAINED_E0,point_id,016,4
explained,EXPLAINED_E0,point_id,017,4
explained,EXPLAINED_E0,point_id,018,4
explained,EXPLAINED_E0,point_id,019,4
explained,EXPLAINED_E0,point_id,020,4
explained,EXPLAINED_E0,point_id,021,5
explained,EXPLAINED_E0,point_id,022,4
explained,EXPLAINED_E0,point_id,023,4
explained,EXPLAINED_E0,point_id,024,4
explained,EXPLAINED_E0,point_id,025,5
explained,EXPLAINED_E0,point_id,026,4
explained,EXPLAINED_E0,point_id,027,4
explained,EXPLAINED_E0,point_id,028,5
explained,EXPLAINED_E0,point_id,029,4
explained,EXPLAINED_E0,point_id,030,4
explained,EXPLAINED_E0,point_id,031,4
explained,EXPLAINED_E0,point_id,032,4
explained,EXPLAINED_E0,point_id,033,4
explained,EXPLAINED_E0,point_id,034,4
explained,EXPLAINED_E0,point_id,035,4
explained,EXPLAINED_E0,point_id,036,4
explained,EXPLAINED_E0,point_id,037,4
explained,EXPLAINED_E0,point_id,038,4
explained,EXPLAINED_E0,point_id,039,4
explained,EXPLAINED_E0,point_id,040,4
explained,EXPLAINED_E0,point_id,041,4
explained,EXPLAINED_E0,point_id,042,4
explained,EXPLAINED_E0,point_id,043,4
explained,EXPLAINED_E0,point_id,044,4
explained,EXPLAINED_E0,point_id,045,4
explained,EXPLAINED_E0,point_id,046,4
explained,EXPLAINED_E0,point_id,047,4
explained,EXPLAINED_E0,point_id,048,4
explained,EXPLAINED_E0,point_id,049,4
explained,EXPLAINED_E0,point_id,050,4
explained,EXPLAINED_E0,point_id,051,4
explained,EXPLAINED_E0,point_id,052,4
explained,EXPLAINED_E0,point_id,053,4
explained,EXPLAINED_E0,point_id,054,4
explained,EXPLAINED_E0,point_id,055,4
explained,EXPLAINED_E0,point_id,056,4
explained,EXPLAINED_E0,point_id,057,4
explained,EXPLAINED_E0,point_id,058,4
explained,EXPLAINED_E0,point_id,059,4
explained,EXPLAINED_E0,point_id,060,4
explained,EXPLAINED_E0,point_id,061,4
explained,EXPLAINED_E0,point_id,062,4
explained,EXPLAINED_E0,point_id,063,4
explained,EXPLAINED_E0,point_id,064,4
explained,EXPLAINED_E0,point_id,065,4
explained,EXPLAINED_E0,point_id,066,4
explained,EXPLAINED_E0,point_id,067,4
explained,EXPLAINED_E0,point_id,068,4
explained,EXPLAINED_E0,point_id,069,4
explained,EXPLAINED_E0,point_id,070,4
explained,EXPLAINED_E0,point_id,071,4
explained,EXPLAINED_E0,point_id,072,4
explained,EXPLAINED_E0,point_id,073,4
explained,EXPLAINED_E0,point_id,074,4
explained,EXPLAINED_E0,point_id,075,4
explained,EXPLAINED_E0,point_id,076,4
explained,EXPLAINED_E0,point_id,077,4
explained,EXPLAINED_E0,point_id,078,4
explained,EXPLAINED_E0,point_id,079,4
explained,EXPLAINED_E0,point_id,080,4
explained,EXPLAINED_E0,point_id,081,4
explained,EXPLAINED_E0,point_id,082,4
explained,EXPLAINED_E0,point_id,083,4
explained,EXPLAINED_E0,point_id,084,4
explained,EXPLAINED_E0,point_id,085,4
explained,EXPLAINED_E0,point_id,086,4
explained,EXPLAINED_E0,point_id,087,4
explained,EXPLAINED_E0,point_id,088,4
explained,EXPLAINED_E0,point_id,089,4
explained,EXPLAINED_E0,point_id,090,4
explained,EXPLAINED_E0,point_id,091,4
explained,EXPLAINED_E0,point_id,092,4
explained,EXPLAINED_E0,point_id,093,4
explained,EXPLAINED_E0,point_id,094,4
explained,EXPLAINED_E0,point_id,095,4
explained,EXPLAINED_E0,point_id,096,4
explained,EXPLAINED_E0,point_id,097,4
explained,EXPLAINED_E0,point_id,098,4
explained,EXPLAINED_E0,point_id,099,4
explained,EXPLAINED_E0,point_id,100,4
explained,EXPLAINED_E0,point_id,101,4
explained,EXPLAINED_E0,point_id,102,4
explained,EXPLAINED_E0,point_id,103,4
explained,EXPLAINED_E0,point_id,104,4
explained,EXPLAINED_E0,point_id,105,4
explained,EXPLAINED_E0,point_id,106,4
explained,EXPLAINED_E0,point_id,107,4
explained,EXPLAINED_E0,point_id,108,4
explained,EXPLAINED_E0,point_id,109,4
explained,EXPLAINED_E0,point_id,110,4
explained,EXPLAINED_E0,point_id,111,4
explained,EXPLAINED_E0,point_id,112,4
explained,EXPLAINED_E0,point_id,113,4
explained,EXPLAINED_E0,point_id,114,4
explained,EXPLAINED_E0,point_id,115,4
explained,EXPLAINED_E0,point_id,116,4
explained,EXPLAINED_E0,point_id,117,4
explained,EXPLAINED_E0,point_id,118,4
explained,EXPLAINED_E0,point_id,119,4
explained,EXPLAINED_E0,point_id,120,4
explained,EXPLAINED_E0,point_id,121,4
explained,EXPLAINED_E0,point_id,122,4
explained,EXPLAINED_E0,point_id,123,4
explained,EXPLAINED_E0,point_id,124,4
explained,EXPLAINED_E0,point_id,125,4
explained,EXPLAINED_E0,point_id,126,4
explained,EXPLAINED_E0,point_id,127,4
explained,EXPLAINED_E0,point_id,128,4
explained,EXPLAINED_E0,point_id,129,4
explained,EXPLAINED_E0,point_id,130,4
explained,EXPLAINED_E0,point_id,131,4
explained,EXPLAINED_E0,point_id,132,4
explained,EXPLAINED_E0,point_id,133,4
explained,EXPLAINED_E0,point_id,134,4
explained,EXPLAINED_E0,point_id,135,4
explained,EXPLAINED_E0,point_id,136,4
explained,EXPLAINED_E0,point_id,137,4
explained,EXPLAINED_E0,point_id,138,4
explained,EXPLAINED_E0,point_id,139,4
explained,EXPLAINED_E0,point_id,140,4
explained,EXPLAINED_E0,point_id,141,4
explained,EXPLAINED_E0,point_id,142,4
explained,EXPLAINED_E0,point_id,143,4
explained,EXPLAINED_E0,point_id,144,4
explained,EXPLAINED_E0,point_id,145,4
explained,EXPLAINED_E0,point_id,146,4
explained,EXPLAINED_E0,point_id,147,4
explained,EXPLAINED_E0,point_id,148,4
explained,EXPLAINED_E0,point_id,149,4
explained,EXPLAINED_E0,point_id,150,4
explained,EXPLAINED_E0,point_id,151,4
explained,EXPLAINED_E0,point_id,152,4
explained,EXPLAINED_E0,point_id,153,4
explained,EXPLAINED_E0,point_id,154,4
explained,EXPLAINED_E0,point_id,155,4
explained,EXPLAINED_E0,point_id,156,4
explained,EXPLAINED_E0,point_id,157,4
explained,EXPLAINED_E0,point_id,158,4
explained,EXPLAINED_E0,point_id,159,4
explained,EXPLAINED_E0,point_id,160,4
explained,EXPLAINED_E0,point_id,161,4
explained,EXPLAINED_E0,point_id,162,4
explained,EXPLAINED_E0,point_id,163,4
explained,EXPLAINED_E0,point_id,164,4
explained,EXPLAINED_E0,point_id,165,4
explained,EXPLAINED_E0,point_id,166,4
explained,EXPLAINED_E0,point_id,167,4
explained,EXPLAINED_E0,point_id,168,4
explained,EXPLAINED_E0,point_id,169,4
explained,EXPLAINED_E0,point_id,170,4
explained,EXPLAINED_E0,point_id,171,4
explained,EXPLAINED_E0,point_id,172,5
explained,EXPLAINED_E0,point_id,173,4
explained,EXPLAINED_E0,point_id,174,4
explained,EXPLAINED_E0,point_id,175,4
explained,EXPLAINED_E0,point_id,176,4
explained,EXPLAINED_E0,point_id,177,5
explained,EXPLAINED_E0,point_id,178,4
explained,EXPLAINED_E0,point_id,179,4
explained,EXPLAINED_E0,point_id,180,5
explained,EXPLAINED_E0,point_id,181,4
explained,EXPLAINED_E0,point_id,182,5
explained,EXPLAINED_E0,point_id,183,4
explained,EXPLAINED_E0,point_id,184,4
explained,EXPLAINED_E0,point_id,185,4
explained,EXPLAINED_E0,point_id,186,4
explained,EXPLAINED_E0,point_id,187,4
explained,EXPLAINED_E0,point_id,188,4
explained,EXPLAINED_E0,point_id,189,4
explained,EXPLAINED_E0,point_id,190,4
explained,EXPLAINED_E0,point_id,191,4
explained,EXPLAINED_E0,point_id,192,4
explained,EXPLAINED_E0,point_id,193,4
explained,EXPLAINED_E0,point_id,194,4
explained,EXPLAINED_E0,point_id,195,4
explained,EXPLAINED_E0,point_id,196,4
explained,EXPLAINED_E0,point_id,197,4
explained,EXPLAINED_E0,point_id,198,4
explained,EXPLAINED_E0,point_id,199,4
explained,EXPLAINED_E0,point_id,200,4
explained,EXPLAINED_E0,point_id,201,4
explained,EXPLAINED_E0,point_id,202,4
explained,EXPLAINED_E0,point_id,203,4
explained,EXPLAINED_E0,point_id,204,4
explained,EXPLAINED_E0,point_id,205,4
explained,EXPLAINED_E0,point_id,206,4
explained,EXPLAINED_E0,point_id,207,4
explained,EXPLAINED_E0,point_id,208,4
explained,EXPLAINED_E0,point_id,209,4
explained,EXPLAINED_E0,point_id,210,4
explained,EXPLAINED_E0,point_id,211,4
explained,EXPLAINED_E0,point_id,212,4
explained,EXPLAINED_E0,point_id,213,4
explained,EXPLAINED_E0,point_id,214,4
explained,EXPLAINED_E0,point_id,215,4
explained,EXPLAINED_E0,point_id,216,4
explained,EXPLAINED_E0,point_id,217,4
explained,EXPLAINED_E0,point_id,218,4
explained,EXPLAINED_E0,point_id,219,4
explained,EXPLAINED_E0,point_id,220,4
explained,EXPLAINED_E0,point_id,221,4
explained,EXPLAINED_E0,point_id,222,4
explained,EXPLAINED_E0,point_id,223,4
explained,EXPLAINED_E0,point_id,224,4
explained,EXPLAINED_E0,point_id,225,4
explained,EXPLAINED_E0,point_id,226,4
explained,EXPLAINED_E0,point_id,227,4
explained,EXPLAINED_E0,point_id,228,4
explained,EXPLAINED_E0,point_id,229,4
explained,EXPLAINED_E0,point_id,230,4
explained,EXPLAINED_E0,point_id,231,4
explained,EXPLAINED_E0,point_id,232,4
explained,EXPLAINED_E0,point_id,233,4
explained,EXPLAINED_E0,point_id,234,4
explained,EXPLAINED_E0,point_id,235,4
explained,EXPLAINED_E0,point_id,236,4
explained,EXPLAINED_E0,point_id,237,4
explained,EXPLAINED_E0,point_id,238,4
explained,EXPLAINED_E0,point_id,239,4
explained,EXPLAINED_E0,point_id,240,4
explained,EXPLAINED_E0,point_id,241,4
explained,EXPLAINED_E0,point_id,242,4
explained,EXPLAINED_E0,point_id,243,4
explained,EXPLAINED_E0,point_id,244,4
explained,EXPLAINED_E0,point_id,245,4
explained,EXPLAINED_E0,point_id,246,4
explained,EXPLAINED_E0,month_x_year_x_vegetation_class_x_point_id,1|2022|Veg_Coniferous|007,1
explained,EXPLAINED_E0,month_x_year_x_vegetation_class_x_point_id,1|2022|Veg_Coniferous|010,1
explained,EXPLAINED_E0,month_x_year_x_vegetation_class_x_point_id,1|2022|Veg_Meadow_497|037,1
explained,EXPLAINED_E0,month_x_year_x_vegetation_class_x_point_id,1|2022|Veg_Meadow_497|041,1
explained,EXPLAINED_E0,month_x_year_x_vegetation_class_x_point_id,1|2022|Veg_Meadow_497|043,1
explained,EXPLAINED_E0,month_x_year_x_vegetation_class_x_point_id,1|2022|Veg_Meadow_497|053,1
explained,EXPLAINED_E0,month_x_year_x_vegetation_class_x_point_id,1|2022|Veg_Meadow_497|071,1
explained,EXPLAINED_E0,month_x_year_x_vegetation_class_x_point_id,1|2022|Veg_Meadow_497|079,1
explained,EXPLAINED_E0,month_x_year_x_vegetation_class_x_point_id,1|2022|Veg_Meadow_497|112,1
explained,EXPLAINED_E0,month_x_year_x_vegetation_class_x_point_id,1|2022|Veg_Meadow_497|118,1
explained,EXPLAINED_E0,month_x_year_x_vegetation_class_x_point_id,1|2022|Veg_Meadow_497|130,1
explained,EXPLAINED_E0,month_x_year_x_vegetation_class_x_point_id,1|2022|Veg_Meadow_497|141,1
explained,EXPLAINED_E0,month_x_year_x_vegetation_class_x_point_id,1|2022|Veg_Meadow_497|147,1
explained,EXPLAINED_E0,month_x_year_x_vegetation_class_x_point_id,1|2022|Veg_Meadow_497|156,1
explained,EXPLAINED_E0,month_x_year_x_vegetation_class_x_point_id,1|2022|Veg_Meadow_504|189,1
explained,EXPLAINED_E0,month_x_year_x_vegetation_class_x_point_id,1|2022|Veg_Meadow_504|191,1
explained,EXPLAINED_E0,month_x_year_x_vegetation_class_x_point_id,1|2022|Veg_Meadow_504|197,1
explained,EXPLAINED_E0,month_x_year_x_vegetation_class_x_point_id,1|2022|Veg_Meadow_504|206,1
explained,EXPLAINED_E0,month_x_year_x_vegetation_class_x_point_id,1|2022|Veg_Meadow_504|210,1
explained,EXPLAINED_E0,month_x_year_x_vegetation_class_x_point_id,1|2022|Veg_Shrub|022,1
explained,EXPLAINED_E0,month_x_year_x_vegetation_class_x_point_id,1|2022|Veg_Sparse|218,1
explained,EXPLAINED_E0,month_x_year_x_vegetation_class_x_point_id,1|2022|Veg_Sparse|224,1
explained,EXPLAINED_E0,month_x_year_x_vegetation_class_x_point_id,1|2022|Veg_Sparse|234,1
explained,EXPLAINED_E0,month_x_year_x_vegetation_class_x_point_id,1|2023|Veg_Coniferous|009,1
explained,EXPLAINED_E0,month_x_year_x_vegetation_class_x_point_id,1|2023|Veg_Meadow_497|042,1
explained,EXPLAINED_E0,month_x_year_x_vegetation_class_x_point_id,1|2023|Veg_Meadow_497|054,1
explained,EXPLAINED_E0,month_x_year_x_vegetation_class_x_point_id,1|2023|Veg_Meadow_497|057,1
explained,EXPLAINED_E0,month_x_year_x_vegetation_class_x_point_id,1|2023|Veg_Meadow_497|068,1
explained,EXPLAINED_E0,month_x_year_x_vegetation_class_x_point_id,1|2023|Veg_Meadow_497|076,1
explained,EXPLAINED_E0,month_x_year_x_vegetation_class_x_point_id,1|2023|Veg_Meadow_497|087,1
explained,EXPLAINED_E0,month_x_year_x_vegetation_class_x_point_id,1|2023|Veg_Meadow_497|111,1
explained,EXPLAINED_E0,month_x_year_x_vegetation_class_x_point_id,1|2023|Veg_Meadow_497|116,1
explained,EXPLAINED_E0,month_x_year_x_vegetation_class_x_point_id,1|2023|Veg_Meadow_497|125,1
explained,EXPLAINED_E0,month_x_year_x_vegetation_class_x_point_id,1|2023|Veg_Meadow_497|135,1
explained,EXPLAINED_E0,month_x_year_x_vegetation_class_x_point_id,1|2023|Veg_Meadow_497|157,1
explained,EXPLAINED_E0,month_x_year_x_vegetation_class_x_point_id,1|2023|Veg_Meadow_497|161,1
explained,EXPLAINED_E0,month_x_year_x_vegetation_class_x_point_id,1|2023|Veg_Meadow_497|170,1
explained,EXPLAINED_E0,month_x_year_x_vegetation_class_x_point_id,1|2023|Veg_Meadow_499|175,1
explained,EXPLAINED_E0,month_x_year_x_vegetation_class_x_point_id,1|2023|Veg_Meadow_499|176,1
explained,EXPLAINED_E0,month_x_year_x_vegetation_class_x_point_id,1|2023|Veg_Meadow_499|177,1
explained,EXPLAINED_E0,month_x_year_x_vegetation_class_x_point_id,1|2023|Veg_Meadow_499|178,1
explained,EXPLAINED_E0,month_x_year_x_vegetation_class_x_point_id,1|2023|Veg_Meadow_499|185,1
explained,EXPLAINED_E0,month_x_year_x_vegetation_class_x_point_id,1|2023|Veg_Meadow_504|208,1
explained,EXPLAINED_E0,month_x_year_x_vegetation_class_x_point_id,1|2023|Veg_Shrub|017,1
explained,EXPLAINED_E0,month_x_year_x_vegetation_class_x_point_id,1|2023|Veg_Shrub|023,1
explained,EXPLAINED_E0,month_x_year_x_vegetation_class_x_point_id,1|2023|Veg_Shrub|028,1
explained,EXPLAINED_E0,month_x_year_x_vegetation_class_x_point_id,1|2023|Veg_Sparse|216,1
explained,EXPLAINED_E0,month_x_year_x_vegetation_class_x_point_id,1|2023|Veg_Sparse|221,1
explained,EXPLAINED_E0,month_x_year_x_vegetation_class_x_point_id,1|2023|Veg_Sparse|235,1
explained,EXPLAINED_E0,month_x_year_x_vegetation_class_x_point_id,1|2023|Veg_Sparse|236,1
explained,EXPLAINED_E0,month_x_year_x_vegetation_class_x_point_id,1|2023|Veg_Sparse|244,1
explained,EXPLAINED_E0,month_x_year_x_vegetation_class_x_point_id,1|2024|Veg_Coniferous|000,1
explained,EXPLAINED_E0,month_x_year_x_vegetation_class_x_point_id,1|2024|Veg_Meadow_497|031,1
explained,EXPLAINED_E0,month_x_year_x_vegetation_class_x_point_id,1|2024|Veg_Meadow_497|073,1
explained,EXPLAINED_E0,month_x_year_x_vegetation_class_x_point_id,1|2024|Veg_Meadow_497|074,1
explained,EXPLAINED_E0,month_x_year_x_vegetation_class_x_point_id,1|2024|Veg_Meadow_497|089,1
explained,EXPLAINED_E0,month_x_year_x_vegetation_class_x_point_id,1|2024|Veg_Meadow_497|090,1
explained,EXPLAINED_E0,month_x_year_x_vegetation_class_x_point_id,1|2024|Veg_Meadow_497|092,1
explained,EXPLAINED_E0,month_x_year_x_vegetation_class_x_point_id,1|2024|Veg_Meadow_497|108,1
explained,EXPLAINED_E0,month_x_year_x_vegetation_class_x_point_id,1|2024|Veg_Meadow_497|114,1
explained,EXPLAINED_E0,month_x_year_x_vegetation_class_x_point_id,1|2024|Veg_Meadow_497|134,1
explained,EXPLAINED_E0,month_x_year_x_vegetation_class_x_point_id,1|2024|Veg_Meadow_497|146,1
explained,EXPLAINED_E0,month_x_year_x_vegetation_class_x_point_id,1|2024|Veg_Meadow_504|212,1
explained,EXPLAINED_E0,month_x_year_x_vegetation_class_x_point_id,1|2024|Veg_Shrub|015,1
explained,EXPLAINED_E0,month_x_year_x_vegetation_class_x_point_id,1|2024|Veg_Sparse|227,1
explained,EXPLAINED_E0,month_x_year_x_vegetation_class_x_point_id,1|2024|Veg_Sparse|243,1
explained,EXPLAINED_E0,month_x_year_x_vegetation_class_x_point_id,1|2025|Veg_Coniferous|008,1
explained,EXPLAINED_E0,month_x_year_x_vegetation_class_x_point_id,1|2025|Veg_Meadow_497|048,1
explained,EXPLAINED_E0,month_x_year_x_vegetation_class_x_point_id,1|2025|Veg_Meadow_497|051,1
explained,EXPLAINED_E0,month_x_year_x_vegetation_class_x_point_id,1|2025|Veg_Meadow_497|063,1
explained,EXPLAINED_E0,month_x_year_x_vegetation_class_x_point_id,1|2025|Veg_Meadow_497|080,1
explained,EXPLAINED_E0,month_x_year_x_vegetation_class_x_point_id,1|2025|Veg_Meadow_497|081,1
explained,EXPLAINED_E0,month_x_year_x_vegetation_class_x_point_id,1|2025|Veg_Meadow_497|100,1
explained,EXPLAINED_E0,month_x_year_x_vegetation_class_x_point_id,1|2025|Veg_Meadow_497|101,1
explained,EXPLAINED_E0,month_x_year_x_vegetation_class_x_point_id,1|2025|Veg_Meadow_497|104,1
explained,EXPLAINED_E0,month_x_year_x_vegetation_class_x_point_id,1|2025|Veg_Meadow_497|117,1
explained,EXPLAINED_E0,month_x_year_x_vegetation_class_x_point_id,1|2025|Veg_Meadow_497|138,1
explained,EXPLAINED_E0,month_x_year_x_vegetation_class_x_point_id,1|2025|Veg_Meadow_497|145,1
explained,EXPLAINED_E0,month_x_year_x_vegetation_class_x_point_id,1|2025|Veg_Meadow_497|163,1
explained,EXPLAINED_E0,month_x_year_x_vegetation_class_x_point_id,1|2025|Veg_Meadow_499|173,1
explained,EXPLAINED_E0,month_x_year_x_vegetation_class_x_point_id,1|2025|Veg_Meadow_504|186,1
explained,EXPLAINED_E0,month_x_year_x_vegetation_class_x_point_id,1|2025|Veg_Meadow_504|194,1
explained,EXPLAINED_E0,month_x_year_x_vegetation_class_x_point_id,1|2025|Veg_Meadow_504|195,1
explained,EXPLAINED_E0,month_x_year_x_vegetation_class_x_point_id,1|2025|Veg_Sparse|215,1
explained,EXPLAINED_E0,month_x_year_x_vegetation_class_x_point_id,2|2022|Veg_Coniferous|003,1
explained,EXPLAINED_E0,month_x_year_x_vegetation_class_x_point_id,2|2022|Veg_Coniferous|008,1
explained,EXPLAINED_E0,month_x_year_x_vegetation_class_x_point_id,2|2022|Veg_Meadow_497|042,1
explained,EXPLAINED_E0,month_x_year_x_vegetation_class_x_point_id,2|2022|Veg_Meadow_497|044,1
explained,EXPLAINED_E0,month_x_year_x_vegetation_class_x_point_id,2|2022|Veg_Meadow_497|051,1
explained,EXPLAINED_E0,month_x_year_x_vegetation_class_x_point_id,2|2022|Veg_Meadow_497|059,1
explained,EXPLAINED_E0,month_x_year_x_vegetation_class_x_point_id,2|2022|Veg_Meadow_497|067,1
explained,EXPLAINED_E0,month_x_year_x_vegetation_class_x_point_id,2|2022|Veg_Meadow_497|072,1
explained,EXPLAINED_E0,month_x_year_x_vegetation_class_x_point_id,2|2022|Veg_Meadow_497|088,1
explained,EXPLAINED_E0,month_x_year_x_vegetation_class_x_point_id,2|2022|Veg_Meadow_497|093,1
explained,EXPLAINED_E0,month_x_year_x_vegetation_class_x_point_id,2|2022|Veg_Meadow_497|109,1
explained,EXPLAINED_E0,month_x_year_x_vegetation_class_x_point_id,2|2022|Veg_Meadow_497|117,1
explained,EXPLAINED_E0,month_x_year_x_vegetation_class_x_point_id,2|2022|Veg_Meadow_497|131,1
explained,EXPLAINED_E0,month_x_year_x_vegetation_class_x_point_id,2|2022|Veg_Meadow_497|162,1
explained,EXPLAINED_E0,month_x_year_x_vegetation_class_x_point_id,2|2022|Veg_Meadow_497|166,1
explained,EXPLAINED_E0,month_x_year_x_vegetation_class_x_point_id,2|2022|Veg_Meadow_499|173,1
explained,EXPLAINED_E0,month_x_year_x_vegetation_class_x_point_id,2|2022|Veg_Shrub|017,1
explained,EXPLAINED_E0,month_x_year_x_vegetation_class_x_point_id,2|2022|Veg_Sparse|215,1
explained,EXPLAINED_E0,month_x_year_x_vegetation_class_x_point_id,2|2022|Veg_Sparse|226,1
explained,EXPLAINED_E0,month_x_year_x_vegetation_class_x_point_id,2|2023|Veg_Coniferous|006,1
explained,EXPLAINED_E0,month_x_year_x_vegetation_class_x_point_id,2|2023|Veg_Meadow_497|032,1
explained,EXPLAINED_E0,month_x_year_x_vegetation_class_x_point_id,2|2023|Veg_Meadow_497|062,1
explained,EXPLAINED_E0,month_x_year_x_vegetation_class_x_point_id,2|2023|Veg_Meadow_497|098,1
explained,EXPLAINED_E0,month_x_year_x_vegetation_class_x_point_id,2|2023|Veg_Meadow_497|100,1
explained,EXPLAINED_E0,month_x_year_x_vegetation_class_x_point_id,2|2023|Veg_Meadow_497|112,1
explained,EXPLAINED_E0,month_x_year_x_vegetation_class_x_point_id,2|2023|Veg_Meadow_497|126,1
explained,EXPLAINED_E0,month_x_year_x_vegetation_class_x_point_id,2|2023|Veg_Meadow_497|143,1
explained,EXPLAINED_E0,month_x_year_x_vegetation_class_x_point_id,2|2023|Veg_Meadow_497|151,1
explained,EXPLAINED_E0,month_x_year_x_vegetation_class_x_point_id,2|2023|Veg_Meadow_497|163,1
explained,EXPLAINED_E0,month_x_year_x_vegetation_class_x_point_id,2|2023|Veg_Meadow_499|172,1
explained,EXPLAINED_E0,month_x_year_x_vegetation_class_x_point_id,2|2023|Veg_Meadow_504|186,1
explained,EXPLAINED_E0,month_x_year_x_vegetation_class_x_point_id,2|2023|Veg_Meadow_504|198,1
explained,EXPLAINED_E0,month_x_year_x_vegetation_class_x_point_id,2|2023|Veg_Meadow_504|205,1
explained,EXPLAINED_E0,month_x_year_x_vegetation_class_x_point_id,2|2023|Veg_Meadow_504|207,1
explained,EXPLAINED_E0,month_x_year_x_vegetation_class_x_point_id,2|2023|Veg_Shrub|021,1
explained,EXPLAINED_E0,month_x_year_x_vegetation_class_x_point_id,2|2023|Veg_Sparse|225,1
explained,EXPLAINED_E0,month_x_year_x_vegetation_class_x_point_id,2|2024|Veg_Coniferous|002,1
explained,EXPLAINED_E0,month_x_year_x_vegetation_class_x_point_id,2|2024|Veg_Meadow_497|035,1
explained,EXPLAINED_E0,month_x_year_x_vegetation_class_x_point_id,2|2024|Veg_Meadow_497|037,1
explained,EXPLAINED_E0,month_x_year_x_vegetation_class_x_point_id,2|2024|Veg_Meadow_497|043,1
explained,EXPLAINED_E0,month_x_year_x_vegetation_class_x_point_id,2|2024|Veg_Meadow_497|045,1
explained,EXPLAINED_E0,month_x_year_x_vegetation_class_x_point_id,2|2024|Veg_Meadow_497|047,1
explained,EXPLAINED_E0,month_x_year_x_vegetation_class_x_point_id,2|2024|Veg_Meadow_497|049,1
explained,EXPLAINED_E0,month_x_year_x_vegetation_class_x_point_id,2|2024|Veg_Meadow_497|080,1
explained,EXPLAINED_E0,month_x_year_x_vegetation_class_x_point_id,2|2024|Veg_Meadow_497|084,1
explained,EXPLAINED_E0,month_x_year_x_vegetation_class_x_point_id,2|2024|Veg_Meadow_497|086,1
explained,EXPLAINED_E0,month_x_year_x_vegetation_class_x_point_id,2|2024|Veg_Meadow_497|097,1
explained,EXPLAINED_E0,month_x_year_x_vegetation_class_x_point_id,2|2024|Veg_Meadow_497|103,1
explained,EXPLAINED_E0,month_x_year_x_vegetation_class_x_point_id,2|2024|Veg_Meadow_497|116,1
explained,EXPLAINED_E0,month_x_year_x_vegetation_class_x_point_id,2|2024|Veg_Meadow_497|121,1
explained,EXPLAINED_E0,month_x_year_x_vegetation_class_x_point_id,2|2024|Veg_Meadow_497|132,1
explained,EXPLAINED_E0,month_x_year_x_vegetation_class_x_point_id,2|2024|Veg_Meadow_499|176,1
explained,EXPLAINED_E0,month_x_year_x_vegetation_class_x_point_id,2|2024|Veg_Meadow_499|180,1
explained,EXPLAINED_E0,month_x_year_x_vegetation_class_x_point_id,2|2024|Veg_Meadow_504|187,1
explained,EXPLAINED_E0,month_x_year_x_vegetation_class_x_point_id,2|2024|Veg_Meadow_504|204,1
explained,EXPLAINED_E0,month_x_year_x_vegetation_class_x_point_id,2|2024|Veg_Meadow_504|214,1
explained,EXPLAINED_E0,month_x_year_x_vegetation_class_x_point_id,2|2024|Veg_Shrub|024,1
explained,EXPLAINED_E0,month_x_year_x_vegetation_class_x_point_id,2|2024|Veg_Shrub|027,1
explained,EXPLAINED_E0,month_x_year_x_vegetation_class_x_point_id,2|2024|Veg_Sparse|216,1
explained,EXPLAINED_E0,month_x_year_x_vegetation_class_x_point_id,2|2024|Veg_Sparse|228,1
explained,EXPLAINED_E0,month_x_year_x_vegetation_class_x_point_id,2|2024|Veg_Sparse|229,1
explained,EXPLAINED_E0,month_x_year_x_vegetation_class_x_point_id,2|2024|Veg_Sparse|242,1
explained,EXPLAINED_E0,month_x_year_x_vegetation_class_x_point_id,2|2025|Veg_Coniferous|001,1
explained,EXPLAINED_E0,month_x_year_x_vegetation_class_x_point_id,2|2025|Veg_Coniferous|014,1
explained,EXPLAINED_E0,month_x_year_x_vegetation_class_x_point_id,2|2025|Veg_Meadow_497|034,1
explained,EXPLAINED_E0,month_x_year_x_vegetation_class_x_point_id,2|2025|Veg_Meadow_497|036,1
explained,EXPLAINED_E0,month_x_year_x_vegetation_class_x_point_id,2|2025|Veg_Meadow_497|052,1
explained,EXPLAINED_E0,month_x_year_x_vegetation_class_x_point_id,2|2025|Veg_Meadow_497|065,1
explained,EXPLAINED_E0,month_x_year_x_vegetation_class_x_point_id,2|2025|Veg_Meadow_497|068,1
explained,EXPLAINED_E0,month_x_year_x_vegetation_class_x_point_id,2|2025|Veg_Meadow_497|099,1
explained,EXPLAINED_E0,month_x_year_x_vegetation_class_x_point_id,2|2025|Veg_Meadow_497|113,1
explained,EXPLAINED_E0,month_x_year_x_vegetation_class_x_point_id,2|2025|Veg_Meadow_497|118,1
explained,EXPLAINED_E0,month_x_year_x_vegetation_class_x_point_id,2|2025|Veg_Meadow_497|135,1
explained,EXPLAINED_E0,month_x_year_x_vegetation_class_x_point_id,2|2025|Veg_Meadow_497|158,1
explained,EXPLAINED_E0,month_x_year_x_vegetation_class_x_point_id,2|2025|Veg_Meadow_497|170,1
explained,EXPLAINED_E0,month_x_year_x_vegetation_class_x_point_id,2|2025|Veg_Meadow_499|182,1
explained,EXPLAINED_E0,month_x_year_x_vegetation_class_x_point_id,2|2025|Veg_Meadow_504|197,1
explained,EXPLAINED_E0,month_x_year_x_vegetation_class_x_point_id,2|2025|Veg_Meadow_504|199,1
explained,EXPLAINED_E0,month_x_year_x_vegetation_class_x_point_id,2|2025|Veg_Meadow_504|211,1
explained,EXPLAINED_E0,month_x_year_x_vegetation_class_x_point_id,2|2025|Veg_Shrub|015,1
explained,EXPLAINED_E0,month_x_year_x_vegetation_class_x_point_id,2|2025|Veg_Sparse|219,1
explained,EXPLAINED_E0,month_x_year_x_vegetation_class_x_point_id,2|2025|Veg_Sparse|222,1
explained,EXPLAINED_E0,month_x_year_x_vegetation_class_x_point_id,2|2025|Veg_Sparse|236,1
explained,EXPLAINED_E0,month_x_year_x_vegetation_class_x_point_id,3|2022|Veg_Meadow_497|030,1
explained,EXPLAINED_E0,month_x_year_x_vegetation_class_x_point_id,3|2022|Veg_Meadow_497|036,1
explained,EXPLAINED_E0,month_x_year_x_vegetation_class_x_point_id,3|2022|Veg_Meadow_497|068,1
explained,EXPLAINED_E0,month_x_year_x_vegetation_class_x_point_id,3|2022|Veg_Meadow_497|099,1
explained,EXPLAINED_E0,month_x_year_x_vegetation_class_x_point_id,3|2022|Veg_Meadow_497|104,1
explained,EXPLAINED_E0,month_x_year_x_vegetation_class_x_point_id,3|2022|Veg_Meadow_497|107,1
explained,EXPLAINED_E0,month_x_year_x_vegetation_class_x_point_id,3|2022|Veg_Meadow_497|110,1
explained,EXPLAINED_E0,month_x_year_x_vegetation_class_x_point_id,3|2022|Veg_Meadow_497|116,1
explained,EXPLAINED_E0,month_x_year_x_vegetation_class_x_point_id,3|2022|Veg_Meadow_497|132,1
explained,EXPLAINED_E0,month_x_year_x_vegetation_class_x_point_id,3|2022|Veg_Meadow_499|177,1
explained,EXPLAINED_E0,month_x_year_x_vegetation_class_x_point_id,3|2022|Veg_Meadow_499|178,1
explained,EXPLAINED_E0,month_x_year_x_vegetation_class_x_point_id,3|2022|Veg_Meadow_504|193,1
explained,EXPLAINED_E0,month_x_year_x_vegetation_class_x_point_id,3|2022|Veg_Shrub|016,1
explained,EXPLAINED_E0,month_x_year_x_vegetation_class_x_point_id,3|2022|Veg_Shrub|019,1
explained,EXPLAINED_E0,month_x_year_x_vegetation_class_x_point_id,3|2022|Veg_Sparse|216,1
explained,EXPLAINED_E0,month_x_year_x_vegetation_class_x_point_id,3|2022|Veg_Sparse|220,1
explained,EXPLAINED_E0,month_x_year_x_vegetation_class_x_point_id,3|2022|Veg_Sparse|223,1
explained,EXPLAINED_E0,month_x_year_x_vegetation_class_x_point_id,3|2023|Veg_Coniferous|007,1
explained,EXPLAINED_E0,month_x_year_x_vegetation_class_x_point_id,3|2023|Veg_Coniferous|014,1
explained,EXPLAINED_E0,month_x_year_x_vegetation_class_x_point_id,3|2023|Veg_Meadow_497|050,1
explained,EXPLAINED_E0,month_x_year_x_vegetation_class_x_point_id,3|2023|Veg_Meadow_497|051,1
explained,EXPLAINED_E0,month_x_year_x_vegetation_class_x_point_id,3|2023|Veg_Meadow_497|061,1
explained,EXPLAINED_E0,month_x_year_x_vegetation_class_x_point_id,3|2023|Veg_Meadow_497|064,1
explained,EXPLAINED_E0,month_x_year_x_vegetation_class_x_point_id,3|2023|Veg_Meadow_497|094,1
explained,EXPLAINED_E0,month_x_year_x_vegetation_class_x_point_id,3|2023|Veg_Meadow_497|106,1
explained,EXPLAINED_E0,month_x_year_x_vegetation_class_x_point_id,3|2023|Veg_Meadow_497|113,1
explained,EXPLAINED_E0,month_x_year_x_vegetation_class_x_point_id,3|2023|Veg_Meadow_497|117,1
explained,EXPLAINED_E0,month_x_year_x_vegetation_class_x_point_id,3|2023|Veg_Meadow_497|134,1
explained,EXPLAINED_E0,month_x_year_x_vegetation_class_x_point_id,3|2023|Veg_Meadow_497|142,1
explained,EXPLAINED_E0,month_x_year_x_vegetation_class_x_point_id,3|2023|Veg_Meadow_497|150,1
explained,EXPLAINED_E0,month_x_year_x_vegetation_class_x_point_id,3|2023|Veg_Meadow_497|154,1
explained,EXPLAINED_E0,month_x_year_x_vegetation_class_x_point_id,3|2023|Veg_Meadow_497|158,1
explained,EXPLAINED_E0,month_x_year_x_vegetation_class_x_point_id,3|2023|Veg_Meadow_499|179,1
explained,EXPLAINED_E0,month_x_year_x_vegetation_class_x_point_id,3|2023|Veg_Meadow_499|183,1
explained,EXPLAINED_E0,month_x_year_x_vegetation_class_x_point_id,3|2023|Veg_Meadow_499|184,1
explained,EXPLAINED_E0,month_x_year_x_vegetation_class_x_point_id,3|2023|Veg_Meadow_504|196,1
explained,EXPLAINED_E0,month_x_year_x_vegetation_class_x_point_id,3|2023|Veg_Sparse|246,1
explained,EXPLAINED_E0,month_x_year_x_vegetation_class_x_point_id,3|2024|Veg_Coniferous|003,1
explained,EXPLAINED_E0,month_x_year_x_vegetation_class_x_point_id,3|2024|Veg_Coniferous|005,1
explained,EXPLAINED_E0,month_x_year_x_vegetation_class_x_point_id,3|2024|Veg_Meadow_497|038,1
explained,EXPLAINED_E0,month_x_year_x_vegetation_class_x_point_id,3|2024|Veg_Meadow_497|058,1
explained,EXPLAINED_E0,month_x_year_x_vegetation_class_x_point_id,3|2024|Veg_Meadow_497|077,1
explained,EXPLAINED_E0,month_x_year_x_vegetation_class_x_point_id,3|2024|Veg_Meadow_497|081,1
explained,EXPLAINED_E0,month_x_year_x_vegetation_class_x_point_id,3|2024|Veg_Meadow_497|083,1
explained,EXPLAINED_E0,month_x_year_x_vegetation_class_x_point_id,3|2024|Veg_Meadow_497|100,1
explained,EXPLAINED_E0,month_x_year_x_vegetation_class_x_point_id,3|2024|Veg_Meadow_497|138,1
explained,EXPLAINED_E0,month_x_year_x_vegetation_class_x_point_id,3|2024|Veg_Meadow_497|140,1
explained,EXPLAINED_E0,month_x_year_x_vegetation_class_x_point_id,3|2024|Veg_Meadow_497|149,1
explained,EXPLAINED_E0,month_x_year_x_vegetation_class_x_point_id,3|2024|Veg_Meadow_497|159,1
explained,EXPLAINED_E0,month_x_year_x_vegetation_class_x_point_id,3|2024|Veg_Meadow_497|160,1
explained,EXPLAINED_E0,month_x_year_x_vegetation_class_x_point_id,3|2024|Veg_Meadow_497|162,1
explained,EXPLAINED_E0,month_x_year_x_vegetation_class_x_point_id,3|2024|Veg_Meadow_504|200,1
explained,EXPLAINED_E0,month_x_year_x_vegetation_class_x_point_id,3|2024|Veg_Meadow_504|206,1
explained,EXPLAINED_E0,month_x_year_x_vegetation_class_x_point_id,3|2024|Veg_Meadow_504|207,1
explained,EXPLAINED_E0,month_x_year_x_vegetation_class_x_point_id,3|2024|Veg_Meadow_504|209,1
explained,EXPLAINED_E0,month_x_year_x_vegetation_class_x_point_id,3|2024|Veg_Meadow_504|210,1
explained,EXPLAINED_E0,month_x_year_x_vegetation_class_x_point_id,3|2024|Veg_Meadow_504|211,1
explained,EXPLAINED_E0,month_x_year_x_vegetation_class_x_point_id,3|2024|Veg_Shrub|015,1
explained,EXPLAINED_E0,month_x_year_x_vegetation_class_x_point_id,3|2024|Veg_Shrub|026,1
explained,EXPLAINED_E0,month_x_year_x_vegetation_class_x_point_id,3|2024|Veg_Sparse|221,1
explained,EXPLAINED_E0,month_x_year_x_vegetation_class_x_point_id,3|2024|Veg_Sparse|224,1
explained,EXPLAINED_E0,month_x_year_x_vegetation_class_x_point_id,3|2024|Veg_Sparse|236,1
explained,EXPLAINED_E0,month_x_year_x_vegetation_class_x_point_id,3|2025|Veg_Coniferous|009,1
explained,EXPLAINED_E0,month_x_year_x_vegetation_class_x_point_id,3|2025|Veg_Meadow_497|039,1
explained,EXPLAINED_E0,month_x_year_x_vegetation_class_x_point_id,3|2025|Veg_Meadow_497|044,1
explained,EXPLAINED_E0,month_x_year_x_vegetation_class_x_point_id,3|2025|Veg_Meadow_497|075,1
explained,EXPLAINED_E0,month_x_year_x_vegetation_class_x_point_id,3|2025|Veg_Meadow_497|089,1
explained,EXPLAINED_E0,month_x_year_x_vegetation_class_x_point_id,3|2025|Veg_Meadow_497|093,1
explained,EXPLAINED_E0,month_x_year_x_vegetation_class_x_point_id,3|2025|Veg_Meadow_497|103,1
explained,EXPLAINED_E0,month_x_year_x_vegetation_class_x_point_id,3|2025|Veg_Meadow_497|121,1
explained,EXPLAINED_E0,month_x_year_x_vegetation_class_x_point_id,3|2025|Veg_Meadow_497|130,1
explained,EXPLAINED_E0,month_x_year_x_vegetation_class_x_point_id,3|2025|Veg_Meadow_497|133,1
explained,EXPLAINED_E0,month_x_year_x_vegetation_class_x_point_id,3|2025|Veg_Meadow_497|147,1
explained,EXPLAINED_E0,month_x_year_x_vegetation_class_x_point_id,3|2025|Veg_Meadow_497|155,1
explained,EXPLAINED_E0,month_x_year_x_vegetation_class_x_point_id,3|2025|Veg_Meadow_497|167,1
explained,EXPLAINED_E0,month_x_year_x_vegetation_class_x_point_id,3|2025|Veg_Meadow_497|169,1
explained,EXPLAINED_E0,month_x_year_x_vegetation_class_x_point_id,3|2025|Veg_Meadow_504|188,1
explained,EXPLAINED_E0,month_x_year_x_vegetation_class_x_point_id,3|2025|Veg_Shrub|020,1
explained,EXPLAINED_E0,month_x_year_x_vegetation_class_x_point_id,3|2025|Veg_Shrub|024,1
explained,EXPLAINED_E0,month_x_year_x_vegetation_class_x_point_id,3|2025|Veg_Sparse|217,1
explained,EXPLAINED_E0,month_x_year_x_vegetation_class_x_point_id,3|2025|Veg_Sparse|218,1
explained,EXPLAINED_E0,month_x_year_x_vegetation_class_x_point_id,3|2025|Veg_Sparse|227,1
explained,EXPLAINED_E0,month_x_year_x_vegetation_class_x_point_id,4|2022|Veg_Coniferous|013,1
explained,EXPLAINED_E0,month_x_year_x_vegetation_class_x_point_id,4|2022|Veg_Coniferous|014,1
explained,EXPLAINED_E0,month_x_year_x_vegetation_class_x_point_id,4|2022|Veg_Meadow_497|033,1
explained,EXPLAINED_E0,month_x_year_x_vegetation_class_x_point_id,4|2022|Veg_Meadow_497|039,1
explained,EXPLAINED_E0,month_x_year_x_vegetation_class_x_point_id,4|2022|Veg_Meadow_497|057,1
explained,EXPLAINED_E0,month_x_year_x_vegetation_class_x_point_id,4|2022|Veg_Meadow_497|058,1
explained,EXPLAINED_E0,month_x_year_x_vegetation_class_x_point_id,4|2022|Veg_Meadow_497|060,1
explained,EXPLAINED_E0,month_x_year_x_vegetation_class_x_point_id,4|2022|Veg_Meadow_497|074,1
explained,EXPLAINED_E0,month_x_year_x_vegetation_class_x_point_id,4|2022|Veg_Meadow_497|080,1
explained,EXPLAINED_E0,month_x_year_x_vegetation_class_x_point_id,4|2022|Veg_Meadow_497|096,1
explained,EXPLAINED_E0,month_x_year_x_vegetation_class_x_point_id,4|2022|Veg_Meadow_497|105,1
explained,EXPLAINED_E0,month_x_year_x_vegetation_class_x_point_id,4|2022|Veg_Meadow_497|135,1
explained,EXPLAINED_E0,month_x_year_x_vegetation_class_x_point_id,4|2022|Veg_Meadow_497|137,1
explained,EXPLAINED_E0,month_x_year_x_vegetation_class_x_point_id,4|2022|Veg_Meadow_497|142,1
explained,EXPLAINED_E0,month_x_year_x_vegetation_class_x_point_id,4|2022|Veg_Meadow_497|143,1
explained,EXPLAINED_E0,month_x_year_x_vegetation_class_x_point_id,4|2022|Veg_Meadow_497|146,1
explained,EXPLAINED_E0,month_x_year_x_vegetation_class_x_point_id,4|2022|Veg_Meadow_497|151,1
explained,EXPLAINED_E0,month_x_year_x_vegetation_class_x_point_id,4|2022|Veg_Meadow_497|154,1
explained,EXPLAINED_E0,month_x_year_x_vegetation_class_x_point_id,4|2022|Veg_Meadow_497|161,1
explained,EXPLAINED_E0,month_x_year_x_vegetation_class_x_point_id,4|2022|Veg_Meadow_499|175,1
explained,EXPLAINED_E0,month_x_year_x_vegetation_class_x_point_id,4|2022|Veg_Meadow_504|187,1
explained,EXPLAINED_E0,month_x_year_x_vegetation_class_x_point_id,4|2022|Veg_Meadow_504|188,1
explained,EXPLAINED_E0,month_x_year_x_vegetation_class_x_point_id,4|2022|Veg_Meadow_504|199,1
explained,EXPLAINED_E0,month_x_year_x_vegetation_class_x_point_id,4|2022|Veg_Shrub|018,1
explained,EXPLAINED_E0,month_x_year_x_vegetation_class_x_point_id,4|2022|Veg_Sparse|219,1
explained,EXPLAINED_E0,month_x_year_x_vegetation_class_x_point_id,4|2022|Veg_Sparse|222,1
explained,EXPLAINED_E0,month_x_year_x_vegetation_class_x_point_id,4|2022|Veg_Sparse|228,1
explained,EXPLAINED_E0,month_x_year_x_vegetation_class_x_point_id,4|2022|Veg_Sparse|235,1
explained,EXPLAINED_E0,month_x_year_x_vegetation_class_x_point_id,4|2023|Veg_Coniferous|006,1
explained,EXPLAINED_E0,month_x_year_x_vegetation_class_x_point_id,4|2023|Veg_Meadow_497|030,1
explained,EXPLAINED_E0,month_x_year_x_vegetation_class_x_point_id,4|2023|Veg_Meadow_497|053,1
explained,EXPLAINED_E0,month_x_year_x_vegetation_class_x_point_id,4|2023|Veg_Meadow_497|055,1
explained,EXPLAINED_E0,month_x_year_x_vegetation_class_x_point_id,4|2023|Veg_Meadow_497|056,1
explained,EXPLAINED_E0,month_x_year_x_vegetation_class_x_point_id,4|2023|Veg_Meadow_497|066,1
explained,EXPLAINED_E0,month_x_year_x_vegetation_class_x_point_id,4|2023|Veg_Meadow_497|075,1
explained,EXPLAINED_E0,month_x_year_x_vegetation_class_x_point_id,4|2023|Veg_Meadow_497|078,1
explained,EXPLAINED_E0,month_x_year_x_vegetation_class_x_point_id,4|2023|Veg_Meadow_497|084,1
explained,EXPLAINED_E0,month_x_year_x_vegetation_class_x_point_id,4|2023|Veg_Meadow_497|138,1
explained,EXPLAINED_E0,month_x_year_x_vegetation_class_x_point_id,4|2023|Veg_Meadow_497|140,1
explained,EXPLAINED_E0,month_x_year_x_vegetation_class_x_point_id,4|2023|Veg_Meadow_499|174,1
explained,EXPLAINED_E0,month_x_year_x_vegetation_class_x_point_id,4|2023|Veg_Meadow_504|195,1
explained,EXPLAINED_E0,month_x_year_x_vegetation_class_x_point_id,4|2023|Veg_Meadow_504|206,1
explained,EXPLAINED_E0,month_x_year_x_vegetation_class_x_point_id,4|2023|Veg_Meadow_504|211,1
explained,EXPLAINED_E0,month_x_year_x_vegetation_class_x_point_id,4|2023|Veg_Sparse|243,1
explained,EXPLAINED_E0,month_x_year_x_vegetation_class_x_point_id,4|2024|Veg_Coniferous|007,1
explained,EXPLAINED_E0,month_x_year_x_vegetation_class_x_point_id,4|2024|Veg_Meadow_497|046,1
explained,EXPLAINED_E0,month_x_year_x_vegetation_class_x_point_id,4|2024|Veg_Meadow_497|079,1
explained,EXPLAINED_E0,month_x_year_x_vegetation_class_x_point_id,4|2024|Veg_Meadow_497|091,1
explained,EXPLAINED_E0,month_x_year_x_vegetation_class_x_point_id,4|2024|Veg_Meadow_497|098,1
explained,EXPLAINED_E0,month_x_year_x_vegetation_class_x_point_id,4|2024|Veg_Meadow_497|111,1
explained,EXPLAINED_E0,month_x_year_x_vegetation_class_x_point_id,4|2024|Veg_Meadow_497|125,1
explained,EXPLAINED_E0,month_x_year_x_vegetation_class_x_point_id,4|2024|Veg_Meadow_497|141,1
explained,EXPLAINED_E0,month_x_year_x_vegetation_class_x_point_id,4|2024|Veg_Meadow_497|157,1
explained,EXPLAINED_E0,month_x_year_x_vegetation_class_x_point_id,4|2024|Veg_Meadow_504|205,1
explained,EXPLAINED_E0,month_x_year_x_vegetation_class_x_point_id,4|2024|Veg_Shrub|016,1
explained,EXPLAINED_E0,month_x_year_x_vegetation_class_x_point_id,4|2024|Veg_Sparse|240,1
explained,EXPLAINED_E0,month_x_year_x_vegetation_class_x_point_id,4|2024|Veg_Sparse|244,1
explained,EXPLAINED_E0,month_x_year_x_vegetation_class_x_point_id,4|2025|Veg_Coniferous|002,1
explained,EXPLAINED_E0,month_x_year_x_vegetation_class_x_point_id,4|2025|Veg_Coniferous|011,1
explained,EXPLAINED_E0,month_x_year_x_vegetation_class_x_point_id,4|2025|Veg_Meadow_497|032,1
explained,EXPLAINED_E0,month_x_year_x_vegetation_class_x_point_id,4|2025|Veg_Meadow_497|043,1
explained,EXPLAINED_E0,month_x_year_x_vegetation_class_x_point_id,4|2025|Veg_Meadow_497|049,1
explained,EXPLAINED_E0,month_x_year_x_vegetation_class_x_point_id,4|2025|Veg_Meadow_497|071,1
explained,EXPLAINED_E0,month_x_year_x_vegetation_class_x_point_id,4|2025|Veg_Meadow_497|076,1
explained,EXPLAINED_E0,month_x_year_x_vegetation_class_x_point_id,4|2025|Veg_Meadow_497|110,1
explained,EXPLAINED_E0,month_x_year_x_vegetation_class_x_point_id,4|2025|Veg_Meadow_497|116,1
explained,EXPLAINED_E0,month_x_year_x_vegetation_class_x_point_id,4|2025|Veg_Meadow_497|123,1
explained,EXPLAINED_E0,month_x_year_x_vegetation_class_x_point_id,4|2025|Veg_Meadow_497|124,1
explained,EXPLAINED_E0,month_x_year_x_vegetation_class_x_point_id,4|2025|Veg_Meadow_497|126,1
explained,EXPLAINED_E0,month_x_year_x_vegetation_class_x_point_id,4|2025|Veg_Meadow_497|150,1
explained,EXPLAINED_E0,month_x_year_x_vegetation_class_x_point_id,4|2025|Veg_Meadow_497|165,1
explained,EXPLAINED_E0,month_x_year_x_vegetation_class_x_point_id,4|2025|Veg_Meadow_499|171,1
explained,EXPLAINED_E0,month_x_year_x_vegetation_class_x_point_id,4|2025|Veg_Meadow_499|177,1
explained,EXPLAINED_E0,month_x_year_x_vegetation_class_x_point_id,4|2025|Veg_Meadow_499|178,1
explained,EXPLAINED_E0,month_x_year_x_vegetation_class_x_point_id,4|2025|Veg_Meadow_504|200,1
explained,EXPLAINED_E0,month_x_year_x_vegetation_class_x_point_id,4|2025|Veg_Meadow_504|214,1
explained,EXPLAINED_E0,month_x_year_x_vegetation_class_x_point_id,4|2025|Veg_Shrub|019,1
explained,EXPLAINED_E0,month_x_year_x_vegetation_class_x_point_id,4|2025|Veg_Shrub|026,1
explained,EXPLAINED_E0,month_x_year_x_vegetation_class_x_point_id,4|2025|Veg_Shrub|029,1
explained,EXPLAINED_E0,month_x_year_x_vegetation_class_x_point_id,4|2025|Veg_Sparse|224,1
explained,EXPLAINED_E0,month_x_year_x_vegetation_class_x_point_id,4|2025|Veg_Sparse|233,1
explained,EXPLAINED_E0,month_x_year_x_vegetation_class_x_point_id,4|2025|Veg_Sparse|241,1
explained,EXPLAINED_E0,month_x_year_x_vegetation_class_x_point_id,4|2025|Veg_Sparse|245,1
explained,EXPLAINED_E0,month_x_year_x_vegetation_class_x_point_id,5|2022|Veg_Coniferous|004,1
explained,EXPLAINED_E0,month_x_year_x_vegetation_class_x_point_id,5|2022|Veg_Meadow_497|046,1
explained,EXPLAINED_E0,month_x_year_x_vegetation_class_x_point_id,5|2022|Veg_Meadow_497|050,1
explained,EXPLAINED_E0,month_x_year_x_vegetation_class_x_point_id,5|2022|Veg_Meadow_497|064,1
explained,EXPLAINED_E0,month_x_year_x_vegetation_class_x_point_id,5|2022|Veg_Meadow_497|075,1
explained,EXPLAINED_E0,month_x_year_x_vegetation_class_x_point_id,5|2022|Veg_Meadow_497|082,1
explained,EXPLAINED_E0,month_x_year_x_vegetation_class_x_point_id,5|2022|Veg_Meadow_497|083,1
explained,EXPLAINED_E0,month_x_year_x_vegetation_class_x_point_id,5|2022|Veg_Meadow_497|090,1
explained,EXPLAINED_E0,month_x_year_x_vegetation_class_x_point_id,5|2022|Veg_Meadow_497|122,1
explained,EXPLAINED_E0,month_x_year_x_vegetation_class_x_point_id,5|2022|Veg_Meadow_497|128,1
explained,EXPLAINED_E0,month_x_year_x_vegetation_class_x_point_id,5|2022|Veg_Meadow_497|152,1
explained,EXPLAINED_E0,month_x_year_x_vegetation_class_x_point_id,5|2022|Veg_Meadow_497|165,1
explained,EXPLAINED_E0,month_x_year_x_vegetation_class_x_point_id,5|2022|Veg_Meadow_504|192,1
explained,EXPLAINED_E0,month_x_year_x_vegetation_class_x_point_id,5|2022|Veg_Meadow_504|207,1
explained,EXPLAINED_E0,month_x_year_x_vegetation_class_x_point_id,5|2022|Veg_Shrub|020,1
explained,EXPLAINED_E0,month_x_year_x_vegetation_class_x_point_id,5|2022|Veg_Shrub|021,1
explained,EXPLAINED_E0,month_x_year_x_vegetation_class_x_point_id,5|2022|Veg_Shrub|029,1
explained,EXPLAINED_E0,month_x_year_x_vegetation_class_x_point_id,5|2022|Veg_Sparse|221,1
explained,EXPLAINED_E0,month_x_year_x_vegetation_class_x_point_id,5|2022|Veg_Sparse|231,1
explained,EXPLAINED_E0,month_x_year_x_vegetation_class_x_point_id,5|2023|Veg_Meadow_497|038,1
explained,EXPLAINED_E0,month_x_year_x_vegetation_class_x_point_id,5|2023|Veg_Meadow_497|039,1
explained,EXPLAINED_E0,month_x_year_x_vegetation_class_x_point_id,5|2023|Veg_Meadow_497|040,1
explained,EXPLAINED_E0,month_x_year_x_vegetation_class_x_point_id,5|2023|Veg_Meadow_497|041,1
explained,EXPLAINED_E0,month_x_year_x_vegetation_class_x_point_id,5|2023|Veg_Meadow_497|060,1
explained,EXPLAINED_E0,month_x_year_x_vegetation_class_x_point_id,5|2023|Veg_Meadow_497|070,1
explained,EXPLAINED_E0,month_x_year_x_vegetation_class_x_point_id,5|2023|Veg_Meadow_497|072,1
explained,EXPLAINED_E0,month_x_year_x_vegetation_class_x_point_id,5|2023|Veg_Meadow_497|081,1
explained,EXPLAINED_E0,month_x_year_x_vegetation_class_x_point_id,5|2023|Veg_Meadow_497|153,1
explained,EXPLAINED_E0,month_x_year_x_vegetation_class_x_point_id,5|2023|Veg_Meadow_497|155,1
explained,EXPLAINED_E0,month_x_year_x_vegetation_class_x_point_id,5|2023|Veg_Meadow_497|166,1
explained,EXPLAINED_E0,month_x_year_x_vegetation_class_x_point_id,5|2023|Veg_Meadow_497|167,1
explained,EXPLAINED_E0,month_x_year_x_vegetation_class_x_point_id,5|2023|Veg_Meadow_504|194,1
explained,EXPLAINED_E0,month_x_year_x_vegetation_class_x_point_id,5|2023|Veg_Sparse|226,1
explained,EXPLAINED_E0,month_x_year_x_vegetation_class_x_point_id,5|2023|Veg_Sparse|230,1
explained,EXPLAINED_E0,month_x_year_x_vegetation_class_x_point_id,5|2024|Veg_Coniferous|006,1
explained,EXPLAINED_E0,month_x_year_x_vegetation_class_x_point_id,5|2024|Veg_Coniferous|009,1
explained,EXPLAINED_E0,month_x_year_x_vegetation_class_x_point_id,5|2024|Veg_Coniferous|010,1
explained,EXPLAINED_E0,month_x_year_x_vegetation_class_x_point_id,5|2024|Veg_Meadow_497|030,1
explained,EXPLAINED_E0,month_x_year_x_vegetation_class_x_point_id,5|2024|Veg_Meadow_497|036,1
explained,EXPLAINED_E0,month_x_year_x_vegetation_class_x_point_id,5|2024|Veg_Meadow_497|069,1
explained,EXPLAINED_E0,month_x_year_x_vegetation_class_x_point_id,5|2024|Veg_Meadow_497|085,1
explained,EXPLAINED_E0,month_x_year_x_vegetation_class_x_point_id,5|2024|Veg_Meadow_497|087,1
explained,EXPLAINED_E0,month_x_year_x_vegetation_class_x_point_id,5|2024|Veg_Meadow_497|096,1
explained,EXPLAINED_E0,month_x_year_x_vegetation_class_x_point_id,5|2024|Veg_Meadow_497|127,1
explained,EXPLAINED_E0,month_x_year_x_vegetation_class_x_point_id,5|2024|Veg_Meadow_497|130,1
explained,EXPLAINED_E0,month_x_year_x_vegetation_class_x_point_id,5|2024|Veg_Meadow_497|136,1
explained,EXPLAINED_E0,month_x_year_x_vegetation_class_x_point_id,5|2024|Veg_Meadow_497|143,1
explained,EXPLAINED_E0,month_x_year_x_vegetation_class_x_point_id,5|2024|Veg_Meadow_497|154,1
explained,EXPLAINED_E0,month_x_year_x_vegetation_class_x_point_id,5|2024|Veg_Meadow_497|156,1
explained,EXPLAINED_E0,month_x_year_x_vegetation_class_x_point_id,5|2024|Veg_Meadow_499|175,1
explained,EXPLAINED_E0,month_x_year_x_vegetation_class_x_point_id,5|2024|Veg_Meadow_499|181,1
explained,EXPLAINED_E0,month_x_year_x_vegetation_class_x_point_id,5|2024|Veg_Meadow_499|185,1
explained,EXPLAINED_E0,month_x_year_x_vegetation_class_x_point_id,5|2024|Veg_Meadow_504|186,1
explained,EXPLAINED_E0,month_x_year_x_vegetation_class_x_point_id,5|2024|Veg_Meadow_504|191,1
explained,EXPLAINED_E0,month_x_year_x_vegetation_class_x_point_id,5|2024|Veg_Meadow_504|199,1
explained,EXPLAINED_E0,month_x_year_x_vegetation_class_x_point_id,5|2024|Veg_Meadow_504|203,1
explained,EXPLAINED_E0,month_x_year_x_vegetation_class_x_point_id,5|2024|Veg_Shrub|025,1
explained,EXPLAINED_E0,month_x_year_x_vegetation_class_x_point_id,5|2024|Veg_Sparse|215,1
explained,EXPLAINED_E0,month_x_year_x_vegetation_class_x_point_id,5|2024|Veg_Sparse|220,1
explained,EXPLAINED_E0,month_x_year_x_vegetation_class_x_point_id,5|2024|Veg_Sparse|234,1
explained,EXPLAINED_E0,month_x_year_x_vegetation_class_x_point_id,5|2024|Veg_Sparse|239,1
explained,EXPLAINED_E0,month_x_year_x_vegetation_class_x_point_id,5|2024|Veg_Sparse|246,1
explained,EXPLAINED_E0,month_x_year_x_vegetation_class_x_point_id,5|2025|Veg_Coniferous|013,1
explained,EXPLAINED_E0,month_x_year_x_vegetation_class_x_point_id,5|2025|Veg_Meadow_497|033,1
explained,EXPLAINED_E0,month_x_year_x_vegetation_class_x_point_id,5|2025|Veg_Meadow_497|047,1
explained,EXPLAINED_E0,month_x_year_x_vegetation_class_x_point_id,5|2025|Veg_Meadow_497|054,1
explained,EXPLAINED_E0,month_x_year_x_vegetation_class_x_point_id,5|2025|Veg_Meadow_497|056,1
explained,EXPLAINED_E0,month_x_year_x_vegetation_class_x_point_id,5|2025|Veg_Meadow_497|066,1
explained,EXPLAINED_E0,month_x_year_x_vegetation_class_x_point_id,5|2025|Veg_Meadow_497|114,1
explained,EXPLAINED_E0,month_x_year_x_vegetation_class_x_point_id,5|2025|Veg_Meadow_497|119,1
explained,EXPLAINED_E0,month_x_year_x_vegetation_class_x_point_id,5|2025|Veg_Meadow_497|129,1
explained,EXPLAINED_E0,month_x_year_x_vegetation_class_x_point_id,5|2025|Veg_Meadow_497|131,1
explained,EXPLAINED_E0,month_x_year_x_vegetation_class_x_point_id,5|2025|Veg_Meadow_497|139,1
explained,EXPLAINED_E0,month_x_year_x_vegetation_class_x_point_id,5|2025|Veg_Meadow_497|144,1
explained,EXPLAINED_E0,month_x_year_x_vegetation_class_x_point_id,5|2025|Veg_Meadow_497|148,1
explained,EXPLAINED_E0,month_x_year_x_vegetation_class_x_point_id,5|2025|Veg_Meadow_499|183,1
explained,EXPLAINED_E0,month_x_year_x_vegetation_class_x_point_id,5|2025|Veg_Meadow_499|184,1
explained,EXPLAINED_E0,month_x_year_x_vegetation_class_x_point_id,5|2025|Veg_Meadow_504|193,1
explained,EXPLAINED_E0,month_x_year_x_vegetation_class_x_point_id,5|2025|Veg_Meadow_504|198,1
explained,EXPLAINED_E0,month_x_year_x_vegetation_class_x_point_id,5|2025|Veg_Meadow_504|204,1
explained,EXPLAINED_E0,month_x_year_x_vegetation_class_x_point_id,5|2025|Veg_Shrub|017,1
explained,EXPLAINED_E0,month_x_year_x_vegetation_class_x_point_id,5|2025|Veg_Shrub|027,1
explained,EXPLAINED_E0,month_x_year_x_vegetation_class_x_point_id,5|2025|Veg_Sparse|216,1
explained,EXPLAINED_E0,month_x_year_x_vegetation_class_x_point_id,5|2025|Veg_Sparse|238,1
explained,EXPLAINED_E0,month_x_year_x_vegetation_class_x_point_id,6|2022|Veg_Coniferous|005,1
explained,EXPLAINED_E0,month_x_year_x_vegetation_class_x_point_id,6|2022|Veg_Coniferous|014,1
explained,EXPLAINED_E0,month_x_year_x_vegetation_class_x_point_id,6|2022|Veg_Meadow_497|040,1
explained,EXPLAINED_E0,month_x_year_x_vegetation_class_x_point_id,6|2022|Veg_Meadow_497|047,1
explained,EXPLAINED_E0,month_x_year_x_vegetation_class_x_point_id,6|2022|Veg_Meadow_497|063,1
explained,EXPLAINED_E0,month_x_year_x_vegetation_class_x_point_id,6|2022|Veg_Meadow_497|070,1
explained,EXPLAINED_E0,month_x_year_x_vegetation_class_x_point_id,6|2022|Veg_Meadow_497|078,1
explained,EXPLAINED_E0,month_x_year_x_vegetation_class_x_point_id,6|2022|Veg_Meadow_497|092,1
explained,EXPLAINED_E0,month_x_year_x_vegetation_class_x_point_id,6|2022|Veg_Meadow_497|100,1
explained,EXPLAINED_E0,month_x_year_x_vegetation_class_x_point_id,6|2022|Veg_Meadow_497|106,1
explained,EXPLAINED_E0,month_x_year_x_vegetation_class_x_point_id,6|2022|Veg_Meadow_497|115,1
explained,EXPLAINED_E0,month_x_year_x_vegetation_class_x_point_id,6|2022|Veg_Meadow_497|119,1
explained,EXPLAINED_E0,month_x_year_x_vegetation_class_x_point_id,6|2022|Veg_Meadow_497|123,1
explained,EXPLAINED_E0,month_x_year_x_vegetation_class_x_point_id,6|2022|Veg_Meadow_497|127,1
explained,EXPLAINED_E0,month_x_year_x_vegetation_class_x_point_id,6|2022|Veg_Meadow_497|129,1
explained,EXPLAINED_E0,month_x_year_x_vegetation_class_x_point_id,6|2022|Veg_Meadow_497|153,1
explained,EXPLAINED_E0,month_x_year_x_vegetation_class_x_point_id,6|2022|Veg_Meadow_497|157,1
explained,EXPLAINED_E0,month_x_year_x_vegetation_class_x_point_id,6|2022|Veg_Meadow_497|158,1
explained,EXPLAINED_E0,month_x_year_x_vegetation_class_x_point_id,6|2022|Veg_Meadow_497|164,1
explained,EXPLAINED_E0,month_x_year_x_vegetation_class_x_point_id,6|2022|Veg_Meadow_497|168,1
explained,EXPLAINED_E0,month_x_year_x_vegetation_class_x_point_id,6|2022|Veg_Meadow_499|174,1
explained,EXPLAINED_E0,month_x_year_x_vegetation_class_x_point_id,6|2022|Veg_Meadow_499|180,1
explained,EXPLAINED_E0,month_x_year_x_vegetation_class_x_point_id,6|2022|Veg_Meadow_504|196,1
explained,EXPLAINED_E0,month_x_year_x_vegetation_class_x_point_id,6|2022|Veg_Meadow_504|200,1
explained,EXPLAINED_E0,month_x_year_x_vegetation_class_x_point_id,6|2022|Veg_Meadow_504|205,1
explained,EXPLAINED_E0,month_x_year_x_vegetation_class_x_point_id,6|2022|Veg_Meadow_504|209,1
explained,EXPLAINED_E0,month_x_year_x_vegetation_class_x_point_id,6|2022|Veg_Shrub|023,1
explained,EXPLAINED_E0,month_x_year_x_vegetation_class_x_point_id,6|2022|Veg_Sparse|233,1
explained,EXPLAINED_E0,month_x_year_x_vegetation_class_x_point_id,6|2022|Veg_Sparse|241,1
explained,EXPLAINED_E0,month_x_year_x_vegetation_class_x_point_id,6|2023|Veg_Coniferous|002,1
explained,EXPLAINED_E0,month_x_year_x_vegetation_class_x_point_id,6|2023|Veg_Coniferous|012,1
explained,EXPLAINED_E0,month_x_year_x_vegetation_class_x_point_id,6|2023|Veg_Meadow_497|065,1
explained,EXPLAINED_E0,month_x_year_x_vegetation_class_x_point_id,6|2023|Veg_Meadow_497|071,1
explained,EXPLAINED_E0,month_x_year_x_vegetation_class_x_point_id,6|2023|Veg_Meadow_497|088,1
explained,EXPLAINED_E0,month_x_year_x_vegetation_class_x_point_id,6|2023|Veg_Meadow_497|096,1
explained,EXPLAINED_E0,month_x_year_x_vegetation_class_x_point_id,6|2023|Veg_Meadow_497|101,1
explained,EXPLAINED_E0,month_x_year_x_vegetation_class_x_point_id,6|2023|Veg_Meadow_497|109,1
explained,EXPLAINED_E0,month_x_year_x_vegetation_class_x_point_id,6|2023|Veg_Meadow_497|124,1
explained,EXPLAINED_E0,month_x_year_x_vegetation_class_x_point_id,6|2023|Veg_Meadow_499|171,1
explained,EXPLAINED_E0,month_x_year_x_vegetation_class_x_point_id,6|2023|Veg_Meadow_499|177,1
explained,EXPLAINED_E0,month_x_year_x_vegetation_class_x_point_id,6|2023|Veg_Meadow_499|182,1
explained,EXPLAINED_E0,month_x_year_x_vegetation_class_x_point_id,6|2023|Veg_Meadow_504|192,1
explained,EXPLAINED_E0,month_x_year_x_vegetation_class_x_point_id,6|2023|Veg_Meadow_504|201,1
explained,EXPLAINED_E0,month_x_year_x_vegetation_class_x_point_id,6|2023|Veg_Meadow_504|204,1
explained,EXPLAINED_E0,month_x_year_x_vegetation_class_x_point_id,6|2023|Veg_Sparse|217,1
explained,EXPLAINED_E0,month_x_year_x_vegetation_class_x_point_id,6|2023|Veg_Sparse|218,1
explained,EXPLAINED_E0,month_x_year_x_vegetation_class_x_point_id,6|2023|Veg_Sparse|219,1
explained,EXPLAINED_E0,month_x_year_x_vegetation_class_x_point_id,6|2023|Veg_Sparse|220,1
explained,EXPLAINED_E0,month_x_year_x_vegetation_class_x_point_id,6|2023|Veg_Sparse|229,1
explained,EXPLAINED_E0,month_x_year_x_vegetation_class_x_point_id,6|2023|Veg_Sparse|238,1
explained,EXPLAINED_E0,month_x_year_x_vegetation_class_x_point_id,6|2024|Veg_Meadow_497|034,1
explained,EXPLAINED_E0,month_x_year_x_vegetation_class_x_point_id,6|2024|Veg_Meadow_497|048,1
explained,EXPLAINED_E0,month_x_year_x_vegetation_class_x_point_id,6|2024|Veg_Meadow_497|055,1
explained,EXPLAINED_E0,month_x_year_x_vegetation_class_x_point_id,6|2024|Veg_Meadow_497|059,1
explained,EXPLAINED_E0,month_x_year_x_vegetation_class_x_point_id,6|2024|Veg_Meadow_497|060,1
explained,EXPLAINED_E0,month_x_year_x_vegetation_class_x_point_id,6|2024|Veg_Meadow_497|072,1
explained,EXPLAINED_E0,month_x_year_x_vegetation_class_x_point_id,6|2024|Veg_Meadow_497|122,1
explained,EXPLAINED_E0,month_x_year_x_vegetation_class_x_point_id,6|2024|Veg_Meadow_497|133,1
explained,EXPLAINED_E0,month_x_year_x_vegetation_class_x_point_id,6|2024|Veg_Meadow_497|152,1
explained,EXPLAINED_E0,month_x_year_x_vegetation_class_x_point_id,6|2024|Veg_Meadow_497|161,1
explained,EXPLAINED_E0,month_x_year_x_vegetation_class_x_point_id,6|2024|Veg_Meadow_497|170,1
explained,EXPLAINED_E0,month_x_year_x_vegetation_class_x_point_id,6|2024|Veg_Meadow_504|197,1
explained,EXPLAINED_E0,month_x_year_x_vegetation_class_x_point_id,6|2024|Veg_Meadow_504|202,1
explained,EXPLAINED_E0,month_x_year_x_vegetation_class_x_point_id,6|2024|Veg_Shrub|017,1
explained,EXPLAINED_E0,month_x_year_x_vegetation_class_x_point_id,6|2024|Veg_Shrub|018,1
explained,EXPLAINED_E0,month_x_year_x_vegetation_class_x_point_id,6|2024|Veg_Sparse|232,1
explained,EXPLAINED_E0,month_x_year_x_vegetation_class_x_point_id,6|2024|Veg_Sparse|237,1
explained,EXPLAINED_E0,month_x_year_x_vegetation_class_x_point_id,6|2025|Veg_Coniferous|004,1
explained,EXPLAINED_E0,month_x_year_x_vegetation_class_x_point_id,6|2025|Veg_Coniferous|010,1
explained,EXPLAINED_E0,month_x_year_x_vegetation_class_x_point_id,6|2025|Veg_Meadow_497|030,1
explained,EXPLAINED_E0,month_x_year_x_vegetation_class_x_point_id,6|2025|Veg_Meadow_497|035,1
explained,EXPLAINED_E0,month_x_year_x_vegetation_class_x_point_id,6|2025|Veg_Meadow_497|045,1
explained,EXPLAINED_E0,month_x_year_x_vegetation_class_x_point_id,6|2025|Veg_Meadow_497|057,1
explained,EXPLAINED_E0,month_x_year_x_vegetation_class_x_point_id,6|2025|Veg_Meadow_497|067,1
explained,EXPLAINED_E0,month_x_year_x_vegetation_class_x_point_id,6|2025|Veg_Meadow_497|073,1
explained,EXPLAINED_E0,month_x_year_x_vegetation_class_x_point_id,6|2025|Veg_Meadow_497|074,1
explained,EXPLAINED_E0,month_x_year_x_vegetation_class_x_point_id,6|2025|Veg_Meadow_497|077,1
explained,EXPLAINED_E0,month_x_year_x_vegetation_class_x_point_id,6|2025|Veg_Meadow_497|107,1
explained,EXPLAINED_E0,month_x_year_x_vegetation_class_x_point_id,6|2025|Veg_Meadow_497|132,1
explained,EXPLAINED_E0,month_x_year_x_vegetation_class_x_point_id,6|2025|Veg_Meadow_497|159,1
explained,EXPLAINED_E0,month_x_year_x_vegetation_class_x_point_id,6|2025|Veg_Meadow_504|206,1
explained,EXPLAINED_E0,month_x_year_x_vegetation_class_x_point_id,6|2025|Veg_Shrub|022,1
explained,EXPLAINED_E0,month_x_year_x_vegetation_class_x_point_id,6|2025|Veg_Shrub|028,1
explained,EXPLAINED_E0,month_x_year_x_vegetation_class_x_point_id,6|2025|Veg_Sparse|239,1
explained,EXPLAINED_E0,month_x_year_x_vegetation_class_x_point_id,7|2022|Veg_Meadow_497|032,1
explained,EXPLAINED_E0,month_x_year_x_vegetation_class_x_point_id,7|2022|Veg_Meadow_497|073,1
explained,EXPLAINED_E0,month_x_year_x_vegetation_class_x_point_id,7|2022|Veg_Meadow_497|084,1
explained,EXPLAINED_E0,month_x_year_x_vegetation_class_x_point_id,7|2022|Veg_Meadow_497|086,1
explained,EXPLAINED_E0,month_x_year_x_vegetation_class_x_point_id,7|2022|Veg_Meadow_497|095,1
explained,EXPLAINED_E0,month_x_year_x_vegetation_class_x_point_id,7|2022|Veg_Meadow_497|124,1
explained,EXPLAINED_E0,month_x_year_x_vegetation_class_x_point_id,7|2022|Veg_Meadow_497|133,1
explained,EXPLAINED_E0,month_x_year_x_vegetation_class_x_point_id,7|2022|Veg_Meadow_497|138,1
explained,EXPLAINED_E0,month_x_year_x_vegetation_class_x_point_id,7|2022|Veg_Meadow_497|140,1
explained,EXPLAINED_E0,month_x_year_x_vegetation_class_x_point_id,7|2022|Veg_Meadow_497|145,1
explained,EXPLAINED_E0,month_x_year_x_vegetation_class_x_point_id,7|2022|Veg_Meadow_497|163,1
explained,EXPLAINED_E0,month_x_year_x_vegetation_class_x_point_id,7|2022|Veg_Meadow_499|172,1
explained,EXPLAINED_E0,month_x_year_x_vegetation_class_x_point_id,7|2022|Veg_Meadow_499|183,1
explained,EXPLAINED_E0,month_x_year_x_vegetation_class_x_point_id,7|2022|Veg_Meadow_504|195,1
explained,EXPLAINED_E0,month_x_year_x_vegetation_class_x_point_id,7|2022|Veg_Meadow_504|201,1
explained,EXPLAINED_E0,month_x_year_x_vegetation_class_x_point_id,7|2022|Veg_Meadow_504|214,1
explained,EXPLAINED_E0,month_x_year_x_vegetation_class_x_point_id,7|2022|Veg_Sparse|239,1
explained,EXPLAINED_E0,month_x_year_x_vegetation_class_x_point_id,7|2022|Veg_Sparse|243,1
explained,EXPLAINED_E0,month_x_year_x_vegetation_class_x_point_id,7|2022|Veg_Sparse|244,1
explained,EXPLAINED_E0,month_x_year_x_vegetation_class_x_point_id,7|2023|Veg_Coniferous|012,1
explained,EXPLAINED_E0,month_x_year_x_vegetation_class_x_point_id,7|2023|Veg_Meadow_497|044,1
explained,EXPLAINED_E0,month_x_year_x_vegetation_class_x_point_id,7|2023|Veg_Meadow_497|048,1
explained,EXPLAINED_E0,month_x_year_x_vegetation_class_x_point_id,7|2023|Veg_Meadow_497|049,1
explained,EXPLAINED_E0,month_x_year_x_vegetation_class_x_point_id,7|2023|Veg_Meadow_497|058,1
explained,EXPLAINED_E0,month_x_year_x_vegetation_class_x_point_id,7|2023|Veg_Meadow_497|059,1
explained,EXPLAINED_E0,month_x_year_x_vegetation_class_x_point_id,7|2023|Veg_Meadow_497|074,1
explained,EXPLAINED_E0,month_x_year_x_vegetation_class_x_point_id,7|2023|Veg_Meadow_497|079,1
explained,EXPLAINED_E0,month_x_year_x_vegetation_class_x_point_id,7|2023|Veg_Meadow_497|092,1
explained,EXPLAINED_E0,month_x_year_x_vegetation_class_x_point_id,7|2023|Veg_Meadow_497|107,1
explained,EXPLAINED_E0,month_x_year_x_vegetation_class_x_point_id,7|2023|Veg_Meadow_497|108,1
explained,EXPLAINED_E0,month_x_year_x_vegetation_class_x_point_id,7|2023|Veg_Meadow_497|120,1
explained,EXPLAINED_E0,month_x_year_x_vegetation_class_x_point_id,7|2023|Veg_Meadow_497|121,1
explained,EXPLAINED_E0,month_x_year_x_vegetation_class_x_point_id,7|2023|Veg_Meadow_497|129,1
explained,EXPLAINED_E0,month_x_year_x_vegetation_class_x_point_id,7|2023|Veg_Meadow_497|141,1
explained,EXPLAINED_E0,month_x_year_x_vegetation_class_x_point_id,7|2023|Veg_Meadow_497|146,1
explained,EXPLAINED_E0,month_x_year_x_vegetation_class_x_point_id,7|2023|Veg_Meadow_497|149,1
explained,EXPLAINED_E0,month_x_year_x_vegetation_class_x_point_id,7|2023|Veg_Meadow_497|165,1
explained,EXPLAINED_E0,month_x_year_x_vegetation_class_x_point_id,7|2023|Veg_Meadow_497|169,1
explained,EXPLAINED_E0,month_x_year_x_vegetation_class_x_point_id,7|2023|Veg_Meadow_499|173,1
explained,EXPLAINED_E0,month_x_year_x_vegetation_class_x_point_id,7|2023|Veg_Meadow_504|187,1
explained,EXPLAINED_E0,month_x_year_x_vegetation_class_x_point_id,7|2023|Veg_Sparse|224,1
explained,EXPLAINED_E0,month_x_year_x_vegetation_class_x_point_id,7|2023|Veg_Sparse|227,1
explained,EXPLAINED_E0,month_x_year_x_vegetation_class_x_point_id,7|2023|Veg_Sparse|232,1
explained,EXPLAINED_E0,month_x_year_x_vegetation_class_x_point_id,7|2023|Veg_Sparse|241,1
explained,EXPLAINED_E0,month_x_year_x_vegetation_class_x_point_id,7|2024|Veg_Coniferous|008,1
explained,EXPLAINED_E0,month_x_year_x_vegetation_class_x_point_id,7|2024|Veg_Coniferous|011,1
explained,EXPLAINED_E0,month_x_year_x_vegetation_class_x_point_id,7|2024|Veg_Meadow_497|061,1
explained,EXPLAINED_E0,month_x_year_x_vegetation_class_x_point_id,7|2024|Veg_Meadow_497|062,1
explained,EXPLAINED_E0,month_x_year_x_vegetation_class_x_point_id,7|2024|Veg_Meadow_497|066,1
explained,EXPLAINED_E0,month_x_year_x_vegetation_class_x_point_id,7|2024|Veg_Meadow_497|117,1
explained,EXPLAINED_E0,month_x_year_x_vegetation_class_x_point_id,7|2024|Veg_Meadow_497|135,1
explained,EXPLAINED_E0,month_x_year_x_vegetation_class_x_point_id,7|2024|Veg_Meadow_497|150,1
explained,EXPLAINED_E0,month_x_year_x_vegetation_class_x_point_id,7|2024|Veg_Meadow_497|155,1
explained,EXPLAINED_E0,month_x_year_x_vegetation_class_x_point_id,7|2024|Veg_Meadow_497|166,1
explained,EXPLAINED_E0,month_x_year_x_vegetation_class_x_point_id,7|2024|Veg_Meadow_497|167,1
explained,EXPLAINED_E0,month_x_year_x_vegetation_class_x_point_id,7|2024|Veg_Meadow_499|178,1
explained,EXPLAINED_E0,month_x_year_x_vegetation_class_x_point_id,7|2024|Veg_Meadow_504|188,1
explained,EXPLAINED_E0,month_x_year_x_vegetation_class_x_point_id,7|2024|Veg_Meadow_504|208,1
explained,EXPLAINED_E0,month_x_year_x_vegetation_class_x_point_id,7|2024|Veg_Shrub|019,1
explained,EXPLAINED_E0,month_x_year_x_vegetation_class_x_point_id,7|2024|Veg_Shrub|020,1
explained,EXPLAINED_E0,month_x_year_x_vegetation_class_x_point_id,7|2024|Veg_Shrub|029,1
explained,EXPLAINED_E0,month_x_year_x_vegetation_class_x_point_id,7|2025|Veg_Coniferous|000,1
explained,EXPLAINED_E0,month_x_year_x_vegetation_class_x_point_id,7|2025|Veg_Coniferous|002,1
explained,EXPLAINED_E0,month_x_year_x_vegetation_class_x_point_id,7|2025|Veg_Coniferous|007,1
explained,EXPLAINED_E0,month_x_year_x_vegetation_class_x_point_id,7|2025|Veg_Meadow_497|037,1
explained,EXPLAINED_E0,month_x_year_x_vegetation_class_x_point_id,7|2025|Veg_Meadow_497|053,1
explained,EXPLAINED_E0,month_x_year_x_vegetation_class_x_point_id,7|2025|Veg_Meadow_497|088,1
explained,EXPLAINED_E0,month_x_year_x_vegetation_class_x_point_id,7|2025|Veg_Meadow_497|102,1
explained,EXPLAINED_E0,month_x_year_x_vegetation_class_x_point_id,7|2025|Veg_Meadow_497|111,1
explained,EXPLAINED_E0,month_x_year_x_vegetation_class_x_point_id,7|2025|Veg_Meadow_497|134,1
explained,EXPLAINED_E0,month_x_year_x_vegetation_class_x_point_id,7|2025|Veg_Meadow_497|137,1
explained,EXPLAINED_E0,month_x_year_x_vegetation_class_x_point_id,7|2025|Veg_Meadow_497|142,1
explained,EXPLAINED_E0,month_x_year_x_vegetation_class_x_point_id,7|2025|Veg_Meadow_497|161,1
explained,EXPLAINED_E0,month_x_year_x_vegetation_class_x_point_id,7|2025|Veg_Meadow_499|175,1
explained,EXPLAINED_E0,month_x_year_x_vegetation_class_x_point_id,7|2025|Veg_Meadow_504|190,1
explained,EXPLAINED_E0,month_x_year_x_vegetation_class_x_point_id,7|2025|Veg_Meadow_504|209,1
explained,EXPLAINED_E0,month_x_year_x_vegetation_class_x_point_id,7|2025|Veg_Meadow_504|213,1
explained,EXPLAINED_E0,month_x_year_x_vegetation_class_x_point_id,7|2025|Veg_Shrub|021,1
explained,EXPLAINED_E0,month_x_year_x_vegetation_class_x_point_id,7|2025|Veg_Shrub|025,1
explained,EXPLAINED_E0,month_x_year_x_vegetation_class_x_point_id,7|2025|Veg_Sparse|230,1
explained,EXPLAINED_E0,month_x_year_x_vegetation_class_x_point_id,7|2025|Veg_Sparse|235,1
explained,EXPLAINED_E0,month_x_year_x_vegetation_class_x_point_id,7|2025|Veg_Sparse|237,1
explained,EXPLAINED_E0,month_x_year_x_vegetation_class_x_point_id,8|2022|Veg_Coniferous|009,1
explained,EXPLAINED_E0,month_x_year_x_vegetation_class_x_point_id,8|2022|Veg_Meadow_497|031,1
explained,EXPLAINED_E0,month_x_year_x_vegetation_class_x_point_id,8|2022|Veg_Meadow_497|049,1
explained,EXPLAINED_E0,month_x_year_x_vegetation_class_x_point_id,8|2022|Veg_Meadow_497|065,1
explained,EXPLAINED_E0,month_x_year_x_vegetation_class_x_point_id,8|2022|Veg_Meadow_497|094,1
explained,EXPLAINED_E0,month_x_year_x_vegetation_class_x_point_id,8|2022|Veg_Meadow_497|102,1
explained,EXPLAINED_E0,month_x_year_x_vegetation_class_x_point_id,8|2022|Veg_Meadow_497|111,1
explained,EXPLAINED_E0,month_x_year_x_vegetation_class_x_point_id,8|2022|Veg_Meadow_497|134,1
explained,EXPLAINED_E0,month_x_year_x_vegetation_class_x_point_id,8|2022|Veg_Meadow_497|136,1
explained,EXPLAINED_E0,month_x_year_x_vegetation_class_x_point_id,8|2022|Veg_Meadow_497|139,1
explained,EXPLAINED_E0,month_x_year_x_vegetation_class_x_point_id,8|2022|Veg_Meadow_497|169,1
explained,EXPLAINED_E0,month_x_year_x_vegetation_class_x_point_id,8|2022|Veg_Meadow_499|180,1
explained,EXPLAINED_E0,month_x_year_x_vegetation_class_x_point_id,8|2022|Veg_Meadow_499|181,1
explained,EXPLAINED_E0,month_x_year_x_vegetation_class_x_point_id,8|2022|Veg_Meadow_504|190,1
explained,EXPLAINED_E0,month_x_year_x_vegetation_class_x_point_id,8|2022|Veg_Meadow_504|202,1
explained,EXPLAINED_E0,month_x_year_x_vegetation_class_x_point_id,8|2022|Veg_Meadow_504|211,1
explained,EXPLAINED_E0,month_x_year_x_vegetation_class_x_point_id,8|2022|Veg_Shrub|028,1
explained,EXPLAINED_E0,month_x_year_x_vegetation_class_x_point_id,8|2022|Veg_Sparse|225,1
explained,EXPLAINED_E0,month_x_year_x_vegetation_class_x_point_id,8|2022|Veg_Sparse|227,1
explained,EXPLAINED_E0,month_x_year_x_vegetation_class_x_point_id,8|2022|Veg_Sparse|232,1
explained,EXPLAINED_E0,month_x_year_x_vegetation_class_x_point_id,8|2022|Veg_Sparse|236,1
explained,EXPLAINED_E0,month_x_year_x_vegetation_class_x_point_id,8|2022|Veg_Sparse|237,1
explained,EXPLAINED_E0,month_x_year_x_vegetation_class_x_point_id,8|2023|Veg_Coniferous|010,1
explained,EXPLAINED_E0,month_x_year_x_vegetation_class_x_point_id,8|2023|Veg_Meadow_497|034,1
explained,EXPLAINED_E0,month_x_year_x_vegetation_class_x_point_id,8|2023|Veg_Meadow_497|045,1
explained,EXPLAINED_E0,month_x_year_x_vegetation_class_x_point_id,8|2023|Veg_Meadow_497|046,1
explained,EXPLAINED_E0,month_x_year_x_vegetation_class_x_point_id,8|2023|Veg_Meadow_497|077,1
explained,EXPLAINED_E0,month_x_year_x_vegetation_class_x_point_id,8|2023|Veg_Meadow_497|090,1
explained,EXPLAINED_E0,month_x_year_x_vegetation_class_x_point_id,8|2023|Veg_Meadow_497|095,1
explained,EXPLAINED_E0,month_x_year_x_vegetation_class_x_point_id,8|2023|Veg_Meadow_497|104,1
explained,EXPLAINED_E0,month_x_year_x_vegetation_class_x_point_id,8|2023|Veg_Meadow_497|105,1
explained,EXPLAINED_E0,month_x_year_x_vegetation_class_x_point_id,8|2023|Veg_Meadow_497|118,1
explained,EXPLAINED_E0,month_x_year_x_vegetation_class_x_point_id,8|2023|Veg_Meadow_497|119,1
explained,EXPLAINED_E0,month_x_year_x_vegetation_class_x_point_id,8|2023|Veg_Meadow_497|128,1
explained,EXPLAINED_E0,month_x_year_x_vegetation_class_x_point_id,8|2023|Veg_Meadow_497|130,1
explained,EXPLAINED_E0,month_x_year_x_vegetation_class_x_point_id,8|2023|Veg_Meadow_497|145,1
explained,EXPLAINED_E0,month_x_year_x_vegetation_class_x_point_id,8|2023|Veg_Meadow_497|156,1
explained,EXPLAINED_E0,month_x_year_x_vegetation_class_x_point_id,8|2023|Veg_Meadow_497|160,1
explained,EXPLAINED_E0,month_x_year_x_vegetation_class_x_point_id,8|2023|Veg_Meadow_504|209,1
explained,EXPLAINED_E0,month_x_year_x_vegetation_class_x_point_id,8|2023|Veg_Meadow_504|210,1
explained,EXPLAINED_E0,month_x_year_x_vegetation_class_x_point_id,8|2023|Veg_Shrub|016,1
explained,EXPLAINED_E0,month_x_year_x_vegetation_class_x_point_id,8|2023|Veg_Shrub|019,1
explained,EXPLAINED_E0,month_x_year_x_vegetation_class_x_point_id,8|2023|Veg_Shrub|024,1
explained,EXPLAINED_E0,month_x_year_x_vegetation_class_x_point_id,8|2023|Veg_Sparse|223,1
explained,EXPLAINED_E0,month_x_year_x_vegetation_class_x_point_id,8|2024|Veg_Coniferous|001,1
explained,EXPLAINED_E0,month_x_year_x_vegetation_class_x_point_id,8|2024|Veg_Coniferous|013,1
explained,EXPLAINED_E0,month_x_year_x_vegetation_class_x_point_id,8|2024|Veg_Meadow_497|044,1
explained,EXPLAINED_E0,month_x_year_x_vegetation_class_x_point_id,8|2024|Veg_Meadow_497|053,1
explained,EXPLAINED_E0,month_x_year_x_vegetation_class_x_point_id,8|2024|Veg_Meadow_497|056,1
explained,EXPLAINED_E0,month_x_year_x_vegetation_class_x_point_id,8|2024|Veg_Meadow_497|076,1
explained,EXPLAINED_E0,month_x_year_x_vegetation_class_x_point_id,8|2024|Veg_Meadow_497|088,1
explained,EXPLAINED_E0,month_x_year_x_vegetation_class_x_point_id,8|2024|Veg_Meadow_497|101,1
explained,EXPLAINED_E0,month_x_year_x_vegetation_class_x_point_id,8|2024|Veg_Meadow_497|110,1
explained,EXPLAINED_E0,month_x_year_x_vegetation_class_x_point_id,8|2024|Veg_Meadow_497|126,1
explained,EXPLAINED_E0,month_x_year_x_vegetation_class_x_point_id,8|2024|Veg_Meadow_497|131,1
explained,EXPLAINED_E0,month_x_year_x_vegetation_class_x_point_id,8|2024|Veg_Meadow_497|153,1
explained,EXPLAINED_E0,month_x_year_x_vegetation_class_x_point_id,8|2024|Veg_Meadow_497|165,1
explained,EXPLAINED_E0,month_x_year_x_vegetation_class_x_point_id,8|2024|Veg_Meadow_499|172,1
explained,EXPLAINED_E0,month_x_year_x_vegetation_class_x_point_id,8|2024|Veg_Meadow_499|173,1
explained,EXPLAINED_E0,month_x_year_x_vegetation_class_x_point_id,8|2024|Veg_Meadow_499|179,1
explained,EXPLAINED_E0,month_x_year_x_vegetation_class_x_point_id,8|2024|Veg_Meadow_504|213,1
explained,EXPLAINED_E0,month_x_year_x_vegetation_class_x_point_id,8|2024|Veg_Sparse|222,1
explained,EXPLAINED_E0,month_x_year_x_vegetation_class_x_point_id,8|2024|Veg_Sparse|226,1
explained,EXPLAINED_E0,month_x_year_x_vegetation_class_x_point_id,8|2025|Veg_Coniferous|005,1
explained,EXPLAINED_E0,month_x_year_x_vegetation_class_x_point_id,8|2025|Veg_Meadow_497|038,1
explained,EXPLAINED_E0,month_x_year_x_vegetation_class_x_point_id,8|2025|Veg_Meadow_497|078,1
explained,EXPLAINED_E0,month_x_year_x_vegetation_class_x_point_id,8|2025|Veg_Meadow_497|085,1
explained,EXPLAINED_E0,month_x_year_x_vegetation_class_x_point_id,8|2025|Veg_Meadow_497|086,1
explained,EXPLAINED_E0,month_x_year_x_vegetation_class_x_point_id,8|2025|Veg_Meadow_497|097,1
explained,EXPLAINED_E0,month_x_year_x_vegetation_class_x_point_id,8|2025|Veg_Meadow_497|098,1
explained,EXPLAINED_E0,month_x_year_x_vegetation_class_x_point_id,8|2025|Veg_Meadow_497|125,1
explained,EXPLAINED_E0,month_x_year_x_vegetation_class_x_point_id,8|2025|Veg_Meadow_497|149,1
explained,EXPLAINED_E0,month_x_year_x_vegetation_class_x_point_id,8|2025|Veg_Meadow_497|152,1
explained,EXPLAINED_E0,month_x_year_x_vegetation_class_x_point_id,8|2025|Veg_Meadow_497|157,1
explained,EXPLAINED_E0,month_x_year_x_vegetation_class_x_point_id,8|2025|Veg_Meadow_497|164,1
explained,EXPLAINED_E0,month_x_year_x_vegetation_class_x_point_id,8|2025|Veg_Meadow_499|174,1
explained,EXPLAINED_E0,month_x_year_x_vegetation_class_x_point_id,8|2025|Veg_Meadow_504|196,1
explained,EXPLAINED_E0,month_x_year_x_vegetation_class_x_point_id,8|2025|Veg_Meadow_504|203,1
explained,EXPLAINED_E0,month_x_year_x_vegetation_class_x_point_id,8|2025|Veg_Meadow_504|208,1
explained,EXPLAINED_E0,month_x_year_x_vegetation_class_x_point_id,8|2025|Veg_Meadow_504|212,1
explained,EXPLAINED_E0,month_x_year_x_vegetation_class_x_point_id,8|2025|Veg_Shrub|018,1
explained,EXPLAINED_E0,month_x_year_x_vegetation_class_x_point_id,8|2025|Veg_Sparse|220,1
explained,EXPLAINED_E0,month_x_year_x_vegetation_class_x_point_id,8|2025|Veg_Sparse|229,1
explained,EXPLAINED_E0,month_x_year_x_vegetation_class_x_point_id,9|2022|Veg_Coniferous|012,1
explained,EXPLAINED_E0,month_x_year_x_vegetation_class_x_point_id,9|2022|Veg_Meadow_497|035,1
explained,EXPLAINED_E0,month_x_year_x_vegetation_class_x_point_id,9|2022|Veg_Meadow_497|054,1
explained,EXPLAINED_E0,month_x_year_x_vegetation_class_x_point_id,9|2022|Veg_Meadow_497|061,1
explained,EXPLAINED_E0,month_x_year_x_vegetation_class_x_point_id,9|2022|Veg_Meadow_497|069,1
explained,EXPLAINED_E0,month_x_year_x_vegetation_class_x_point_id,9|2022|Veg_Meadow_497|089,1
explained,EXPLAINED_E0,month_x_year_x_vegetation_class_x_point_id,9|2022|Veg_Meadow_497|101,1
explained,EXPLAINED_E0,month_x_year_x_vegetation_class_x_point_id,9|2022|Veg_Meadow_497|103,1
explained,EXPLAINED_E0,month_x_year_x_vegetation_class_x_point_id,9|2022|Veg_Meadow_497|108,1
explained,EXPLAINED_E0,month_x_year_x_vegetation_class_x_point_id,9|2022|Veg_Meadow_497|125,1
explained,EXPLAINED_E0,month_x_year_x_vegetation_class_x_point_id,9|2022|Veg_Meadow_497|155,1
explained,EXPLAINED_E0,month_x_year_x_vegetation_class_x_point_id,9|2022|Veg_Meadow_497|159,1
explained,EXPLAINED_E0,month_x_year_x_vegetation_class_x_point_id,9|2022|Veg_Meadow_497|170,1
explained,EXPLAINED_E0,month_x_year_x_vegetation_class_x_point_id,9|2022|Veg_Meadow_499|172,1
explained,EXPLAINED_E0,month_x_year_x_vegetation_class_x_point_id,9|2022|Veg_Meadow_499|176,1
explained,EXPLAINED_E0,month_x_year_x_vegetation_class_x_point_id,9|2022|Veg_Meadow_504|198,1
explained,EXPLAINED_E0,month_x_year_x_vegetation_class_x_point_id,9|2022|Veg_Meadow_504|203,1
explained,EXPLAINED_E0,month_x_year_x_vegetation_class_x_point_id,9|2022|Veg_Meadow_504|212,1
explained,EXPLAINED_E0,month_x_year_x_vegetation_class_x_point_id,9|2022|Veg_Shrub|026,1
explained,EXPLAINED_E0,month_x_year_x_vegetation_class_x_point_id,9|2022|Veg_Sparse|229,1
explained,EXPLAINED_E0,month_x_year_x_vegetation_class_x_point_id,9|2022|Veg_Sparse|242,1
explained,EXPLAINED_E0,month_x_year_x_vegetation_class_x_point_id,9|2023|Veg_Coniferous|004,1
explained,EXPLAINED_E0,month_x_year_x_vegetation_class_x_point_id,9|2023|Veg_Meadow_497|031,1
explained,EXPLAINED_E0,month_x_year_x_vegetation_class_x_point_id,9|2023|Veg_Meadow_497|036,1
explained,EXPLAINED_E0,month_x_year_x_vegetation_class_x_point_id,9|2023|Veg_Meadow_497|073,1
explained,EXPLAINED_E0,month_x_year_x_vegetation_class_x_point_id,9|2023|Veg_Meadow_497|093,1
explained,EXPLAINED_E0,month_x_year_x_vegetation_class_x_point_id,9|2023|Veg_Meadow_497|099,1
explained,EXPLAINED_E0,month_x_year_x_vegetation_class_x_point_id,9|2023|Veg_Meadow_497|110,1
explained,EXPLAINED_E0,month_x_year_x_vegetation_class_x_point_id,9|2023|Veg_Meadow_497|114,1
explained,EXPLAINED_E0,month_x_year_x_vegetation_class_x_point_id,9|2023|Veg_Meadow_497|127,1
explained,EXPLAINED_E0,month_x_year_x_vegetation_class_x_point_id,9|2023|Veg_Meadow_497|132,1
explained,EXPLAINED_E0,month_x_year_x_vegetation_class_x_point_id,9|2023|Veg_Meadow_497|136,1
explained,EXPLAINED_E0,month_x_year_x_vegetation_class_x_point_id,9|2023|Veg_Meadow_497|147,1
explained,EXPLAINED_E0,month_x_year_x_vegetation_class_x_point_id,9|2023|Veg_Meadow_497|162,1
explained,EXPLAINED_E0,month_x_year_x_vegetation_class_x_point_id,9|2023|Veg_Meadow_497|168,1
explained,EXPLAINED_E0,month_x_year_x_vegetation_class_x_point_id,9|2023|Veg_Meadow_499|180,1
explained,EXPLAINED_E0,month_x_year_x_vegetation_class_x_point_id,9|2023|Veg_Meadow_504|190,1
explained,EXPLAINED_E0,month_x_year_x_vegetation_class_x_point_id,9|2023|Veg_Meadow_504|214,1
explained,EXPLAINED_E0,month_x_year_x_vegetation_class_x_point_id,9|2023|Veg_Shrub|015,1
explained,EXPLAINED_E0,month_x_year_x_vegetation_class_x_point_id,9|2023|Veg_Shrub|025,1
explained,EXPLAINED_E0,month_x_year_x_vegetation_class_x_point_id,9|2023|Veg_Shrub|029,1
explained,EXPLAINED_E0,month_x_year_x_vegetation_class_x_point_id,9|2023|Veg_Sparse|222,1
explained,EXPLAINED_E0,month_x_year_x_vegetation_class_x_point_id,9|2023|Veg_Sparse|237,1
explained,EXPLAINED_E0,month_x_year_x_vegetation_class_x_point_id,9|2024|Veg_Coniferous|014,1
explained,EXPLAINED_E0,month_x_year_x_vegetation_class_x_point_id,9|2024|Veg_Meadow_497|041,1
explained,EXPLAINED_E0,month_x_year_x_vegetation_class_x_point_id,9|2024|Veg_Meadow_497|042,1
explained,EXPLAINED_E0,month_x_year_x_vegetation_class_x_point_id,9|2024|Veg_Meadow_497|051,1
explained,EXPLAINED_E0,month_x_year_x_vegetation_class_x_point_id,9|2024|Veg_Meadow_497|052,1
explained,EXPLAINED_E0,month_x_year_x_vegetation_class_x_point_id,9|2024|Veg_Meadow_497|078,1
explained,EXPLAINED_E0,month_x_year_x_vegetation_class_x_point_id,9|2024|Veg_Meadow_497|094,1
explained,EXPLAINED_E0,month_x_year_x_vegetation_class_x_point_id,9|2024|Veg_Meadow_497|104,1
explained,EXPLAINED_E0,month_x_year_x_vegetation_class_x_point_id,9|2024|Veg_Meadow_497|109,1
explained,EXPLAINED_E0,month_x_year_x_vegetation_class_x_point_id,9|2024|Veg_Meadow_497|113,1
explained,EXPLAINED_E0,month_x_year_x_vegetation_class_x_point_id,9|2024|Veg_Meadow_497|115,1
explained,EXPLAINED_E0,month_x_year_x_vegetation_class_x_point_id,9|2024|Veg_Meadow_497|123,1
explained,EXPLAINED_E0,month_x_year_x_vegetation_class_x_point_id,9|2024|Veg_Meadow_497|137,1
explained,EXPLAINED_E0,month_x_year_x_vegetation_class_x_point_id,9|2024|Veg_Meadow_497|148,1
explained,EXPLAINED_E0,month_x_year_x_vegetation_class_x_point_id,9|2024|Veg_Meadow_497|158,1
explained,EXPLAINED_E0,month_x_year_x_vegetation_class_x_point_id,9|2024|Veg_Meadow_497|164,1
explained,EXPLAINED_E0,month_x_year_x_vegetation_class_x_point_id,9|2024|Veg_Meadow_499|171,1
explained,EXPLAINED_E0,month_x_year_x_vegetation_class_x_point_id,9|2024|Veg_Meadow_504|189,1
explained,EXPLAINED_E0,month_x_year_x_vegetation_class_x_point_id,9|2024|Veg_Meadow_504|193,1
explained,EXPLAINED_E0,month_x_year_x_vegetation_class_x_point_id,9|2024|Veg_Meadow_504|195,1
explained,EXPLAINED_E0,month_x_year_x_vegetation_class_x_point_id,9|2024|Veg_Sparse|219,1
explained,EXPLAINED_E0,month_x_year_x_vegetation_class_x_point_id,9|2024|Veg_Sparse|235,1
explained,EXPLAINED_E0,month_x_year_x_vegetation_class_x_point_id,9|2024|Veg_Sparse|238,1
explained,EXPLAINED_E0,month_x_year_x_vegetation_class_x_point_id,9|2025|Veg_Coniferous|003,1
explained,EXPLAINED_E0,month_x_year_x_vegetation_class_x_point_id,9|2025|Veg_Coniferous|006,1
explained,EXPLAINED_E0,month_x_year_x_vegetation_class_x_point_id,9|2025|Veg_Meadow_497|059,1
explained,EXPLAINED_E0,month_x_year_x_vegetation_class_x_point_id,9|2025|Veg_Meadow_497|070,1
explained,EXPLAINED_E0,month_x_year_x_vegetation_class_x_point_id,9|2025|Veg_Meadow_497|091,1
explained,EXPLAINED_E0,month_x_year_x_vegetation_class_x_point_id,9|2025|Veg_Meadow_497|106,1
explained,EXPLAINED_E0,month_x_year_x_vegetation_class_x_point_id,9|2025|Veg_Meadow_497|112,1
explained,EXPLAINED_E0,month_x_year_x_vegetation_class_x_point_id,9|2025|Veg_Meadow_497|122,1
explained,EXPLAINED_E0,month_x_year_x_vegetation_class_x_point_id,9|2025|Veg_Meadow_497|160,1
explained,EXPLAINED_E0,month_x_year_x_vegetation_class_x_point_id,9|2025|Veg_Meadow_499|172,1
explained,EXPLAINED_E0,month_x_year_x_vegetation_class_x_point_id,9|2025|Veg_Meadow_499|179,1
explained,EXPLAINED_E0,month_x_year_x_vegetation_class_x_point_id,9|2025|Veg_Meadow_504|187,1
explained,EXPLAINED_E0,month_x_year_x_vegetation_class_x_point_id,9|2025|Veg_Meadow_504|201,1
explained,EXPLAINED_E0,month_x_year_x_vegetation_class_x_point_id,9|2025|Veg_Shrub|023,1
explained,EXPLAINED_E0,month_x_year_x_vegetation_class_x_point_id,9|2025|Veg_Sparse|223,1
explained,EXPLAINED_E0,month_x_year_x_vegetation_class_x_point_id,9|2025|Veg_Sparse|228,1
explained,EXPLAINED_E0,month_x_year_x_vegetation_class_x_point_id,9|2025|Veg_Sparse|234,1
explained,EXPLAINED_E0,month_x_year_x_vegetation_class_x_point_id,9|2025|Veg_Sparse|240,1
explained,EXPLAINED_E0,month_x_year_x_vegetation_class_x_point_id,10|2022|Veg_Coniferous|002,1
explained,EXPLAINED_E0,month_x_year_x_vegetation_class_x_point_id,10|2022|Veg_Coniferous|011,1
explained,EXPLAINED_E0,month_x_year_x_vegetation_class_x_point_id,10|2022|Veg_Meadow_497|045,1
explained,EXPLAINED_E0,month_x_year_x_vegetation_class_x_point_id,10|2022|Veg_Meadow_497|066,1
explained,EXPLAINED_E0,month_x_year_x_vegetation_class_x_point_id,10|2022|Veg_Meadow_497|076,1
explained,EXPLAINED_E0,month_x_year_x_vegetation_class_x_point_id,10|2022|Veg_Meadow_497|091,1
explained,EXPLAINED_E0,month_x_year_x_vegetation_class_x_point_id,10|2022|Veg_Meadow_497|098,1
explained,EXPLAINED_E0,month_x_year_x_vegetation_class_x_point_id,10|2022|Veg_Meadow_497|120,1
explained,EXPLAINED_E0,month_x_year_x_vegetation_class_x_point_id,10|2022|Veg_Meadow_497|126,1
explained,EXPLAINED_E0,month_x_year_x_vegetation_class_x_point_id,10|2022|Veg_Meadow_497|150,1
explained,EXPLAINED_E0,month_x_year_x_vegetation_class_x_point_id,10|2022|Veg_Meadow_497|160,1
explained,EXPLAINED_E0,month_x_year_x_vegetation_class_x_point_id,10|2022|Veg_Meadow_499|182,1
explained,EXPLAINED_E0,month_x_year_x_vegetation_class_x_point_id,10|2022|Veg_Meadow_499|184,1
explained,EXPLAINED_E0,month_x_year_x_vegetation_class_x_point_id,10|2022|Veg_Meadow_504|194,1
explained,EXPLAINED_E0,month_x_year_x_vegetation_class_x_point_id,10|2022|Veg_Shrub|025,1
explained,EXPLAINED_E0,month_x_year_x_vegetation_class_x_point_id,10|2022|Veg_Sparse|217,1
explained,EXPLAINED_E0,month_x_year_x_vegetation_class_x_point_id,10|2022|Veg_Sparse|238,1
explained,EXPLAINED_E0,month_x_year_x_vegetation_class_x_point_id,10|2022|Veg_Sparse|240,1
explained,EXPLAINED_E0,month_x_year_x_vegetation_class_x_point_id,10|2023|Veg_Coniferous|000,1
explained,EXPLAINED_E0,month_x_year_x_vegetation_class_x_point_id,10|2023|Veg_Coniferous|005,1
explained,EXPLAINED_E0,month_x_year_x_vegetation_class_x_point_id,10|2023|Veg_Meadow_497|047,1
explained,EXPLAINED_E0,month_x_year_x_vegetation_class_x_point_id,10|2023|Veg_Meadow_497|052,1
explained,EXPLAINED_E0,month_x_year_x_vegetation_class_x_point_id,10|2023|Veg_Meadow_497|089,1
explained,EXPLAINED_E0,month_x_year_x_vegetation_class_x_point_id,10|2023|Veg_Meadow_497|103,1
explained,EXPLAINED_E0,month_x_year_x_vegetation_class_x_point_id,10|2023|Veg_Meadow_497|133,1
explained,EXPLAINED_E0,month_x_year_x_vegetation_class_x_point_id,10|2023|Veg_Meadow_497|144,1
explained,EXPLAINED_E0,month_x_year_x_vegetation_class_x_point_id,10|2023|Veg_Meadow_497|148,1
explained,EXPLAINED_E0,month_x_year_x_vegetation_class_x_point_id,10|2023|Veg_Meadow_497|164,1
explained,EXPLAINED_E0,month_x_year_x_vegetation_class_x_point_id,10|2023|Veg_Meadow_504|188,1
explained,EXPLAINED_E0,month_x_year_x_vegetation_class_x_point_id,10|2023|Veg_Meadow_504|191,1
explained,EXPLAINED_E0,month_x_year_x_vegetation_class_x_point_id,10|2023|Veg_Meadow_504|197,1
explained,EXPLAINED_E0,month_x_year_x_vegetation_class_x_point_id,10|2023|Veg_Meadow_504|200,1
explained,EXPLAINED_E0,month_x_year_x_vegetation_class_x_point_id,10|2023|Veg_Meadow_504|213,1
explained,EXPLAINED_E0,month_x_year_x_vegetation_class_x_point_id,10|2023|Veg_Shrub|018,1
explained,EXPLAINED_E0,month_x_year_x_vegetation_class_x_point_id,10|2023|Veg_Shrub|026,1
explained,EXPLAINED_E0,month_x_year_x_vegetation_class_x_point_id,10|2023|Veg_Shrub|027,1
explained,EXPLAINED_E0,month_x_year_x_vegetation_class_x_point_id,10|2023|Veg_Sparse|228,1
explained,EXPLAINED_E0,month_x_year_x_vegetation_class_x_point_id,10|2024|Veg_Coniferous|004,1
explained,EXPLAINED_E0,month_x_year_x_vegetation_class_x_point_id,10|2024|Veg_Meadow_497|032,1
explained,EXPLAINED_E0,month_x_year_x_vegetation_class_x_point_id,10|2024|Veg_Meadow_497|033,1
explained,EXPLAINED_E0,month_x_year_x_vegetation_class_x_point_id,10|2024|Veg_Meadow_497|065,1
explained,EXPLAINED_E0,month_x_year_x_vegetation_class_x_point_id,10|2024|Veg_Meadow_497|067,1
explained,EXPLAINED_E0,month_x_year_x_vegetation_class_x_point_id,10|2024|Veg_Meadow_497|068,1
explained,EXPLAINED_E0,month_x_year_x_vegetation_class_x_point_id,10|2024|Veg_Meadow_497|082,1
explained,EXPLAINED_E0,month_x_year_x_vegetation_class_x_point_id,10|2024|Veg_Meadow_497|118,1
explained,EXPLAINED_E0,month_x_year_x_vegetation_class_x_point_id,10|2024|Veg_Meadow_497|129,1
explained,EXPLAINED_E0,month_x_year_x_vegetation_class_x_point_id,10|2024|Veg_Meadow_497|142,1
explained,EXPLAINED_E0,month_x_year_x_vegetation_class_x_point_id,10|2024|Veg_Meadow_497|145,1
explained,EXPLAINED_E0,month_x_year_x_vegetation_class_x_point_id,10|2024|Veg_Meadow_497|147,1
explained,EXPLAINED_E0,month_x_year_x_vegetation_class_x_point_id,10|2024|Veg_Meadow_497|151,1
explained,EXPLAINED_E0,month_x_year_x_vegetation_class_x_point_id,10|2024|Veg_Meadow_497|168,1
explained,EXPLAINED_E0,month_x_year_x_vegetation_class_x_point_id,10|2024|Veg_Meadow_499|174,1
explained,EXPLAINED_E0,month_x_year_x_vegetation_class_x_point_id,10|2024|Veg_Meadow_499|177,1
explained,EXPLAINED_E0,month_x_year_x_vegetation_class_x_point_id,10|2024|Veg_Meadow_499|182,1
explained,EXPLAINED_E0,month_x_year_x_vegetation_class_x_point_id,10|2024|Veg_Shrub|022,1
explained,EXPLAINED_E0,month_x_year_x_vegetation_class_x_point_id,10|2024|Veg_Sparse|218,1
explained,EXPLAINED_E0,month_x_year_x_vegetation_class_x_point_id,10|2024|Veg_Sparse|233,1
explained,EXPLAINED_E0,month_x_year_x_vegetation_class_x_point_id,10|2024|Veg_Sparse|241,1
explained,EXPLAINED_E0,month_x_year_x_vegetation_class_x_point_id,10|2024|Veg_Sparse|245,1
explained,EXPLAINED_E0,month_x_year_x_vegetation_class_x_point_id,10|2025|Veg_Meadow_497|042,1
explained,EXPLAINED_E0,month_x_year_x_vegetation_class_x_point_id,10|2025|Veg_Meadow_497|046,1
explained,EXPLAINED_E0,month_x_year_x_vegetation_class_x_point_id,10|2025|Veg_Meadow_497|061,1
explained,EXPLAINED_E0,month_x_year_x_vegetation_class_x_point_id,10|2025|Veg_Meadow_497|062,1
explained,EXPLAINED_E0,month_x_year_x_vegetation_class_x_point_id,10|2025|Veg_Meadow_497|069,1
explained,EXPLAINED_E0,month_x_year_x_vegetation_class_x_point_id,10|2025|Veg_Meadow_497|079,1
explained,EXPLAINED_E0,month_x_year_x_vegetation_class_x_point_id,10|2025|Veg_Meadow_497|084,1
explained,EXPLAINED_E0,month_x_year_x_vegetation_class_x_point_id,10|2025|Veg_Meadow_497|087,1
explained,EXPLAINED_E0,month_x_year_x_vegetation_class_x_point_id,10|2025|Veg_Meadow_497|092,1
explained,EXPLAINED_E0,month_x_year_x_vegetation_class_x_point_id,10|2025|Veg_Meadow_497|096,1
explained,EXPLAINED_E0,month_x_year_x_vegetation_class_x_point_id,10|2025|Veg_Meadow_497|105,1
explained,EXPLAINED_E0,month_x_year_x_vegetation_class_x_point_id,10|2025|Veg_Meadow_497|128,1
explained,EXPLAINED_E0,month_x_year_x_vegetation_class_x_point_id,10|2025|Veg_Meadow_497|140,1
explained,EXPLAINED_E0,month_x_year_x_vegetation_class_x_point_id,10|2025|Veg_Meadow_497|141,1
explained,EXPLAINED_E0,month_x_year_x_vegetation_class_x_point_id,10|2025|Veg_Meadow_497|146,1
explained,EXPLAINED_E0,month_x_year_x_vegetation_class_x_point_id,10|2025|Veg_Meadow_497|162,1
explained,EXPLAINED_E0,month_x_year_x_vegetation_class_x_point_id,10|2025|Veg_Meadow_497|166,1
explained,EXPLAINED_E0,month_x_year_x_vegetation_class_x_point_id,10|2025|Veg_Meadow_499|181,1
explained,EXPLAINED_E0,month_x_year_x_vegetation_class_x_point_id,10|2025|Veg_Meadow_504|189,1
explained,EXPLAINED_E0,month_x_year_x_vegetation_class_x_point_id,10|2025|Veg_Meadow_504|205,1
explained,EXPLAINED_E0,month_x_year_x_vegetation_class_x_point_id,10|2025|Veg_Meadow_504|207,1
explained,EXPLAINED_E0,month_x_year_x_vegetation_class_x_point_id,10|2025|Veg_Meadow_504|210,1
explained,EXPLAINED_E0,month_x_year_x_vegetation_class_x_point_id,10|2025|Veg_Sparse|231,1
explained,EXPLAINED_E0,month_x_year_x_vegetation_class_x_point_id,10|2025|Veg_Sparse|243,1
explained,EXPLAINED_E0,month_x_year_x_vegetation_class_x_point_id,10|2025|Veg_Sparse|244,1
explained,EXPLAINED_E0,month_x_year_x_vegetation_class_x_point_id,11|2022|Veg_Coniferous|000,1
explained,EXPLAINED_E0,month_x_year_x_vegetation_class_x_point_id,11|2022|Veg_Meadow_497|034,1
explained,EXPLAINED_E0,month_x_year_x_vegetation_class_x_point_id,11|2022|Veg_Meadow_497|038,1
explained,EXPLAINED_E0,month_x_year_x_vegetation_class_x_point_id,11|2022|Veg_Meadow_497|048,1
explained,EXPLAINED_E0,month_x_year_x_vegetation_class_x_point_id,11|2022|Veg_Meadow_497|087,1
explained,EXPLAINED_E0,month_x_year_x_vegetation_class_x_point_id,11|2022|Veg_Meadow_497|097,1
explained,EXPLAINED_E0,month_x_year_x_vegetation_class_x_point_id,11|2022|Veg_Meadow_504|186,1
explained,EXPLAINED_E0,month_x_year_x_vegetation_class_x_point_id,11|2022|Veg_Meadow_504|213,1
explained,EXPLAINED_E0,month_x_year_x_vegetation_class_x_point_id,11|2022|Veg_Shrub|015,1
explained,EXPLAINED_E0,month_x_year_x_vegetation_class_x_point_id,11|2022|Veg_Shrub|024,1
explained,EXPLAINED_E0,month_x_year_x_vegetation_class_x_point_id,11|2022|Veg_Shrub|027,1
explained,EXPLAINED_E0,month_x_year_x_vegetation_class_x_point_id,11|2022|Veg_Sparse|230,1
explained,EXPLAINED_E0,month_x_year_x_vegetation_class_x_point_id,11|2022|Veg_Sparse|245,1
explained,EXPLAINED_E0,month_x_year_x_vegetation_class_x_point_id,11|2023|Veg_Coniferous|001,1
explained,EXPLAINED_E0,month_x_year_x_vegetation_class_x_point_id,11|2023|Veg_Coniferous|003,1
explained,EXPLAINED_E0,month_x_year_x_vegetation_class_x_point_id,11|2023|Veg_Coniferous|008,1
explained,EXPLAINED_E0,month_x_year_x_vegetation_class_x_point_id,11|2023|Veg_Meadow_497|033,1
explained,EXPLAINED_E0,month_x_year_x_vegetation_class_x_point_id,11|2023|Veg_Meadow_497|037,1
explained,EXPLAINED_E0,month_x_year_x_vegetation_class_x_point_id,11|2023|Veg_Meadow_497|067,1
explained,EXPLAINED_E0,month_x_year_x_vegetation_class_x_point_id,11|2023|Veg_Meadow_497|069,1
explained,EXPLAINED_E0,month_x_year_x_vegetation_class_x_point_id,11|2023|Veg_Meadow_497|080,1
explained,EXPLAINED_E0,month_x_year_x_vegetation_class_x_point_id,11|2023|Veg_Meadow_497|085,1
explained,EXPLAINED_E0,month_x_year_x_vegetation_class_x_point_id,11|2023|Veg_Meadow_497|091,1
explained,EXPLAINED_E0,month_x_year_x_vegetation_class_x_point_id,11|2023|Veg_Meadow_497|102,1
explained,EXPLAINED_E0,month_x_year_x_vegetation_class_x_point_id,11|2023|Veg_Meadow_497|115,1
explained,EXPLAINED_E0,month_x_year_x_vegetation_class_x_point_id,11|2023|Veg_Meadow_497|123,1
explained,EXPLAINED_E0,month_x_year_x_vegetation_class_x_point_id,11|2023|Veg_Meadow_497|131,1
explained,EXPLAINED_E0,month_x_year_x_vegetation_class_x_point_id,11|2023|Veg_Meadow_497|137,1
explained,EXPLAINED_E0,month_x_year_x_vegetation_class_x_point_id,11|2023|Veg_Meadow_497|152,1
explained,EXPLAINED_E0,month_x_year_x_vegetation_class_x_point_id,11|2023|Veg_Meadow_497|159,1
explained,EXPLAINED_E0,month_x_year_x_vegetation_class_x_point_id,11|2023|Veg_Meadow_499|181,1
explained,EXPLAINED_E0,month_x_year_x_vegetation_class_x_point_id,11|2023|Veg_Meadow_504|189,1
explained,EXPLAINED_E0,month_x_year_x_vegetation_class_x_point_id,11|2023|Veg_Meadow_504|193,1
explained,EXPLAINED_E0,month_x_year_x_vegetation_class_x_point_id,11|2023|Veg_Meadow_504|203,1
explained,EXPLAINED_E0,month_x_year_x_vegetation_class_x_point_id,11|2023|Veg_Meadow_504|212,1
explained,EXPLAINED_E0,month_x_year_x_vegetation_class_x_point_id,11|2023|Veg_Sparse|215,1
explained,EXPLAINED_E0,month_x_year_x_vegetation_class_x_point_id,11|2023|Veg_Sparse|234,1
explained,EXPLAINED_E0,month_x_year_x_vegetation_class_x_point_id,11|2023|Veg_Sparse|239,1
explained,EXPLAINED_E0,month_x_year_x_vegetation_class_x_point_id,11|2024|Veg_Coniferous|012,1
explained,EXPLAINED_E0,month_x_year_x_vegetation_class_x_point_id,11|2024|Veg_Meadow_497|040,1
explained,EXPLAINED_E0,month_x_year_x_vegetation_class_x_point_id,11|2024|Veg_Meadow_497|050,1
explained,EXPLAINED_E0,month_x_year_x_vegetation_class_x_point_id,11|2024|Veg_Meadow_497|063,1
explained,EXPLAINED_E0,month_x_year_x_vegetation_class_x_point_id,11|2024|Veg_Meadow_497|064,1
explained,EXPLAINED_E0,month_x_year_x_vegetation_class_x_point_id,11|2024|Veg_Meadow_497|075,1
explained,EXPLAINED_E0,month_x_year_x_vegetation_class_x_point_id,11|2024|Veg_Meadow_497|093,1
explained,EXPLAINED_E0,month_x_year_x_vegetation_class_x_point_id,11|2024|Veg_Meadow_497|095,1
explained,EXPLAINED_E0,month_x_year_x_vegetation_class_x_point_id,11|2024|Veg_Meadow_497|099,1
explained,EXPLAINED_E0,month_x_year_x_vegetation_class_x_point_id,11|2024|Veg_Meadow_497|105,1
explained,EXPLAINED_E0,month_x_year_x_vegetation_class_x_point_id,11|2024|Veg_Meadow_497|107,1
explained,EXPLAINED_E0,month_x_year_x_vegetation_class_x_point_id,11|2024|Veg_Meadow_497|112,1
explained,EXPLAINED_E0,month_x_year_x_vegetation_class_x_point_id,11|2024|Veg_Meadow_497|119,1
explained,EXPLAINED_E0,month_x_year_x_vegetation_class_x_point_id,11|2024|Veg_Meadow_497|120,1
explained,EXPLAINED_E0,month_x_year_x_vegetation_class_x_point_id,11|2024|Veg_Meadow_497|124,1
explained,EXPLAINED_E0,month_x_year_x_vegetation_class_x_point_id,11|2024|Veg_Meadow_497|139,1
explained,EXPLAINED_E0,month_x_year_x_vegetation_class_x_point_id,11|2024|Veg_Meadow_497|144,1
explained,EXPLAINED_E0,month_x_year_x_vegetation_class_x_point_id,11|2024|Veg_Meadow_497|163,1
explained,EXPLAINED_E0,month_x_year_x_vegetation_class_x_point_id,11|2024|Veg_Meadow_497|169,1
explained,EXPLAINED_E0,month_x_year_x_vegetation_class_x_point_id,11|2024|Veg_Meadow_499|182,1
explained,EXPLAINED_E0,month_x_year_x_vegetation_class_x_point_id,11|2024|Veg_Meadow_499|184,1
explained,EXPLAINED_E0,month_x_year_x_vegetation_class_x_point_id,11|2024|Veg_Meadow_504|192,1
explained,EXPLAINED_E0,month_x_year_x_vegetation_class_x_point_id,11|2024|Veg_Meadow_504|196,1
explained,EXPLAINED_E0,month_x_year_x_vegetation_class_x_point_id,11|2024|Veg_Meadow_504|201,1
explained,EXPLAINED_E0,month_x_year_x_vegetation_class_x_point_id,11|2024|Veg_Shrub|021,1
explained,EXPLAINED_E0,month_x_year_x_vegetation_class_x_point_id,11|2024|Veg_Sparse|217,1
explained,EXPLAINED_E0,month_x_year_x_vegetation_class_x_point_id,11|2024|Veg_Sparse|225,1
explained,EXPLAINED_E0,month_x_year_x_vegetation_class_x_point_id,11|2024|Veg_Sparse|231,1
explained,EXPLAINED_E0,month_x_year_x_vegetation_class_x_point_id,11|2025|Veg_Meadow_497|031,1
explained,EXPLAINED_E0,month_x_year_x_vegetation_class_x_point_id,11|2025|Veg_Meadow_497|055,1
explained,EXPLAINED_E0,month_x_year_x_vegetation_class_x_point_id,11|2025|Veg_Meadow_497|058,1
explained,EXPLAINED_E0,month_x_year_x_vegetation_class_x_point_id,11|2025|Veg_Meadow_497|060,1
explained,EXPLAINED_E0,month_x_year_x_vegetation_class_x_point_id,11|2025|Veg_Meadow_497|082,1
explained,EXPLAINED_E0,month_x_year_x_vegetation_class_x_point_id,11|2025|Veg_Meadow_497|083,1
explained,EXPLAINED_E0,month_x_year_x_vegetation_class_x_point_id,11|2025|Veg_Meadow_497|094,1
explained,EXPLAINED_E0,month_x_year_x_vegetation_class_x_point_id,11|2025|Veg_Meadow_497|108,1
explained,EXPLAINED_E0,month_x_year_x_vegetation_class_x_point_id,11|2025|Veg_Meadow_497|109,1
explained,EXPLAINED_E0,month_x_year_x_vegetation_class_x_point_id,11|2025|Veg_Meadow_497|151,1
explained,EXPLAINED_E0,month_x_year_x_vegetation_class_x_point_id,11|2025|Veg_Meadow_499|176,1
explained,EXPLAINED_E0,month_x_year_x_vegetation_class_x_point_id,11|2025|Veg_Meadow_499|185,1
explained,EXPLAINED_E0,month_x_year_x_vegetation_class_x_point_id,11|2025|Veg_Meadow_504|202,1
explained,EXPLAINED_E0,month_x_year_x_vegetation_class_x_point_id,11|2025|Veg_Shrub|016,1
explained,EXPLAINED_E0,month_x_year_x_vegetation_class_x_point_id,11|2025|Veg_Shrub|028,1
explained,EXPLAINED_E0,month_x_year_x_vegetation_class_x_point_id,11|2025|Veg_Sparse|232,1
explained,EXPLAINED_E0,month_x_year_x_vegetation_class_x_point_id,11|2025|Veg_Sparse|242,1
explained,EXPLAINED_E0,month_x_year_x_vegetation_class_x_point_id,11|2025|Veg_Sparse|246,1
explained,EXPLAINED_E0,month_x_year_x_vegetation_class_x_point_id,12|2022|Veg_Coniferous|001,1
explained,EXPLAINED_E0,month_x_year_x_vegetation_class_x_point_id,12|2022|Veg_Coniferous|006,1
explained,EXPLAINED_E0,month_x_year_x_vegetation_class_x_point_id,12|2022|Veg_Meadow_497|052,1
explained,EXPLAINED_E0,month_x_year_x_vegetation_class_x_point_id,12|2022|Veg_Meadow_497|055,1
explained,EXPLAINED_E0,month_x_year_x_vegetation_class_x_point_id,12|2022|Veg_Meadow_497|056,1
explained,EXPLAINED_E0,month_x_year_x_vegetation_class_x_point_id,12|2022|Veg_Meadow_497|062,1
explained,EXPLAINED_E0,month_x_year_x_vegetation_class_x_point_id,12|2022|Veg_Meadow_497|077,1
explained,EXPLAINED_E0,month_x_year_x_vegetation_class_x_point_id,12|2022|Veg_Meadow_497|081,1
explained,EXPLAINED_E0,month_x_year_x_vegetation_class_x_point_id,12|2022|Veg_Meadow_497|085,1
explained,EXPLAINED_E0,month_x_year_x_vegetation_class_x_point_id,12|2022|Veg_Meadow_497|113,1
explained,EXPLAINED_E0,month_x_year_x_vegetation_class_x_point_id,12|2022|Veg_Meadow_497|114,1
explained,EXPLAINED_E0,month_x_year_x_vegetation_class_x_point_id,12|2022|Veg_Meadow_497|121,1
explained,EXPLAINED_E0,month_x_year_x_vegetation_class_x_point_id,12|2022|Veg_Meadow_497|144,1
explained,EXPLAINED_E0,month_x_year_x_vegetation_class_x_point_id,12|2022|Veg_Meadow_497|148,1
explained,EXPLAINED_E0,month_x_year_x_vegetation_class_x_point_id,12|2022|Veg_Meadow_497|149,1
explained,EXPLAINED_E0,month_x_year_x_vegetation_class_x_point_id,12|2022|Veg_Meadow_497|167,1
explained,EXPLAINED_E0,month_x_year_x_vegetation_class_x_point_id,12|2022|Veg_Meadow_499|171,1
explained,EXPLAINED_E0,month_x_year_x_vegetation_class_x_point_id,12|2022|Veg_Meadow_499|179,1
explained,EXPLAINED_E0,month_x_year_x_vegetation_class_x_point_id,12|2022|Veg_Meadow_499|185,1
explained,EXPLAINED_E0,month_x_year_x_vegetation_class_x_point_id,12|2022|Veg_Meadow_504|204,1
explained,EXPLAINED_E0,month_x_year_x_vegetation_class_x_point_id,12|2022|Veg_Meadow_504|208,1
explained,EXPLAINED_E0,month_x_year_x_vegetation_class_x_point_id,12|2022|Veg_Sparse|246,1
explained,EXPLAINED_E0,month_x_year_x_vegetation_class_x_point_id,12|2023|Veg_Coniferous|011,1
explained,EXPLAINED_E0,month_x_year_x_vegetation_class_x_point_id,12|2023|Veg_Coniferous|013,1
explained,EXPLAINED_E0,month_x_year_x_vegetation_class_x_point_id,12|2023|Veg_Meadow_497|035,1
explained,EXPLAINED_E0,month_x_year_x_vegetation_class_x_point_id,12|2023|Veg_Meadow_497|043,1
explained,EXPLAINED_E0,month_x_year_x_vegetation_class_x_point_id,12|2023|Veg_Meadow_497|063,1
explained,EXPLAINED_E0,month_x_year_x_vegetation_class_x_point_id,12|2023|Veg_Meadow_497|082,1
explained,EXPLAINED_E0,month_x_year_x_vegetation_class_x_point_id,12|2023|Veg_Meadow_497|083,1
explained,EXPLAINED_E0,month_x_year_x_vegetation_class_x_point_id,12|2023|Veg_Meadow_497|086,1
explained,EXPLAINED_E0,month_x_year_x_vegetation_class_x_point_id,12|2023|Veg_Meadow_497|097,1
explained,EXPLAINED_E0,month_x_year_x_vegetation_class_x_point_id,12|2023|Veg_Meadow_497|122,1
explained,EXPLAINED_E0,month_x_year_x_vegetation_class_x_point_id,12|2023|Veg_Meadow_497|139,1
explained,EXPLAINED_E0,month_x_year_x_vegetation_class_x_point_id,12|2023|Veg_Meadow_504|199,1
explained,EXPLAINED_E0,month_x_year_x_vegetation_class_x_point_id,12|2023|Veg_Meadow_504|202,1
explained,EXPLAINED_E0,month_x_year_x_vegetation_class_x_point_id,12|2023|Veg_Shrub|020,1
explained,EXPLAINED_E0,month_x_year_x_vegetation_class_x_point_id,12|2023|Veg_Shrub|022,1
explained,EXPLAINED_E0,month_x_year_x_vegetation_class_x_point_id,12|2023|Veg_Sparse|231,1
explained,EXPLAINED_E0,month_x_year_x_vegetation_class_x_point_id,12|2023|Veg_Sparse|233,1
explained,EXPLAINED_E0,month_x_year_x_vegetation_class_x_point_id,12|2023|Veg_Sparse|240,1
explained,EXPLAINED_E0,month_x_year_x_vegetation_class_x_point_id,12|2023|Veg_Sparse|242,1
explained,EXPLAINED_E0,month_x_year_x_vegetation_class_x_point_id,12|2023|Veg_Sparse|245,1
explained,EXPLAINED_E0,month_x_year_x_vegetation_class_x_point_id,12|2024|Veg_Meadow_497|039,1
explained,EXPLAINED_E0,month_x_year_x_vegetation_class_x_point_id,12|2024|Veg_Meadow_497|054,1
explained,EXPLAINED_E0,month_x_year_x_vegetation_class_x_point_id,12|2024|Veg_Meadow_497|057,1
explained,EXPLAINED_E0,month_x_year_x_vegetation_class_x_point_id,12|2024|Veg_Meadow_497|070,1
explained,EXPLAINED_E0,month_x_year_x_vegetation_class_x_point_id,12|2024|Veg_Meadow_497|071,1
explained,EXPLAINED_E0,month_x_year_x_vegetation_class_x_point_id,12|2024|Veg_Meadow_497|102,1
explained,EXPLAINED_E0,month_x_year_x_vegetation_class_x_point_id,12|2024|Veg_Meadow_497|106,1
explained,EXPLAINED_E0,month_x_year_x_vegetation_class_x_point_id,12|2024|Veg_Meadow_497|128,1
explained,EXPLAINED_E0,month_x_year_x_vegetation_class_x_point_id,12|2024|Veg_Meadow_499|183,1
explained,EXPLAINED_E0,month_x_year_x_vegetation_class_x_point_id,12|2024|Veg_Meadow_504|190,1
explained,EXPLAINED_E0,month_x_year_x_vegetation_class_x_point_id,12|2024|Veg_Meadow_504|194,1
explained,EXPLAINED_E0,month_x_year_x_vegetation_class_x_point_id,12|2024|Veg_Meadow_504|198,1
explained,EXPLAINED_E0,month_x_year_x_vegetation_class_x_point_id,12|2024|Veg_Shrub|023,1
explained,EXPLAINED_E0,month_x_year_x_vegetation_class_x_point_id,12|2024|Veg_Shrub|025,1
explained,EXPLAINED_E0,month_x_year_x_vegetation_class_x_point_id,12|2024|Veg_Shrub|028,1
explained,EXPLAINED_E0,month_x_year_x_vegetation_class_x_point_id,12|2024|Veg_Sparse|223,1
explained,EXPLAINED_E0,month_x_year_x_vegetation_class_x_point_id,12|2024|Veg_Sparse|230,1
explained,EXPLAINED_E0,month_x_year_x_vegetation_class_x_point_id,12|2025|Veg_Coniferous|012,1
explained,EXPLAINED_E0,month_x_year_x_vegetation_class_x_point_id,12|2025|Veg_Meadow_497|040,1
explained,EXPLAINED_E0,month_x_year_x_vegetation_class_x_point_id,12|2025|Veg_Meadow_497|041,1
explained,EXPLAINED_E0,month_x_year_x_vegetation_class_x_point_id,12|2025|Veg_Meadow_497|050,1
explained,EXPLAINED_E0,month_x_year_x_vegetation_class_x_point_id,12|2025|Veg_Meadow_497|064,1
explained,EXPLAINED_E0,month_x_year_x_vegetation_class_x_point_id,12|2025|Veg_Meadow_497|072,1
explained,EXPLAINED_E0,month_x_year_x_vegetation_class_x_point_id,12|2025|Veg_Meadow_497|090,1
explained,EXPLAINED_E0,month_x_year_x_vegetation_class_x_point_id,12|2025|Veg_Meadow_497|095,1
explained,EXPLAINED_E0,month_x_year_x_vegetation_class_x_point_id,12|2025|Veg_Meadow_497|115,1
explained,EXPLAINED_E0,month_x_year_x_vegetation_class_x_point_id,12|2025|Veg_Meadow_497|120,1
explained,EXPLAINED_E0,month_x_year_x_vegetation_class_x_point_id,12|2025|Veg_Meadow_497|127,1
explained,EXPLAINED_E0,month_x_year_x_vegetation_class_x_point_id,12|2025|Veg_Meadow_497|136,1
explained,EXPLAINED_E0,month_x_year_x_vegetation_class_x_point_id,12|2025|Veg_Meadow_497|143,1
explained,EXPLAINED_E0,month_x_year_x_vegetation_class_x_point_id,12|2025|Veg_Meadow_497|153,1
explained,EXPLAINED_E0,month_x_year_x_vegetation_class_x_point_id,12|2025|Veg_Meadow_497|154,1
explained,EXPLAINED_E0,month_x_year_x_vegetation_class_x_point_id,12|2025|Veg_Meadow_497|156,1
explained,EXPLAINED_E0,month_x_year_x_vegetation_class_x_point_id,12|2025|Veg_Meadow_497|168,1
explained,EXPLAINED_E0,month_x_year_x_vegetation_class_x_point_id,12|2025|Veg_Meadow_499|180,1
explained,EXPLAINED_E0,month_x_year_x_vegetation_class_x_point_id,12|2025|Veg_Meadow_504|191,1
explained,EXPLAINED_E0,month_x_year_x_vegetation_class_x_point_id,12|2025|Veg_Meadow_504|192,1
explained,EXPLAINED_E0,month_x_year_x_vegetation_class_x_point_id,12|2025|Veg_Shrub|021,1
explained,EXPLAINED_E0,month_x_year_x_vegetation_class_x_point_id,12|2025|Veg_Sparse|221,1
explained,EXPLAINED_E0,month_x_year_x_vegetation_class_x_point_id,12|2025|Veg_Sparse|225,1
explained,EXPLAINED_E0,month_x_year_x_vegetation_class_x_point_id,12|2025|Veg_Sparse|226,1
explained,EXPLAINED_E1,overall,all,1000
explained,EXPLAINED_E1,unique_point_id,all,247
explained,EXPLAINED_E1,month,1,83
explained,EXPLAINED_E1,month,2,84
explained,EXPLAINED_E1,month,3,83
explained,EXPLAINED_E1,month,4,84
explained,EXPLAINED_E1,month,5,84
explained,EXPLAINED_E1,month,6,83
explained,EXPLAINED_E1,month,7,84
explained,EXPLAINED_E1,month,8,83
explained,EXPLAINED_E1,month,9,83
explained,EXPLAINED_E1,month,10,83
explained,EXPLAINED_E1,month,11,83
explained,EXPLAINED_E1,month,12,83
explained,EXPLAINED_E1,year,2022,250
explained,EXPLAINED_E1,year,2023,250
explained,EXPLAINED_E1,year,2024,250
explained,EXPLAINED_E1,year,2025,250
explained,EXPLAINED_E1,vegetation_class,Veg_Coniferous,64
explained,EXPLAINED_E1,vegetation_class,Veg_Meadow_497,564
explained,EXPLAINED_E1,vegetation_class,Veg_Meadow_499,64
explained,EXPLAINED_E1,vegetation_class,Veg_Meadow_504,116
explained,EXPLAINED_E1,vegetation_class,Veg_Shrub,64
explained,EXPLAINED_E1,vegetation_class,Veg_Sparse,128
explained,EXPLAINED_E1,point_id,000,4
explained,EXPLAINED_E1,point_id,001,4
explained,EXPLAINED_E1,point_id,002,4
explained,EXPLAINED_E1,point_id,003,5
explained,EXPLAINED_E1,point_id,004,5
explained,EXPLAINED_E1,point_id,005,4
explained,EXPLAINED_E1,point_id,006,5
explained,EXPLAINED_E1,point_id,007,4
explained,EXPLAINED_E1,point_id,008,4
explained,EXPLAINED_E1,point_id,009,4
explained,EXPLAINED_E1,point_id,010,4
explained,EXPLAINED_E1,point_id,011,4
explained,EXPLAINED_E1,point_id,012,4
explained,EXPLAINED_E1,point_id,013,5
explained,EXPLAINED_E1,point_id,014,4
explained,EXPLAINED_E1,point_id,015,5
explained,EXPLAINED_E1,point_id,016,5
explained,EXPLAINED_E1,point_id,017,5
explained,EXPLAINED_E1,point_id,018,4
explained,EXPLAINED_E1,point_id,019,4
explained,EXPLAINED_E1,point_id,020,5
explained,EXPLAINED_E1,point_id,021,4
explained,EXPLAINED_E1,point_id,022,4
explained,EXPLAINED_E1,point_id,023,4
explained,EXPLAINED_E1,point_id,024,4
explained,EXPLAINED_E1,point_id,025,4
explained,EXPLAINED_E1,point_id,026,4
explained,EXPLAINED_E1,point_id,027,4
explained,EXPLAINED_E1,point_id,028,4
explained,EXPLAINED_E1,point_id,029,4
explained,EXPLAINED_E1,point_id,030,4
explained,EXPLAINED_E1,point_id,031,4
explained,EXPLAINED_E1,point_id,032,4
explained,EXPLAINED_E1,point_id,033,4
explained,EXPLAINED_E1,point_id,034,4
explained,EXPLAINED_E1,point_id,035,4
explained,EXPLAINED_E1,point_id,036,4
explained,EXPLAINED_E1,point_id,037,4
explained,EXPLAINED_E1,point_id,038,4
explained,EXPLAINED_E1,point_id,039,4
explained,EXPLAINED_E1,point_id,040,4
explained,EXPLAINED_E1,point_id,041,4
explained,EXPLAINED_E1,point_id,042,4
explained,EXPLAINED_E1,point_id,043,4
explained,EXPLAINED_E1,point_id,044,4
explained,EXPLAINED_E1,point_id,045,4
explained,EXPLAINED_E1,point_id,046,4
explained,EXPLAINED_E1,point_id,047,4
explained,EXPLAINED_E1,point_id,048,4
explained,EXPLAINED_E1,point_id,049,4
explained,EXPLAINED_E1,point_id,050,4
explained,EXPLAINED_E1,point_id,051,4
explained,EXPLAINED_E1,point_id,052,4
explained,EXPLAINED_E1,point_id,053,4
explained,EXPLAINED_E1,point_id,054,4
explained,EXPLAINED_E1,point_id,055,4
explained,EXPLAINED_E1,point_id,056,4
explained,EXPLAINED_E1,point_id,057,4
explained,EXPLAINED_E1,point_id,058,4
explained,EXPLAINED_E1,point_id,059,4
explained,EXPLAINED_E1,point_id,060,4
explained,EXPLAINED_E1,point_id,061,4
explained,EXPLAINED_E1,point_id,062,4
explained,EXPLAINED_E1,point_id,063,4
explained,EXPLAINED_E1,point_id,064,4
explained,EXPLAINED_E1,point_id,065,4
explained,EXPLAINED_E1,point_id,066,4
explained,EXPLAINED_E1,point_id,067,4
explained,EXPLAINED_E1,point_id,068,4
explained,EXPLAINED_E1,point_id,069,4
explained,EXPLAINED_E1,point_id,070,4
explained,EXPLAINED_E1,point_id,071,4
explained,EXPLAINED_E1,point_id,072,4
explained,EXPLAINED_E1,point_id,073,4
explained,EXPLAINED_E1,point_id,074,4
explained,EXPLAINED_E1,point_id,075,4
explained,EXPLAINED_E1,point_id,076,4
explained,EXPLAINED_E1,point_id,077,4
explained,EXPLAINED_E1,point_id,078,4
explained,EXPLAINED_E1,point_id,079,4
explained,EXPLAINED_E1,point_id,080,4
explained,EXPLAINED_E1,point_id,081,4
explained,EXPLAINED_E1,point_id,082,4
explained,EXPLAINED_E1,point_id,083,4
explained,EXPLAINED_E1,point_id,084,4
explained,EXPLAINED_E1,point_id,085,4
explained,EXPLAINED_E1,point_id,086,4
explained,EXPLAINED_E1,point_id,087,4
explained,EXPLAINED_E1,point_id,088,4
explained,EXPLAINED_E1,point_id,089,4
explained,EXPLAINED_E1,point_id,090,4
explained,EXPLAINED_E1,point_id,091,4
explained,EXPLAINED_E1,point_id,092,4
explained,EXPLAINED_E1,point_id,093,4
explained,EXPLAINED_E1,point_id,094,4
explained,EXPLAINED_E1,point_id,095,4
explained,EXPLAINED_E1,point_id,096,4
explained,EXPLAINED_E1,point_id,097,4
explained,EXPLAINED_E1,point_id,098,4
explained,EXPLAINED_E1,point_id,099,4
explained,EXPLAINED_E1,point_id,100,4
explained,EXPLAINED_E1,point_id,101,4
explained,EXPLAINED_E1,point_id,102,4
explained,EXPLAINED_E1,point_id,103,4
explained,EXPLAINED_E1,point_id,104,4
explained,EXPLAINED_E1,point_id,105,4
explained,EXPLAINED_E1,point_id,106,4
explained,EXPLAINED_E1,point_id,107,4
explained,EXPLAINED_E1,point_id,108,4
explained,EXPLAINED_E1,point_id,109,4
explained,EXPLAINED_E1,point_id,110,4
explained,EXPLAINED_E1,point_id,111,4
explained,EXPLAINED_E1,point_id,112,4
explained,EXPLAINED_E1,point_id,113,4
explained,EXPLAINED_E1,point_id,114,4
explained,EXPLAINED_E1,point_id,115,4
explained,EXPLAINED_E1,point_id,116,4
explained,EXPLAINED_E1,point_id,117,4
explained,EXPLAINED_E1,point_id,118,4
explained,EXPLAINED_E1,point_id,119,4
explained,EXPLAINED_E1,point_id,120,4
explained,EXPLAINED_E1,point_id,121,4
explained,EXPLAINED_E1,point_id,122,4
explained,EXPLAINED_E1,point_id,123,4
explained,EXPLAINED_E1,point_id,124,4
explained,EXPLAINED_E1,point_id,125,4
explained,EXPLAINED_E1,point_id,126,4
explained,EXPLAINED_E1,point_id,127,4
explained,EXPLAINED_E1,point_id,128,4
explained,EXPLAINED_E1,point_id,129,4
explained,EXPLAINED_E1,point_id,130,4
explained,EXPLAINED_E1,point_id,131,4
explained,EXPLAINED_E1,point_id,132,4
explained,EXPLAINED_E1,point_id,133,4
explained,EXPLAINED_E1,point_id,134,4
explained,EXPLAINED_E1,point_id,135,4
explained,EXPLAINED_E1,point_id,136,4
explained,EXPLAINED_E1,point_id,137,4
explained,EXPLAINED_E1,point_id,138,4
explained,EXPLAINED_E1,point_id,139,4
explained,EXPLAINED_E1,point_id,140,4
explained,EXPLAINED_E1,point_id,141,4
explained,EXPLAINED_E1,point_id,142,4
explained,EXPLAINED_E1,point_id,143,4
explained,EXPLAINED_E1,point_id,144,4
explained,EXPLAINED_E1,point_id,145,4
explained,EXPLAINED_E1,point_id,146,4
explained,EXPLAINED_E1,point_id,147,4
explained,EXPLAINED_E1,point_id,148,4
explained,EXPLAINED_E1,point_id,149,4
explained,EXPLAINED_E1,point_id,150,4
explained,EXPLAINED_E1,point_id,151,4
explained,EXPLAINED_E1,point_id,152,4
explained,EXPLAINED_E1,point_id,153,4
explained,EXPLAINED_E1,point_id,154,4
explained,EXPLAINED_E1,point_id,155,4
explained,EXPLAINED_E1,point_id,156,4
explained,EXPLAINED_E1,point_id,157,4
explained,EXPLAINED_E1,point_id,158,4
explained,EXPLAINED_E1,point_id,159,4
explained,EXPLAINED_E1,point_id,160,4
explained,EXPLAINED_E1,point_id,161,4
explained,EXPLAINED_E1,point_id,162,4
explained,EXPLAINED_E1,point_id,163,4
explained,EXPLAINED_E1,point_id,164,4
explained,EXPLAINED_E1,point_id,165,4
explained,EXPLAINED_E1,point_id,166,4
explained,EXPLAINED_E1,point_id,167,4
explained,EXPLAINED_E1,point_id,168,4
explained,EXPLAINED_E1,point_id,169,4
explained,EXPLAINED_E1,point_id,170,4
explained,EXPLAINED_E1,point_id,171,5
explained,EXPLAINED_E1,point_id,172,4
explained,EXPLAINED_E1,point_id,173,5
explained,EXPLAINED_E1,point_id,174,4
explained,EXPLAINED_E1,point_id,175,5
explained,EXPLAINED_E1,point_id,176,4
explained,EXPLAINED_E1,point_id,177,4
explained,EXPLAINED_E1,point_id,178,4
explained,EXPLAINED_E1,point_id,179,4
explained,EXPLAINED_E1,point_id,180,4
explained,EXPLAINED_E1,point_id,181,5
explained,EXPLAINED_E1,point_id,182,4
explained,EXPLAINED_E1,point_id,183,4
explained,EXPLAINED_E1,point_id,184,4
explained,EXPLAINED_E1,point_id,185,4
explained,EXPLAINED_E1,point_id,186,4
explained,EXPLAINED_E1,point_id,187,4
explained,EXPLAINED_E1,point_id,188,4
explained,EXPLAINED_E1,point_id,189,4
explained,EXPLAINED_E1,point_id,190,4
explained,EXPLAINED_E1,point_id,191,4
explained,EXPLAINED_E1,point_id,192,4
explained,EXPLAINED_E1,point_id,193,4
explained,EXPLAINED_E1,point_id,194,4
explained,EXPLAINED_E1,point_id,195,4
explained,EXPLAINED_E1,point_id,196,4
explained,EXPLAINED_E1,point_id,197,4
explained,EXPLAINED_E1,point_id,198,4
explained,EXPLAINED_E1,point_id,199,4
explained,EXPLAINED_E1,point_id,200,4
explained,EXPLAINED_E1,point_id,201,4
explained,EXPLAINED_E1,point_id,202,4
explained,EXPLAINED_E1,point_id,203,4
explained,EXPLAINED_E1,point_id,204,4
explained,EXPLAINED_E1,point_id,205,4
explained,EXPLAINED_E1,point_id,206,4
explained,EXPLAINED_E1,point_id,207,4
explained,EXPLAINED_E1,point_id,208,4
explained,EXPLAINED_E1,point_id,209,4
explained,EXPLAINED_E1,point_id,210,4
explained,EXPLAINED_E1,point_id,211,4
explained,EXPLAINED_E1,point_id,212,4
explained,EXPLAINED_E1,point_id,213,4
explained,EXPLAINED_E1,point_id,214,4
explained,EXPLAINED_E1,point_id,215,4
explained,EXPLAINED_E1,point_id,216,4
explained,EXPLAINED_E1,point_id,217,4
explained,EXPLAINED_E1,point_id,218,4
explained,EXPLAINED_E1,point_id,219,4
explained,EXPLAINED_E1,point_id,220,4
explained,EXPLAINED_E1,point_id,221,4
explained,EXPLAINED_E1,point_id,222,4
explained,EXPLAINED_E1,point_id,223,4
explained,EXPLAINED_E1,point_id,224,4
explained,EXPLAINED_E1,point_id,225,4
explained,EXPLAINED_E1,point_id,226,4
explained,EXPLAINED_E1,point_id,227,4
explained,EXPLAINED_E1,point_id,228,4
explained,EXPLAINED_E1,point_id,229,4
explained,EXPLAINED_E1,point_id,230,4
explained,EXPLAINED_E1,point_id,231,4
explained,EXPLAINED_E1,point_id,232,4
explained,EXPLAINED_E1,point_id,233,4
explained,EXPLAINED_E1,point_id,234,4
explained,EXPLAINED_E1,point_id,235,4
explained,EXPLAINED_E1,point_id,236,4
explained,EXPLAINED_E1,point_id,237,4
explained,EXPLAINED_E1,point_id,238,4
explained,EXPLAINED_E1,point_id,239,4
explained,EXPLAINED_E1,point_id,240,4
explained,EXPLAINED_E1,point_id,241,4
explained,EXPLAINED_E1,point_id,242,4
explained,EXPLAINED_E1,point_id,243,4
explained,EXPLAINED_E1,point_id,244,4
explained,EXPLAINED_E1,point_id,245,4
explained,EXPLAINED_E1,point_id,246,4
explained,EXPLAINED_E1,month_x_year_x_vegetation_class_x_point_id,1|2022|Veg_Coniferous|004,1
explained,EXPLAINED_E1,month_x_year_x_vegetation_class_x_point_id,1|2022|Veg_Coniferous|005,1
explained,EXPLAINED_E1,month_x_year_x_vegetation_class_x_point_id,1|2022|Veg_Coniferous|011,1
explained,EXPLAINED_E1,month_x_year_x_vegetation_class_x_point_id,1|2022|Veg_Meadow_497|035,1
explained,EXPLAINED_E1,month_x_year_x_vegetation_class_x_point_id,1|2022|Veg_Meadow_497|037,1
explained,EXPLAINED_E1,month_x_year_x_vegetation_class_x_point_id,1|2022|Veg_Meadow_497|042,1
explained,EXPLAINED_E1,month_x_year_x_vegetation_class_x_point_id,1|2022|Veg_Meadow_497|066,1
explained,EXPLAINED_E1,month_x_year_x_vegetation_class_x_point_id,1|2022|Veg_Meadow_497|070,1
explained,EXPLAINED_E1,month_x_year_x_vegetation_class_x_point_id,1|2022|Veg_Meadow_497|093,1
explained,EXPLAINED_E1,month_x_year_x_vegetation_class_x_point_id,1|2022|Veg_Meadow_497|100,1
explained,EXPLAINED_E1,month_x_year_x_vegetation_class_x_point_id,1|2022|Veg_Meadow_497|115,1
explained,EXPLAINED_E1,month_x_year_x_vegetation_class_x_point_id,1|2022|Veg_Meadow_497|122,1
explained,EXPLAINED_E1,month_x_year_x_vegetation_class_x_point_id,1|2022|Veg_Meadow_497|138,1
explained,EXPLAINED_E1,month_x_year_x_vegetation_class_x_point_id,1|2022|Veg_Meadow_497|143,1
explained,EXPLAINED_E1,month_x_year_x_vegetation_class_x_point_id,1|2022|Veg_Meadow_497|144,1
explained,EXPLAINED_E1,month_x_year_x_vegetation_class_x_point_id,1|2022|Veg_Meadow_497|155,1
explained,EXPLAINED_E1,month_x_year_x_vegetation_class_x_point_id,1|2022|Veg_Meadow_499|171,1
explained,EXPLAINED_E1,month_x_year_x_vegetation_class_x_point_id,1|2022|Veg_Meadow_499|180,1
explained,EXPLAINED_E1,month_x_year_x_vegetation_class_x_point_id,1|2022|Veg_Meadow_499|184,1
explained,EXPLAINED_E1,month_x_year_x_vegetation_class_x_point_id,1|2022|Veg_Shrub|017,1
explained,EXPLAINED_E1,month_x_year_x_vegetation_class_x_point_id,1|2022|Veg_Shrub|020,1
explained,EXPLAINED_E1,month_x_year_x_vegetation_class_x_point_id,1|2022|Veg_Shrub|021,1
explained,EXPLAINED_E1,month_x_year_x_vegetation_class_x_point_id,1|2022|Veg_Sparse|220,1
explained,EXPLAINED_E1,month_x_year_x_vegetation_class_x_point_id,1|2022|Veg_Sparse|225,1
explained,EXPLAINED_E1,month_x_year_x_vegetation_class_x_point_id,1|2022|Veg_Sparse|227,1
explained,EXPLAINED_E1,month_x_year_x_vegetation_class_x_point_id,1|2022|Veg_Sparse|242,1
explained,EXPLAINED_E1,month_x_year_x_vegetation_class_x_point_id,1|2023|Veg_Meadow_497|059,1
explained,EXPLAINED_E1,month_x_year_x_vegetation_class_x_point_id,1|2023|Veg_Meadow_497|065,1
explained,EXPLAINED_E1,month_x_year_x_vegetation_class_x_point_id,1|2023|Veg_Meadow_497|072,1
explained,EXPLAINED_E1,month_x_year_x_vegetation_class_x_point_id,1|2023|Veg_Meadow_497|101,1
explained,EXPLAINED_E1,month_x_year_x_vegetation_class_x_point_id,1|2023|Veg_Meadow_497|124,1
explained,EXPLAINED_E1,month_x_year_x_vegetation_class_x_point_id,1|2023|Veg_Meadow_497|126,1
explained,EXPLAINED_E1,month_x_year_x_vegetation_class_x_point_id,1|2023|Veg_Meadow_497|129,1
explained,EXPLAINED_E1,month_x_year_x_vegetation_class_x_point_id,1|2023|Veg_Meadow_497|131,1
explained,EXPLAINED_E1,month_x_year_x_vegetation_class_x_point_id,1|2023|Veg_Meadow_497|148,1
explained,EXPLAINED_E1,month_x_year_x_vegetation_class_x_point_id,1|2023|Veg_Meadow_497|163,1
explained,EXPLAINED_E1,month_x_year_x_vegetation_class_x_point_id,1|2023|Veg_Meadow_499|179,1
explained,EXPLAINED_E1,month_x_year_x_vegetation_class_x_point_id,1|2023|Veg_Meadow_504|202,1
explained,EXPLAINED_E1,month_x_year_x_vegetation_class_x_point_id,1|2023|Veg_Meadow_504|211,1
explained,EXPLAINED_E1,month_x_year_x_vegetation_class_x_point_id,1|2023|Veg_Shrub|022,1
explained,EXPLAINED_E1,month_x_year_x_vegetation_class_x_point_id,1|2023|Veg_Sparse|217,1
explained,EXPLAINED_E1,month_x_year_x_vegetation_class_x_point_id,1|2024|Veg_Coniferous|001,1
explained,EXPLAINED_E1,month_x_year_x_vegetation_class_x_point_id,1|2024|Veg_Meadow_497|032,1
explained,EXPLAINED_E1,month_x_year_x_vegetation_class_x_point_id,1|2024|Veg_Meadow_497|036,1
explained,EXPLAINED_E1,month_x_year_x_vegetation_class_x_point_id,1|2024|Veg_Meadow_497|044,1
explained,EXPLAINED_E1,month_x_year_x_vegetation_class_x_point_id,1|2024|Veg_Meadow_497|045,1
explained,EXPLAINED_E1,month_x_year_x_vegetation_class_x_point_id,1|2024|Veg_Meadow_497|051,1
explained,EXPLAINED_E1,month_x_year_x_vegetation_class_x_point_id,1|2024|Veg_Meadow_497|057,1
explained,EXPLAINED_E1,month_x_year_x_vegetation_class_x_point_id,1|2024|Veg_Meadow_497|071,1
explained,EXPLAINED_E1,month_x_year_x_vegetation_class_x_point_id,1|2024|Veg_Meadow_497|073,1
explained,EXPLAINED_E1,month_x_year_x_vegetation_class_x_point_id,1|2024|Veg_Meadow_497|087,1
explained,EXPLAINED_E1,month_x_year_x_vegetation_class_x_point_id,1|2024|Veg_Meadow_497|109,1
explained,EXPLAINED_E1,month_x_year_x_vegetation_class_x_point_id,1|2024|Veg_Meadow_497|114,1
explained,EXPLAINED_E1,month_x_year_x_vegetation_class_x_point_id,1|2024|Veg_Meadow_497|132,1
explained,EXPLAINED_E1,month_x_year_x_vegetation_class_x_point_id,1|2024|Veg_Meadow_497|170,1
explained,EXPLAINED_E1,month_x_year_x_vegetation_class_x_point_id,1|2024|Veg_Meadow_504|186,1
explained,EXPLAINED_E1,month_x_year_x_vegetation_class_x_point_id,1|2024|Veg_Meadow_504|189,1
explained,EXPLAINED_E1,month_x_year_x_vegetation_class_x_point_id,1|2024|Veg_Meadow_504|191,1
explained,EXPLAINED_E1,month_x_year_x_vegetation_class_x_point_id,1|2024|Veg_Meadow_504|213,1
explained,EXPLAINED_E1,month_x_year_x_vegetation_class_x_point_id,1|2024|Veg_Shrub|026,1
explained,EXPLAINED_E1,month_x_year_x_vegetation_class_x_point_id,1|2024|Veg_Shrub|029,1
explained,EXPLAINED_E1,month_x_year_x_vegetation_class_x_point_id,1|2024|Veg_Sparse|216,1
explained,EXPLAINED_E1,month_x_year_x_vegetation_class_x_point_id,1|2024|Veg_Sparse|221,1
explained,EXPLAINED_E1,month_x_year_x_vegetation_class_x_point_id,1|2025|Veg_Coniferous|012,1
explained,EXPLAINED_E1,month_x_year_x_vegetation_class_x_point_id,1|2025|Veg_Meadow_497|074,1
explained,EXPLAINED_E1,month_x_year_x_vegetation_class_x_point_id,1|2025|Veg_Meadow_497|077,1
explained,EXPLAINED_E1,month_x_year_x_vegetation_class_x_point_id,1|2025|Veg_Meadow_497|082,1
explained,EXPLAINED_E1,month_x_year_x_vegetation_class_x_point_id,1|2025|Veg_Meadow_497|085,1
explained,EXPLAINED_E1,month_x_year_x_vegetation_class_x_point_id,1|2025|Veg_Meadow_497|090,1
explained,EXPLAINED_E1,month_x_year_x_vegetation_class_x_point_id,1|2025|Veg_Meadow_497|110,1
explained,EXPLAINED_E1,month_x_year_x_vegetation_class_x_point_id,1|2025|Veg_Meadow_497|127,1
explained,EXPLAINED_E1,month_x_year_x_vegetation_class_x_point_id,1|2025|Veg_Meadow_497|130,1
explained,EXPLAINED_E1,month_x_year_x_vegetation_class_x_point_id,1|2025|Veg_Meadow_497|141,1
explained,EXPLAINED_E1,month_x_year_x_vegetation_class_x_point_id,1|2025|Veg_Meadow_497|151,1
explained,EXPLAINED_E1,month_x_year_x_vegetation_class_x_point_id,1|2025|Veg_Meadow_497|164,1
explained,EXPLAINED_E1,month_x_year_x_vegetation_class_x_point_id,1|2025|Veg_Meadow_499|183,1
explained,EXPLAINED_E1,month_x_year_x_vegetation_class_x_point_id,1|2025|Veg_Meadow_504|195,1
explained,EXPLAINED_E1,month_x_year_x_vegetation_class_x_point_id,1|2025|Veg_Meadow_504|196,1
explained,EXPLAINED_E1,month_x_year_x_vegetation_class_x_point_id,1|2025|Veg_Meadow_504|206,1
explained,EXPLAINED_E1,month_x_year_x_vegetation_class_x_point_id,1|2025|Veg_Meadow_504|208,1
explained,EXPLAINED_E1,month_x_year_x_vegetation_class_x_point_id,1|2025|Veg_Sparse|231,1
explained,EXPLAINED_E1,month_x_year_x_vegetation_class_x_point_id,1|2025|Veg_Sparse|234,1
explained,EXPLAINED_E1,month_x_year_x_vegetation_class_x_point_id,1|2025|Veg_Sparse|238,1
explained,EXPLAINED_E1,month_x_year_x_vegetation_class_x_point_id,2|2022|Veg_Coniferous|010,1
explained,EXPLAINED_E1,month_x_year_x_vegetation_class_x_point_id,2|2022|Veg_Meadow_497|031,1
explained,EXPLAINED_E1,month_x_year_x_vegetation_class_x_point_id,2|2022|Veg_Meadow_497|040,1
explained,EXPLAINED_E1,month_x_year_x_vegetation_class_x_point_id,2|2022|Veg_Meadow_497|047,1
explained,EXPLAINED_E1,month_x_year_x_vegetation_class_x_point_id,2|2022|Veg_Meadow_497|051,1
explained,EXPLAINED_E1,month_x_year_x_vegetation_class_x_point_id,2|2022|Veg_Meadow_497|055,1
explained,EXPLAINED_E1,month_x_year_x_vegetation_class_x_point_id,2|2022|Veg_Meadow_497|061,1
explained,EXPLAINED_E1,month_x_year_x_vegetation_class_x_point_id,2|2022|Veg_Meadow_497|064,1
explained,EXPLAINED_E1,month_x_year_x_vegetation_class_x_point_id,2|2022|Veg_Meadow_497|073,1
explained,EXPLAINED_E1,month_x_year_x_vegetation_class_x_point_id,2|2022|Veg_Meadow_497|094,1
explained,EXPLAINED_E1,month_x_year_x_vegetation_class_x_point_id,2|2022|Veg_Meadow_497|099,1
explained,EXPLAINED_E1,month_x_year_x_vegetation_class_x_point_id,2|2022|Veg_Meadow_499|174,1
explained,EXPLAINED_E1,month_x_year_x_vegetation_class_x_point_id,2|2022|Veg_Meadow_504|196,1
explained,EXPLAINED_E1,month_x_year_x_vegetation_class_x_point_id,2|2022|Veg_Meadow_504|198,1
explained,EXPLAINED_E1,month_x_year_x_vegetation_class_x_point_id,2|2022|Veg_Meadow_504|202,1
explained,EXPLAINED_E1,month_x_year_x_vegetation_class_x_point_id,2|2022|Veg_Meadow_504|206,1
explained,EXPLAINED_E1,month_x_year_x_vegetation_class_x_point_id,2|2022|Veg_Shrub|016,1
explained,EXPLAINED_E1,month_x_year_x_vegetation_class_x_point_id,2|2022|Veg_Shrub|018,1
explained,EXPLAINED_E1,month_x_year_x_vegetation_class_x_point_id,2|2022|Veg_Sparse|236,1
explained,EXPLAINED_E1,month_x_year_x_vegetation_class_x_point_id,2|2023|Veg_Coniferous|004,1
explained,EXPLAINED_E1,month_x_year_x_vegetation_class_x_point_id,2|2023|Veg_Coniferous|013,1
explained,EXPLAINED_E1,month_x_year_x_vegetation_class_x_point_id,2|2023|Veg_Meadow_497|033,1
explained,EXPLAINED_E1,month_x_year_x_vegetation_class_x_point_id,2|2023|Veg_Meadow_497|057,1
explained,EXPLAINED_E1,month_x_year_x_vegetation_class_x_point_id,2|2023|Veg_Meadow_497|081,1
explained,EXPLAINED_E1,month_x_year_x_vegetation_class_x_point_id,2|2023|Veg_Meadow_497|105,1
explained,EXPLAINED_E1,month_x_year_x_vegetation_class_x_point_id,2|2023|Veg_Meadow_497|125,1
explained,EXPLAINED_E1,month_x_year_x_vegetation_class_x_point_id,2|2023|Veg_Meadow_497|142,1
explained,EXPLAINED_E1,month_x_year_x_vegetation_class_x_point_id,2|2023|Veg_Meadow_497|144,1
explained,EXPLAINED_E1,month_x_year_x_vegetation_class_x_point_id,2|2023|Veg_Meadow_497|168,1
explained,EXPLAINED_E1,month_x_year_x_vegetation_class_x_point_id,2|2023|Veg_Meadow_497|169,1
explained,EXPLAINED_E1,month_x_year_x_vegetation_class_x_point_id,2|2023|Veg_Meadow_499|175,1
explained,EXPLAINED_E1,month_x_year_x_vegetation_class_x_point_id,2|2023|Veg_Meadow_504|203,1
explained,EXPLAINED_E1,month_x_year_x_vegetation_class_x_point_id,2|2023|Veg_Shrub|024,1
explained,EXPLAINED_E1,month_x_year_x_vegetation_class_x_point_id,2|2023|Veg_Sparse|219,1
explained,EXPLAINED_E1,month_x_year_x_vegetation_class_x_point_id,2|2023|Veg_Sparse|221,1
explained,EXPLAINED_E1,month_x_year_x_vegetation_class_x_point_id,2|2023|Veg_Sparse|226,1
explained,EXPLAINED_E1,month_x_year_x_vegetation_class_x_point_id,2|2024|Veg_Coniferous|006,1
explained,EXPLAINED_E1,month_x_year_x_vegetation_class_x_point_id,2|2024|Veg_Coniferous|008,1
explained,EXPLAINED_E1,month_x_year_x_vegetation_class_x_point_id,2|2024|Veg_Meadow_497|041,1
explained,EXPLAINED_E1,month_x_year_x_vegetation_class_x_point_id,2|2024|Veg_Meadow_497|054,1
explained,EXPLAINED_E1,month_x_year_x_vegetation_class_x_point_id,2|2024|Veg_Meadow_497|080,1
explained,EXPLAINED_E1,month_x_year_x_vegetation_class_x_point_id,2|2024|Veg_Meadow_497|086,1
explained,EXPLAINED_E1,month_x_year_x_vegetation_class_x_point_id,2|2024|Veg_Meadow_497|091,1
explained,EXPLAINED_E1,month_x_year_x_vegetation_class_x_point_id,2|2024|Veg_Meadow_497|096,1
explained,EXPLAINED_E1,month_x_year_x_vegetation_class_x_point_id,2|2024|Veg_Meadow_497|108,1
explained,EXPLAINED_E1,month_x_year_x_vegetation_class_x_point_id,2|2024|Veg_Meadow_497|113,1
explained,EXPLAINED_E1,month_x_year_x_vegetation_class_x_point_id,2|2024|Veg_Meadow_497|121,1
explained,EXPLAINED_E1,month_x_year_x_vegetation_class_x_point_id,2|2024|Veg_Meadow_497|139,1
explained,EXPLAINED_E1,month_x_year_x_vegetation_class_x_point_id,2|2024|Veg_Meadow_497|157,1
explained,EXPLAINED_E1,month_x_year_x_vegetation_class_x_point_id,2|2024|Veg_Meadow_497|159,1
explained,EXPLAINED_E1,month_x_year_x_vegetation_class_x_point_id,2|2024|Veg_Meadow_499|172,1
explained,EXPLAINED_E1,month_x_year_x_vegetation_class_x_point_id,2|2024|Veg_Meadow_504|205,1
explained,EXPLAINED_E1,month_x_year_x_vegetation_class_x_point_id,2|2024|Veg_Meadow_504|211,1
explained,EXPLAINED_E1,month_x_year_x_vegetation_class_x_point_id,2|2024|Veg_Shrub|027,1
explained,EXPLAINED_E1,month_x_year_x_vegetation_class_x_point_id,2|2024|Veg_Sparse|218,1
explained,EXPLAINED_E1,month_x_year_x_vegetation_class_x_point_id,2|2024|Veg_Sparse|229,1
explained,EXPLAINED_E1,month_x_year_x_vegetation_class_x_point_id,2|2024|Veg_Sparse|233,1
explained,EXPLAINED_E1,month_x_year_x_vegetation_class_x_point_id,2|2024|Veg_Sparse|234,1
explained,EXPLAINED_E1,month_x_year_x_vegetation_class_x_point_id,2|2024|Veg_Sparse|245,1
explained,EXPLAINED_E1,month_x_year_x_vegetation_class_x_point_id,2|2025|Veg_Coniferous|002,1
explained,EXPLAINED_E1,month_x_year_x_vegetation_class_x_point_id,2|2025|Veg_Meadow_497|032,1
explained,EXPLAINED_E1,month_x_year_x_vegetation_class_x_point_id,2|2025|Veg_Meadow_497|043,1
explained,EXPLAINED_E1,month_x_year_x_vegetation_class_x_point_id,2|2025|Veg_Meadow_497|053,1
explained,EXPLAINED_E1,month_x_year_x_vegetation_class_x_point_id,2|2025|Veg_Meadow_497|058,1
explained,EXPLAINED_E1,month_x_year_x_vegetation_class_x_point_id,2|2025|Veg_Meadow_497|068,1
explained,EXPLAINED_E1,month_x_year_x_vegetation_class_x_point_id,2|2025|Veg_Meadow_497|078,1
explained,EXPLAINED_E1,month_x_year_x_vegetation_class_x_point_id,2|2025|Veg_Meadow_497|083,1
explained,EXPLAINED_E1,month_x_year_x_vegetation_class_x_point_id,2|2025|Veg_Meadow_497|092,1
explained,EXPLAINED_E1,month_x_year_x_vegetation_class_x_point_id,2|2025|Veg_Meadow_497|098,1
explained,EXPLAINED_E1,month_x_year_x_vegetation_class_x_point_id,2|2025|Veg_Meadow_497|112,1
explained,EXPLAINED_E1,month_x_year_x_vegetation_class_x_point_id,2|2025|Veg_Meadow_497|119,1
explained,EXPLAINED_E1,month_x_year_x_vegetation_class_x_point_id,2|2025|Veg_Meadow_497|131,1
explained,EXPLAINED_E1,month_x_year_x_vegetation_class_x_point_id,2|2025|Veg_Meadow_497|146,1
explained,EXPLAINED_E1,month_x_year_x_vegetation_class_x_point_id,2|2025|Veg_Meadow_497|156,1
explained,EXPLAINED_E1,month_x_year_x_vegetation_class_x_point_id,2|2025|Veg_Meadow_497|161,1
explained,EXPLAINED_E1,month_x_year_x_vegetation_class_x_point_id,2|2025|Veg_Meadow_497|165,1
explained,EXPLAINED_E1,month_x_year_x_vegetation_class_x_point_id,2|2025|Veg_Meadow_499|179,1
explained,EXPLAINED_E1,month_x_year_x_vegetation_class_x_point_id,2|2025|Veg_Meadow_499|182,1
explained,EXPLAINED_E1,month_x_year_x_vegetation_class_x_point_id,2|2025|Veg_Meadow_504|186,1
explained,EXPLAINED_E1,month_x_year_x_vegetation_class_x_point_id,2|2025|Veg_Meadow_504|193,1
explained,EXPLAINED_E1,month_x_year_x_vegetation_class_x_point_id,2|2025|Veg_Meadow_504|209,1
explained,EXPLAINED_E1,month_x_year_x_vegetation_class_x_point_id,2|2025|Veg_Shrub|017,1
explained,EXPLAINED_E1,month_x_year_x_vegetation_class_x_point_id,2|2025|Veg_Sparse|216,1
explained,EXPLAINED_E1,month_x_year_x_vegetation_class_x_point_id,2|2025|Veg_Sparse|246,1
explained,EXPLAINED_E1,month_x_year_x_vegetation_class_x_point_id,3|2022|Veg_Coniferous|000,1
explained,EXPLAINED_E1,month_x_year_x_vegetation_class_x_point_id,3|2022|Veg_Meadow_497|041,1
explained,EXPLAINED_E1,month_x_year_x_vegetation_class_x_point_id,3|2022|Veg_Meadow_497|060,1
explained,EXPLAINED_E1,month_x_year_x_vegetation_class_x_point_id,3|2022|Veg_Meadow_497|062,1
explained,EXPLAINED_E1,month_x_year_x_vegetation_class_x_point_id,3|2022|Veg_Meadow_497|067,1
explained,EXPLAINED_E1,month_x_year_x_vegetation_class_x_point_id,3|2022|Veg_Meadow_497|069,1
explained,EXPLAINED_E1,month_x_year_x_vegetation_class_x_point_id,3|2022|Veg_Meadow_497|101,1
explained,EXPLAINED_E1,month_x_year_x_vegetation_class_x_point_id,3|2022|Veg_Meadow_497|102,1
explained,EXPLAINED_E1,month_x_year_x_vegetation_class_x_point_id,3|2022|Veg_Meadow_497|119,1
explained,EXPLAINED_E1,month_x_year_x_vegetation_class_x_point_id,3|2022|Veg_Meadow_497|147,1
explained,EXPLAINED_E1,month_x_year_x_vegetation_class_x_point_id,3|2022|Veg_Meadow_497|160,1
explained,EXPLAINED_E1,month_x_year_x_vegetation_class_x_point_id,3|2022|Veg_Meadow_499|176,1
explained,EXPLAINED_E1,month_x_year_x_vegetation_class_x_point_id,3|2022|Veg_Meadow_504|199,1
explained,EXPLAINED_E1,month_x_year_x_vegetation_class_x_point_id,3|2022|Veg_Meadow_504|204,1
explained,EXPLAINED_E1,month_x_year_x_vegetation_class_x_point_id,3|2022|Veg_Meadow_504|207,1
explained,EXPLAINED_E1,month_x_year_x_vegetation_class_x_point_id,3|2022|Veg_Meadow_504|212,1
explained,EXPLAINED_E1,month_x_year_x_vegetation_class_x_point_id,3|2022|Veg_Shrub|024,1
explained,EXPLAINED_E1,month_x_year_x_vegetation_class_x_point_id,3|2022|Veg_Sparse|216,1
explained,EXPLAINED_E1,month_x_year_x_vegetation_class_x_point_id,3|2022|Veg_Sparse|217,1
explained,EXPLAINED_E1,month_x_year_x_vegetation_class_x_point_id,3|2022|Veg_Sparse|222,1
explained,EXPLAINED_E1,month_x_year_x_vegetation_class_x_point_id,3|2022|Veg_Sparse|223,1
explained,EXPLAINED_E1,month_x_year_x_vegetation_class_x_point_id,3|2022|Veg_Sparse|232,1
explained,EXPLAINED_E1,month_x_year_x_vegetation_class_x_point_id,3|2022|Veg_Sparse|235,1
explained,EXPLAINED_E1,month_x_year_x_vegetation_class_x_point_id,3|2022|Veg_Sparse|244,1
explained,EXPLAINED_E1,month_x_year_x_vegetation_class_x_point_id,3|2023|Veg_Coniferous|002,1
explained,EXPLAINED_E1,month_x_year_x_vegetation_class_x_point_id,3|2023|Veg_Meadow_497|054,1
explained,EXPLAINED_E1,month_x_year_x_vegetation_class_x_point_id,3|2023|Veg_Meadow_497|075,1
explained,EXPLAINED_E1,month_x_year_x_vegetation_class_x_point_id,3|2023|Veg_Meadow_497|076,1
explained,EXPLAINED_E1,month_x_year_x_vegetation_class_x_point_id,3|2023|Veg_Meadow_497|084,1
explained,EXPLAINED_E1,month_x_year_x_vegetation_class_x_point_id,3|2023|Veg_Meadow_497|086,1
explained,EXPLAINED_E1,month_x_year_x_vegetation_class_x_point_id,3|2023|Veg_Meadow_497|090,1
explained,EXPLAINED_E1,month_x_year_x_vegetation_class_x_point_id,3|2023|Veg_Meadow_497|098,1
explained,EXPLAINED_E1,month_x_year_x_vegetation_class_x_point_id,3|2023|Veg_Meadow_497|138,1
explained,EXPLAINED_E1,month_x_year_x_vegetation_class_x_point_id,3|2023|Veg_Meadow_497|150,1
explained,EXPLAINED_E1,month_x_year_x_vegetation_class_x_point_id,3|2023|Veg_Meadow_497|155,1
explained,EXPLAINED_E1,month_x_year_x_vegetation_class_x_point_id,3|2023|Veg_Meadow_497|162,1
explained,EXPLAINED_E1,month_x_year_x_vegetation_class_x_point_id,3|2023|Veg_Meadow_499|183,1
explained,EXPLAINED_E1,month_x_year_x_vegetation_class_x_point_id,3|2023|Veg_Meadow_499|184,1
explained,EXPLAINED_E1,month_x_year_x_vegetation_class_x_point_id,3|2023|Veg_Meadow_504|187,1
explained,EXPLAINED_E1,month_x_year_x_vegetation_class_x_point_id,3|2023|Veg_Meadow_504|210,1
explained,EXPLAINED_E1,month_x_year_x_vegetation_class_x_point_id,3|2023|Veg_Shrub|027,1
explained,EXPLAINED_E1,month_x_year_x_vegetation_class_x_point_id,3|2023|Veg_Shrub|028,1
explained,EXPLAINED_E1,month_x_year_x_vegetation_class_x_point_id,3|2023|Veg_Sparse|230,1
explained,EXPLAINED_E1,month_x_year_x_vegetation_class_x_point_id,3|2024|Veg_Coniferous|009,1
explained,EXPLAINED_E1,month_x_year_x_vegetation_class_x_point_id,3|2024|Veg_Coniferous|012,1
explained,EXPLAINED_E1,month_x_year_x_vegetation_class_x_point_id,3|2024|Veg_Meadow_497|034,1
explained,EXPLAINED_E1,month_x_year_x_vegetation_class_x_point_id,3|2024|Veg_Meadow_497|038,1
explained,EXPLAINED_E1,month_x_year_x_vegetation_class_x_point_id,3|2024|Veg_Meadow_497|046,1
explained,EXPLAINED_E1,month_x_year_x_vegetation_class_x_point_id,3|2024|Veg_Meadow_497|050,1
explained,EXPLAINED_E1,month_x_year_x_vegetation_class_x_point_id,3|2024|Veg_Meadow_497|077,1
explained,EXPLAINED_E1,month_x_year_x_vegetation_class_x_point_id,3|2024|Veg_Meadow_497|082,1
explained,EXPLAINED_E1,month_x_year_x_vegetation_class_x_point_id,3|2024|Veg_Meadow_497|105,1
explained,EXPLAINED_E1,month_x_year_x_vegetation_class_x_point_id,3|2024|Veg_Meadow_497|106,1
explained,EXPLAINED_E1,month_x_year_x_vegetation_class_x_point_id,3|2024|Veg_Meadow_497|125,1
explained,EXPLAINED_E1,month_x_year_x_vegetation_class_x_point_id,3|2024|Veg_Meadow_497|127,1
explained,EXPLAINED_E1,month_x_year_x_vegetation_class_x_point_id,3|2024|Veg_Meadow_497|152,1
explained,EXPLAINED_E1,month_x_year_x_vegetation_class_x_point_id,3|2024|Veg_Meadow_497|153,1
explained,EXPLAINED_E1,month_x_year_x_vegetation_class_x_point_id,3|2024|Veg_Meadow_497|161,1
explained,EXPLAINED_E1,month_x_year_x_vegetation_class_x_point_id,3|2024|Veg_Meadow_499|171,1
explained,EXPLAINED_E1,month_x_year_x_vegetation_class_x_point_id,3|2024|Veg_Meadow_504|200,1
explained,EXPLAINED_E1,month_x_year_x_vegetation_class_x_point_id,3|2024|Veg_Meadow_504|202,1
explained,EXPLAINED_E1,month_x_year_x_vegetation_class_x_point_id,3|2024|Veg_Shrub|020,1
explained,EXPLAINED_E1,month_x_year_x_vegetation_class_x_point_id,3|2024|Veg_Sparse|215,1
explained,EXPLAINED_E1,month_x_year_x_vegetation_class_x_point_id,3|2024|Veg_Sparse|228,1
explained,EXPLAINED_E1,month_x_year_x_vegetation_class_x_point_id,3|2025|Veg_Coniferous|011,1
explained,EXPLAINED_E1,month_x_year_x_vegetation_class_x_point_id,3|2025|Veg_Meadow_497|055,1
explained,EXPLAINED_E1,month_x_year_x_vegetation_class_x_point_id,3|2025|Veg_Meadow_497|091,1
explained,EXPLAINED_E1,month_x_year_x_vegetation_class_x_point_id,3|2025|Veg_Meadow_497|094,1
explained,EXPLAINED_E1,month_x_year_x_vegetation_class_x_point_id,3|2025|Veg_Meadow_497|104,1
explained,EXPLAINED_E1,month_x_year_x_vegetation_class_x_point_id,3|2025|Veg_Meadow_497|111,1
explained,EXPLAINED_E1,month_x_year_x_vegetation_class_x_point_id,3|2025|Veg_Meadow_497|113,1
explained,EXPLAINED_E1,month_x_year_x_vegetation_class_x_point_id,3|2025|Veg_Meadow_497|120,1
explained,EXPLAINED_E1,month_x_year_x_vegetation_class_x_point_id,3|2025|Veg_Meadow_497|133,1
explained,EXPLAINED_E1,month_x_year_x_vegetation_class_x_point_id,3|2025|Veg_Meadow_497|137,1
explained,EXPLAINED_E1,month_x_year_x_vegetation_class_x_point_id,3|2025|Veg_Meadow_497|140,1
explained,EXPLAINED_E1,month_x_year_x_vegetation_class_x_point_id,3|2025|Veg_Meadow_497|142,1
explained,EXPLAINED_E1,month_x_year_x_vegetation_class_x_point_id,3|2025|Veg_Meadow_497|149,1
explained,EXPLAINED_E1,month_x_year_x_vegetation_class_x_point_id,3|2025|Veg_Meadow_497|154,1
explained,EXPLAINED_E1,month_x_year_x_vegetation_class_x_point_id,3|2025|Veg_Meadow_499|177,1
explained,EXPLAINED_E1,month_x_year_x_vegetation_class_x_point_id,3|2025|Veg_Meadow_504|191,1
explained,EXPLAINED_E1,month_x_year_x_vegetation_class_x_point_id,3|2025|Veg_Shrub|018,1
explained,EXPLAINED_E1,month_x_year_x_vegetation_class_x_point_id,3|2025|Veg_Shrub|029,1
explained,EXPLAINED_E1,month_x_year_x_vegetation_class_x_point_id,3|2025|Veg_Sparse|225,1
explained,EXPLAINED_E1,month_x_year_x_vegetation_class_x_point_id,4|2022|Veg_Coniferous|001,1
explained,EXPLAINED_E1,month_x_year_x_vegetation_class_x_point_id,4|2022|Veg_Coniferous|007,1
explained,EXPLAINED_E1,month_x_year_x_vegetation_class_x_point_id,4|2022|Veg_Meadow_497|034,1
explained,EXPLAINED_E1,month_x_year_x_vegetation_class_x_point_id,4|2022|Veg_Meadow_497|046,1
explained,EXPLAINED_E1,month_x_year_x_vegetation_class_x_point_id,4|2022|Veg_Meadow_497|053,1
explained,EXPLAINED_E1,month_x_year_x_vegetation_class_x_point_id,4|2022|Veg_Meadow_497|058,1
explained,EXPLAINED_E1,month_x_year_x_vegetation_class_x_point_id,4|2022|Veg_Meadow_497|065,1
explained,EXPLAINED_E1,month_x_year_x_vegetation_class_x_point_id,4|2022|Veg_Meadow_497|080,1
explained,EXPLAINED_E1,month_x_year_x_vegetation_class_x_point_id,4|2022|Veg_Meadow_497|081,1
explained,EXPLAINED_E1,month_x_year_x_vegetation_class_x_point_id,4|2022|Veg_Meadow_497|082,1
explained,EXPLAINED_E1,month_x_year_x_vegetation_class_x_point_id,4|2022|Veg_Meadow_497|083,1
explained,EXPLAINED_E1,month_x_year_x_vegetation_class_x_point_id,4|2022|Veg_Meadow_497|132,1
explained,EXPLAINED_E1,month_x_year_x_vegetation_class_x_point_id,4|2022|Veg_Meadow_497|159,1
explained,EXPLAINED_E1,month_x_year_x_vegetation_class_x_point_id,4|2022|Veg_Meadow_499|178,1
explained,EXPLAINED_E1,month_x_year_x_vegetation_class_x_point_id,4|2022|Veg_Shrub|017,1
explained,EXPLAINED_E1,month_x_year_x_vegetation_class_x_point_id,4|2022|Veg_Shrub|025,1
explained,EXPLAINED_E1,month_x_year_x_vegetation_class_x_point_id,4|2022|Veg_Sparse|215,1
explained,EXPLAINED_E1,month_x_year_x_vegetation_class_x_point_id,4|2022|Veg_Sparse|226,1
explained,EXPLAINED_E1,month_x_year_x_vegetation_class_x_point_id,4|2022|Veg_Sparse|228,1
explained,EXPLAINED_E1,month_x_year_x_vegetation_class_x_point_id,4|2022|Veg_Sparse|230,1
explained,EXPLAINED_E1,month_x_year_x_vegetation_class_x_point_id,4|2023|Veg_Coniferous|013,1
explained,EXPLAINED_E1,month_x_year_x_vegetation_class_x_point_id,4|2023|Veg_Coniferous|014,1
explained,EXPLAINED_E1,month_x_year_x_vegetation_class_x_point_id,4|2023|Veg_Meadow_497|030,1
explained,EXPLAINED_E1,month_x_year_x_vegetation_class_x_point_id,4|2023|Veg_Meadow_497|040,1
explained,EXPLAINED_E1,month_x_year_x_vegetation_class_x_point_id,4|2023|Veg_Meadow_497|047,1
explained,EXPLAINED_E1,month_x_year_x_vegetation_class_x_point_id,4|2023|Veg_Meadow_497|061,1
explained,EXPLAINED_E1,month_x_year_x_vegetation_class_x_point_id,4|2023|Veg_Meadow_497|112,1
explained,EXPLAINED_E1,month_x_year_x_vegetation_class_x_point_id,4|2023|Veg_Meadow_497|133,1
explained,EXPLAINED_E1,month_x_year_x_vegetation_class_x_point_id,4|2023|Veg_Meadow_497|136,1
explained,EXPLAINED_E1,month_x_year_x_vegetation_class_x_point_id,4|2023|Veg_Meadow_497|147,1
explained,EXPLAINED_E1,month_x_year_x_vegetation_class_x_point_id,4|2023|Veg_Meadow_497|151,1
explained,EXPLAINED_E1,month_x_year_x_vegetation_class_x_point_id,4|2023|Veg_Meadow_497|156,1
explained,EXPLAINED_E1,month_x_year_x_vegetation_class_x_point_id,4|2023|Veg_Meadow_499|173,1
explained,EXPLAINED_E1,month_x_year_x_vegetation_class_x_point_id,4|2023|Veg_Meadow_504|190,1
explained,EXPLAINED_E1,month_x_year_x_vegetation_class_x_point_id,4|2023|Veg_Meadow_504|197,1
explained,EXPLAINED_E1,month_x_year_x_vegetation_class_x_point_id,4|2023|Veg_Meadow_504|205,1
explained,EXPLAINED_E1,month_x_year_x_vegetation_class_x_point_id,4|2023|Veg_Sparse|216,1
explained,EXPLAINED_E1,month_x_year_x_vegetation_class_x_point_id,4|2023|Veg_Sparse|220,1
explained,EXPLAINED_E1,month_x_year_x_vegetation_class_x_point_id,4|2024|Veg_Coniferous|005,1
explained,EXPLAINED_E1,month_x_year_x_vegetation_class_x_point_id,4|2024|Veg_Meadow_497|031,1
explained,EXPLAINED_E1,month_x_year_x_vegetation_class_x_point_id,4|2024|Veg_Meadow_497|049,1
explained,EXPLAINED_E1,month_x_year_x_vegetation_class_x_point_id,4|2024|Veg_Meadow_497|052,1
explained,EXPLAINED_E1,month_x_year_x_vegetation_class_x_point_id,4|2024|Veg_Meadow_497|060,1
explained,EXPLAINED_E1,month_x_year_x_vegetation_class_x_point_id,4|2024|Veg_Meadow_497|062,1
explained,EXPLAINED_E1,month_x_year_x_vegetation_class_x_point_id,4|2024|Veg_Meadow_497|063,1
explained,EXPLAINED_E1,month_x_year_x_vegetation_class_x_point_id,4|2024|Veg_Meadow_497|074,1
explained,EXPLAINED_E1,month_x_year_x_vegetation_class_x_point_id,4|2024|Veg_Meadow_497|079,1
explained,EXPLAINED_E1,month_x_year_x_vegetation_class_x_point_id,4|2024|Veg_Meadow_497|084,1
explained,EXPLAINED_E1,month_x_year_x_vegetation_class_x_point_id,4|2024|Veg_Meadow_497|092,1
explained,EXPLAINED_E1,month_x_year_x_vegetation_class_x_point_id,4|2024|Veg_Meadow_497|097,1
explained,EXPLAINED_E1,month_x_year_x_vegetation_class_x_point_id,4|2024|Veg_Meadow_497|103,1
explained,EXPLAINED_E1,month_x_year_x_vegetation_class_x_point_id,4|2024|Veg_Meadow_497|107,1
explained,EXPLAINED_E1,month_x_year_x_vegetation_class_x_point_id,4|2024|Veg_Meadow_497|118,1
explained,EXPLAINED_E1,month_x_year_x_vegetation_class_x_point_id,4|2024|Veg_Meadow_497|123,1
explained,EXPLAINED_E1,month_x_year_x_vegetation_class_x_point_id,4|2024|Veg_Meadow_497|129,1
explained,EXPLAINED_E1,month_x_year_x_vegetation_class_x_point_id,4|2024|Veg_Meadow_497|167,1
explained,EXPLAINED_E1,month_x_year_x_vegetation_class_x_point_id,4|2024|Veg_Meadow_499|180,1
explained,EXPLAINED_E1,month_x_year_x_vegetation_class_x_point_id,4|2024|Veg_Meadow_499|181,1
explained,EXPLAINED_E1,month_x_year_x_vegetation_class_x_point_id,4|2024|Veg_Meadow_504|188,1
explained,EXPLAINED_E1,month_x_year_x_vegetation_class_x_point_id,4|2024|Veg_Meadow_504|193,1
explained,EXPLAINED_E1,month_x_year_x_vegetation_class_x_point_id,4|2024|Veg_Meadow_504|212,1
explained,EXPLAINED_E1,month_x_year_x_vegetation_class_x_point_id,4|2024|Veg_Shrub|020,1
explained,EXPLAINED_E1,month_x_year_x_vegetation_class_x_point_id,4|2024|Veg_Sparse|219,1
explained,EXPLAINED_E1,month_x_year_x_vegetation_class_x_point_id,4|2024|Veg_Sparse|225,1
explained,EXPLAINED_E1,month_x_year_x_vegetation_class_x_point_id,4|2024|Veg_Sparse|235,1
explained,EXPLAINED_E1,month_x_year_x_vegetation_class_x_point_id,4|2024|Veg_Sparse|246,1
explained,EXPLAINED_E1,month_x_year_x_vegetation_class_x_point_id,4|2025|Veg_Coniferous|006,1
explained,EXPLAINED_E1,month_x_year_x_vegetation_class_x_point_id,4|2025|Veg_Meadow_497|066,1
explained,EXPLAINED_E1,month_x_year_x_vegetation_class_x_point_id,4|2025|Veg_Meadow_497|069,1
explained,EXPLAINED_E1,month_x_year_x_vegetation_class_x_point_id,4|2025|Veg_Meadow_497|086,1
explained,EXPLAINED_E1,month_x_year_x_vegetation_class_x_point_id,4|2025|Veg_Meadow_497|087,1
explained,EXPLAINED_E1,month_x_year_x_vegetation_class_x_point_id,4|2025|Veg_Meadow_497|093,1
explained,EXPLAINED_E1,month_x_year_x_vegetation_class_x_point_id,4|2025|Veg_Meadow_497|109,1
explained,EXPLAINED_E1,month_x_year_x_vegetation_class_x_point_id,4|2025|Veg_Meadow_497|116,1
explained,EXPLAINED_E1,month_x_year_x_vegetation_class_x_point_id,4|2025|Veg_Meadow_497|150,1
explained,EXPLAINED_E1,month_x_year_x_vegetation_class_x_point_id,4|2025|Veg_Meadow_497|169,1
explained,EXPLAINED_E1,month_x_year_x_vegetation_class_x_point_id,4|2025|Veg_Meadow_499|176,1
explained,EXPLAINED_E1,month_x_year_x_vegetation_class_x_point_id,4|2025|Veg_Meadow_504|189,1
explained,EXPLAINED_E1,month_x_year_x_vegetation_class_x_point_id,4|2025|Veg_Meadow_504|194,1
explained,EXPLAINED_E1,month_x_year_x_vegetation_class_x_point_id,4|2025|Veg_Meadow_504|198,1
explained,EXPLAINED_E1,month_x_year_x_vegetation_class_x_point_id,4|2025|Veg_Meadow_504|213,1
explained,EXPLAINED_E1,month_x_year_x_vegetation_class_x_point_id,4|2025|Veg_Shrub|019,1
explained,EXPLAINED_E1,month_x_year_x_vegetation_class_x_point_id,4|2025|Veg_Shrub|022,1
explained,EXPLAINED_E1,month_x_year_x_vegetation_class_x_point_id,4|2025|Veg_Sparse|245,1
explained,EXPLAINED_E1,month_x_year_x_vegetation_class_x_point_id,5|2022|Veg_Coniferous|003,1
explained,EXPLAINED_E1,month_x_year_x_vegetation_class_x_point_id,5|2022|Veg_Coniferous|012,1
explained,EXPLAINED_E1,month_x_year_x_vegetation_class_x_point_id,5|2022|Veg_Meadow_497|036,1
explained,EXPLAINED_E1,month_x_year_x_vegetation_class_x_point_id,5|2022|Veg_Meadow_497|072,1
explained,EXPLAINED_E1,month_x_year_x_vegetation_class_x_point_id,5|2022|Veg_Meadow_497|074,1
explained,EXPLAINED_E1,month_x_year_x_vegetation_class_x_point_id,5|2022|Veg_Meadow_497|075,1
explained,EXPLAINED_E1,month_x_year_x_vegetation_class_x_point_id,5|2022|Veg_Meadow_497|076,1
explained,EXPLAINED_E1,month_x_year_x_vegetation_class_x_point_id,5|2022|Veg_Meadow_497|089,1
explained,EXPLAINED_E1,month_x_year_x_vegetation_class_x_point_id,5|2022|Veg_Meadow_497|110,1
explained,EXPLAINED_E1,month_x_year_x_vegetation_class_x_point_id,5|2022|Veg_Meadow_497|116,1
explained,EXPLAINED_E1,month_x_year_x_vegetation_class_x_point_id,5|2022|Veg_Meadow_497|133,1
explained,EXPLAINED_E1,month_x_year_x_vegetation_class_x_point_id,5|2022|Veg_Meadow_497|134,1
explained,EXPLAINED_E1,month_x_year_x_vegetation_class_x_point_id,5|2022|Veg_Meadow_497|149,1
explained,EXPLAINED_E1,month_x_year_x_vegetation_class_x_point_id,5|2022|Veg_Meadow_497|151,1
explained,EXPLAINED_E1,month_x_year_x_vegetation_class_x_point_id,5|2022|Veg_Meadow_504|188,1
explained,EXPLAINED_E1,month_x_year_x_vegetation_class_x_point_id,5|2022|Veg_Meadow_504|192,1
explained,EXPLAINED_E1,month_x_year_x_vegetation_class_x_point_id,5|2022|Veg_Meadow_504|203,1
explained,EXPLAINED_E1,month_x_year_x_vegetation_class_x_point_id,5|2022|Veg_Meadow_504|211,1
explained,EXPLAINED_E1,month_x_year_x_vegetation_class_x_point_id,5|2022|Veg_Sparse|234,1
explained,EXPLAINED_E1,month_x_year_x_vegetation_class_x_point_id,5|2022|Veg_Sparse|240,1
explained,EXPLAINED_E1,month_x_year_x_vegetation_class_x_point_id,5|2022|Veg_Sparse|246,1
explained,EXPLAINED_E1,month_x_year_x_vegetation_class_x_point_id,5|2023|Veg_Coniferous|009,1
explained,EXPLAINED_E1,month_x_year_x_vegetation_class_x_point_id,5|2023|Veg_Meadow_497|041,1
explained,EXPLAINED_E1,month_x_year_x_vegetation_class_x_point_id,5|2023|Veg_Meadow_497|042,1
explained,EXPLAINED_E1,month_x_year_x_vegetation_class_x_point_id,5|2023|Veg_Meadow_497|048,1
explained,EXPLAINED_E1,month_x_year_x_vegetation_class_x_point_id,5|2023|Veg_Meadow_497|051,1
explained,EXPLAINED_E1,month_x_year_x_vegetation_class_x_point_id,5|2023|Veg_Meadow_497|052,1
explained,EXPLAINED_E1,month_x_year_x_vegetation_class_x_point_id,5|2023|Veg_Meadow_497|053,1
explained,EXPLAINED_E1,month_x_year_x_vegetation_class_x_point_id,5|2023|Veg_Meadow_497|078,1
explained,EXPLAINED_E1,month_x_year_x_vegetation_class_x_point_id,5|2023|Veg_Meadow_497|093,1
explained,EXPLAINED_E1,month_x_year_x_vegetation_class_x_point_id,5|2023|Veg_Meadow_497|117,1
explained,EXPLAINED_E1,month_x_year_x_vegetation_class_x_point_id,5|2023|Veg_Meadow_497|118,1
explained,EXPLAINED_E1,month_x_year_x_vegetation_class_x_point_id,5|2023|Veg_Meadow_497|135,1
explained,EXPLAINED_E1,month_x_year_x_vegetation_class_x_point_id,5|2023|Veg_Meadow_497|146,1
explained,EXPLAINED_E1,month_x_year_x_vegetation_class_x_point_id,5|2023|Veg_Meadow_497|152,1
explained,EXPLAINED_E1,month_x_year_x_vegetation_class_x_point_id,5|2023|Veg_Meadow_497|153,1
explained,EXPLAINED_E1,month_x_year_x_vegetation_class_x_point_id,5|2023|Veg_Meadow_497|159,1
explained,EXPLAINED_E1,month_x_year_x_vegetation_class_x_point_id,5|2023|Veg_Meadow_497|165,1
explained,EXPLAINED_E1,month_x_year_x_vegetation_class_x_point_id,5|2023|Veg_Meadow_499|171,1
explained,EXPLAINED_E1,month_x_year_x_vegetation_class_x_point_id,5|2023|Veg_Meadow_499|178,1
explained,EXPLAINED_E1,month_x_year_x_vegetation_class_x_point_id,5|2023|Veg_Meadow_499|180,1
explained,EXPLAINED_E1,month_x_year_x_vegetation_class_x_point_id,5|2023|Veg_Meadow_504|194,1
explained,EXPLAINED_E1,month_x_year_x_vegetation_class_x_point_id,5|2023|Veg_Meadow_504|195,1
explained,EXPLAINED_E1,month_x_year_x_vegetation_class_x_point_id,5|2023|Veg_Meadow_504|209,1
explained,EXPLAINED_E1,month_x_year_x_vegetation_class_x_point_id,5|2023|Veg_Meadow_504|214,1
explained,EXPLAINED_E1,month_x_year_x_vegetation_class_x_point_id,5|2023|Veg_Shrub|026,1
explained,EXPLAINED_E1,month_x_year_x_vegetation_class_x_point_id,5|2023|Veg_Sparse|223,1
explained,EXPLAINED_E1,month_x_year_x_vegetation_class_x_point_id,5|2023|Veg_Sparse|231,1
explained,EXPLAINED_E1,month_x_year_x_vegetation_class_x_point_id,5|2023|Veg_Sparse|242,1
explained,EXPLAINED_E1,month_x_year_x_vegetation_class_x_point_id,5|2023|Veg_Sparse|244,1
explained,EXPLAINED_E1,month_x_year_x_vegetation_class_x_point_id,5|2024|Veg_Coniferous|007,1
explained,EXPLAINED_E1,month_x_year_x_vegetation_class_x_point_id,5|2024|Veg_Meadow_497|047,1
explained,EXPLAINED_E1,month_x_year_x_vegetation_class_x_point_id,5|2024|Veg_Meadow_497|056,1
explained,EXPLAINED_E1,month_x_year_x_vegetation_class_x_point_id,5|2024|Veg_Meadow_497|070,1
explained,EXPLAINED_E1,month_x_year_x_vegetation_class_x_point_id,5|2024|Veg_Meadow_497|090,1
explained,EXPLAINED_E1,month_x_year_x_vegetation_class_x_point_id,5|2024|Veg_Meadow_497|094,1
explained,EXPLAINED_E1,month_x_year_x_vegetation_class_x_point_id,5|2024|Veg_Meadow_497|095,1
explained,EXPLAINED_E1,month_x_year_x_vegetation_class_x_point_id,5|2024|Veg_Meadow_497|122,1
explained,EXPLAINED_E1,month_x_year_x_vegetation_class_x_point_id,5|2024|Veg_Meadow_497|145,1
explained,EXPLAINED_E1,month_x_year_x_vegetation_class_x_point_id,5|2024|Veg_Meadow_497|164,1
explained,EXPLAINED_E1,month_x_year_x_vegetation_class_x_point_id,5|2024|Veg_Meadow_499|173,1
explained,EXPLAINED_E1,month_x_year_x_vegetation_class_x_point_id,5|2024|Veg_Meadow_499|179,1
explained,EXPLAINED_E1,month_x_year_x_vegetation_class_x_point_id,5|2024|Veg_Meadow_499|184,1
explained,EXPLAINED_E1,month_x_year_x_vegetation_class_x_point_id,5|2024|Veg_Meadow_504|206,1
explained,EXPLAINED_E1,month_x_year_x_vegetation_class_x_point_id,5|2024|Veg_Shrub|017,1
explained,EXPLAINED_E1,month_x_year_x_vegetation_class_x_point_id,5|2024|Veg_Sparse|243,1
explained,EXPLAINED_E1,month_x_year_x_vegetation_class_x_point_id,5|2025|Veg_Coniferous|000,1
explained,EXPLAINED_E1,month_x_year_x_vegetation_class_x_point_id,5|2025|Veg_Meadow_497|030,1
explained,EXPLAINED_E1,month_x_year_x_vegetation_class_x_point_id,5|2025|Veg_Meadow_497|035,1
explained,EXPLAINED_E1,month_x_year_x_vegetation_class_x_point_id,5|2025|Veg_Meadow_497|044,1
explained,EXPLAINED_E1,month_x_year_x_vegetation_class_x_point_id,5|2025|Veg_Meadow_497|081,1
explained,EXPLAINED_E1,month_x_year_x_vegetation_class_x_point_id,5|2025|Veg_Meadow_497|097,1
explained,EXPLAINED_E1,month_x_year_x_vegetation_class_x_point_id,5|2025|Veg_Meadow_497|103,1
explained,EXPLAINED_E1,month_x_year_x_vegetation_class_x_point_id,5|2025|Veg_Meadow_497|115,1
explained,EXPLAINED_E1,month_x_year_x_vegetation_class_x_point_id,5|2025|Veg_Meadow_497|121,1
explained,EXPLAINED_E1,month_x_year_x_vegetation_class_x_point_id,5|2025|Veg_Meadow_497|124,1
explained,EXPLAINED_E1,month_x_year_x_vegetation_class_x_point_id,5|2025|Veg_Meadow_497|136,1
explained,EXPLAINED_E1,month_x_year_x_vegetation_class_x_point_id,5|2025|Veg_Meadow_504|210,1
explained,EXPLAINED_E1,month_x_year_x_vegetation_class_x_point_id,5|2025|Veg_Shrub|015,1
explained,EXPLAINED_E1,month_x_year_x_vegetation_class_x_point_id,5|2025|Veg_Shrub|016,1
explained,EXPLAINED_E1,month_x_year_x_vegetation_class_x_point_id,5|2025|Veg_Shrub|024,1
explained,EXPLAINED_E1,month_x_year_x_vegetation_class_x_point_id,5|2025|Veg_Sparse|227,1
explained,EXPLAINED_E1,month_x_year_x_vegetation_class_x_point_id,5|2025|Veg_Sparse|239,1
explained,EXPLAINED_E1,month_x_year_x_vegetation_class_x_point_id,5|2025|Veg_Sparse|241,1
explained,EXPLAINED_E1,month_x_year_x_vegetation_class_x_point_id,6|2022|Veg_Meadow_497|033,1
explained,EXPLAINED_E1,month_x_year_x_vegetation_class_x_point_id,6|2022|Veg_Meadow_497|039,1
explained,EXPLAINED_E1,month_x_year_x_vegetation_class_x_point_id,6|2022|Veg_Meadow_497|059,1
explained,EXPLAINED_E1,month_x_year_x_vegetation_class_x_point_id,6|2022|Veg_Meadow_497|078,1
explained,EXPLAINED_E1,month_x_year_x_vegetation_class_x_point_id,6|2022|Veg_Meadow_497|079,1
explained,EXPLAINED_E1,month_x_year_x_vegetation_class_x_point_id,6|2022|Veg_Meadow_497|106,1
explained,EXPLAINED_E1,month_x_year_x_vegetation_class_x_point_id,6|2022|Veg_Meadow_497|111,1
explained,EXPLAINED_E1,month_x_year_x_vegetation_class_x_point_id,6|2022|Veg_Meadow_497|118,1
explained,EXPLAINED_E1,month_x_year_x_vegetation_class_x_point_id,6|2022|Veg_Meadow_497|129,1
explained,EXPLAINED_E1,month_x_year_x_vegetation_class_x_point_id,6|2022|Veg_Meadow_497|130,1
explained,EXPLAINED_E1,month_x_year_x_vegetation_class_x_point_id,6|2022|Veg_Meadow_497|146,1
explained,EXPLAINED_E1,month_x_year_x_vegetation_class_x_point_id,6|2022|Veg_Meadow_497|157,1
explained,EXPLAINED_E1,month_x_year_x_vegetation_class_x_point_id,6|2022|Veg_Meadow_497|158,1
explained,EXPLAINED_E1,month_x_year_x_vegetation_class_x_point_id,6|2022|Veg_Meadow_497|163,1
explained,EXPLAINED_E1,month_x_year_x_vegetation_class_x_point_id,6|2022|Veg_Meadow_499|172,1
explained,EXPLAINED_E1,month_x_year_x_vegetation_class_x_point_id,6|2022|Veg_Meadow_499|185,1
explained,EXPLAINED_E1,month_x_year_x_vegetation_class_x_point_id,6|2022|Veg_Meadow_504|209,1
explained,EXPLAINED_E1,month_x_year_x_vegetation_class_x_point_id,6|2022|Veg_Sparse|241,1
explained,EXPLAINED_E1,month_x_year_x_vegetation_class_x_point_id,6|2023|Veg_Coniferous|004,1
explained,EXPLAINED_E1,month_x_year_x_vegetation_class_x_point_id,6|2023|Veg_Coniferous|008,1
explained,EXPLAINED_E1,month_x_year_x_vegetation_class_x_point_id,6|2023|Veg_Meadow_497|032,1
explained,EXPLAINED_E1,month_x_year_x_vegetation_class_x_point_id,6|2023|Veg_Meadow_497|043,1
explained,EXPLAINED_E1,month_x_year_x_vegetation_class_x_point_id,6|2023|Veg_Meadow_497|049,1
explained,EXPLAINED_E1,month_x_year_x_vegetation_class_x_point_id,6|2023|Veg_Meadow_497|058,1
explained,EXPLAINED_E1,month_x_year_x_vegetation_class_x_point_id,6|2023|Veg_Meadow_497|064,1
explained,EXPLAINED_E1,month_x_year_x_vegetation_class_x_point_id,6|2023|Veg_Meadow_497|074,1
explained,EXPLAINED_E1,month_x_year_x_vegetation_class_x_point_id,6|2023|Veg_Meadow_497|088,1
explained,EXPLAINED_E1,month_x_year_x_vegetation_class_x_point_id,6|2023|Veg_Meadow_497|108,1
explained,EXPLAINED_E1,month_x_year_x_vegetation_class_x_point_id,6|2023|Veg_Meadow_497|110,1
explained,EXPLAINED_E1,month_x_year_x_vegetation_class_x_point_id,6|2023|Veg_Meadow_497|120,1
explained,EXPLAINED_E1,month_x_year_x_vegetation_class_x_point_id,6|2023|Veg_Meadow_497|164,1
explained,EXPLAINED_E1,month_x_year_x_vegetation_class_x_point_id,6|2023|Veg_Meadow_499|177,1
explained,EXPLAINED_E1,month_x_year_x_vegetation_class_x_point_id,6|2023|Veg_Meadow_504|189,1
explained,EXPLAINED_E1,month_x_year_x_vegetation_class_x_point_id,6|2023|Veg_Meadow_504|191,1
explained,EXPLAINED_E1,month_x_year_x_vegetation_class_x_point_id,6|2023|Veg_Meadow_504|201,1
explained,EXPLAINED_E1,month_x_year_x_vegetation_class_x_point_id,6|2023|Veg_Meadow_504|206,1
explained,EXPLAINED_E1,month_x_year_x_vegetation_class_x_point_id,6|2023|Veg_Shrub|019,1
explained,EXPLAINED_E1,month_x_year_x_vegetation_class_x_point_id,6|2023|Veg_Shrub|021,1
explained,EXPLAINED_E1,month_x_year_x_vegetation_class_x_point_id,6|2023|Veg_Sparse|235,1
explained,EXPLAINED_E1,month_x_year_x_vegetation_class_x_point_id,6|2023|Veg_Sparse|238,1
explained,EXPLAINED_E1,month_x_year_x_vegetation_class_x_point_id,6|2023|Veg_Sparse|243,1
explained,EXPLAINED_E1,month_x_year_x_vegetation_class_x_point_id,6|2023|Veg_Sparse|245,1
explained,EXPLAINED_E1,month_x_year_x_vegetation_class_x_point_id,6|2024|Veg_Coniferous|003,1
explained,EXPLAINED_E1,month_x_year_x_vegetation_class_x_point_id,6|2024|Veg_Meadow_497|030,1
explained,EXPLAINED_E1,month_x_year_x_vegetation_class_x_point_id,6|2024|Veg_Meadow_497|076,1
explained,EXPLAINED_E1,month_x_year_x_vegetation_class_x_point_id,6|2024|Veg_Meadow_497|083,1
explained,EXPLAINED_E1,month_x_year_x_vegetation_class_x_point_id,6|2024|Veg_Meadow_497|133,1
explained,EXPLAINED_E1,month_x_year_x_vegetation_class_x_point_id,6|2024|Veg_Meadow_497|134,1
explained,EXPLAINED_E1,month_x_year_x_vegetation_class_x_point_id,6|2024|Veg_Meadow_497|136,1
explained,EXPLAINED_E1,month_x_year_x_vegetation_class_x_point_id,6|2024|Veg_Meadow_497|137,1
explained,EXPLAINED_E1,month_x_year_x_vegetation_class_x_point_id,6|2024|Veg_Meadow_497|140,1
explained,EXPLAINED_E1,month_x_year_x_vegetation_class_x_point_id,6|2024|Veg_Meadow_497|143,1
explained,EXPLAINED_E1,month_x_year_x_vegetation_class_x_point_id,6|2024|Veg_Meadow_497|148,1
explained,EXPLAINED_E1,month_x_year_x_vegetation_class_x_point_id,6|2024|Veg_Meadow_497|165,1
explained,EXPLAINED_E1,month_x_year_x_vegetation_class_x_point_id,6|2024|Veg_Meadow_499|182,1
explained,EXPLAINED_E1,month_x_year_x_vegetation_class_x_point_id,6|2024|Veg_Meadow_504|190,1
explained,EXPLAINED_E1,month_x_year_x_vegetation_class_x_point_id,6|2024|Veg_Meadow_504|210,1
explained,EXPLAINED_E1,month_x_year_x_vegetation_class_x_point_id,6|2024|Veg_Shrub|022,1
explained,EXPLAINED_E1,month_x_year_x_vegetation_class_x_point_id,6|2024|Veg_Shrub|023,1
explained,EXPLAINED_E1,month_x_year_x_vegetation_class_x_point_id,6|2024|Veg_Sparse|224,1
explained,EXPLAINED_E1,month_x_year_x_vegetation_class_x_point_id,6|2024|Veg_Sparse|237,1
explained,EXPLAINED_E1,month_x_year_x_vegetation_class_x_point_id,6|2025|Veg_Coniferous|001,1
explained,EXPLAINED_E1,month_x_year_x_vegetation_class_x_point_id,6|2025|Veg_Coniferous|010,1
explained,EXPLAINED_E1,month_x_year_x_vegetation_class_x_point_id,6|2025|Veg_Meadow_497|031,1
explained,EXPLAINED_E1,month_x_year_x_vegetation_class_x_point_id,6|2025|Veg_Meadow_497|040,1
explained,EXPLAINED_E1,month_x_year_x_vegetation_class_x_point_id,6|2025|Veg_Meadow_497|067,1
explained,EXPLAINED_E1,month_x_year_x_vegetation_class_x_point_id,6|2025|Veg_Meadow_497|084,1
explained,EXPLAINED_E1,month_x_year_x_vegetation_class_x_point_id,6|2025|Veg_Meadow_497|089,1
explained,EXPLAINED_E1,month_x_year_x_vegetation_class_x_point_id,6|2025|Veg_Meadow_497|099,1
explained,EXPLAINED_E1,month_x_year_x_vegetation_class_x_point_id,6|2025|Veg_Meadow_497|102,1
explained,EXPLAINED_E1,month_x_year_x_vegetation_class_x_point_id,6|2025|Veg_Meadow_497|123,1
explained,EXPLAINED_E1,month_x_year_x_vegetation_class_x_point_id,6|2025|Veg_Meadow_497|126,1
explained,EXPLAINED_E1,month_x_year_x_vegetation_class_x_point_id,6|2025|Veg_Meadow_497|128,1
explained,EXPLAINED_E1,month_x_year_x_vegetation_class_x_point_id,6|2025|Veg_Meadow_497|139,1
explained,EXPLAINED_E1,month_x_year_x_vegetation_class_x_point_id,6|2025|Veg_Meadow_499|175,1
explained,EXPLAINED_E1,month_x_year_x_vegetation_class_x_point_id,6|2025|Veg_Meadow_499|181,1
explained,EXPLAINED_E1,month_x_year_x_vegetation_class_x_point_id,6|2025|Veg_Meadow_504|187,1
explained,EXPLAINED_E1,month_x_year_x_vegetation_class_x_point_id,6|2025|Veg_Meadow_504|212,1
explained,EXPLAINED_E1,month_x_year_x_vegetation_class_x_point_id,6|2025|Veg_Shrub|025,1
explained,EXPLAINED_E1,month_x_year_x_vegetation_class_x_point_id,6|2025|Veg_Sparse|217,1
explained,EXPLAINED_E1,month_x_year_x_vegetation_class_x_point_id,6|2025|Veg_Sparse|229,1
explained,EXPLAINED_E1,month_x_year_x_vegetation_class_x_point_id,6|2025|Veg_Sparse|232,1
explained,EXPLAINED_E1,month_x_year_x_vegetation_class_x_point_id,6|2025|Veg_Sparse|242,1
explained,EXPLAINED_E1,month_x_year_x_vegetation_class_x_point_id,7|2022|Veg_Meadow_497|088,1
explained,EXPLAINED_E1,month_x_year_x_vegetation_class_x_point_id,7|2022|Veg_Meadow_497|097,1
explained,EXPLAINED_E1,month_x_year_x_vegetation_class_x_point_id,7|2022|Veg_Meadow_497|109,1
explained,EXPLAINED_E1,month_x_year_x_vegetation_class_x_point_id,7|2022|Veg_Meadow_497|135,1
explained,EXPLAINED_E1,month_x_year_x_vegetation_class_x_point_id,7|2022|Veg_Meadow_497|139,1
explained,EXPLAINED_E1,month_x_year_x_vegetation_class_x_point_id,7|2022|Veg_Meadow_497|141,1
explained,EXPLAINED_E1,month_x_year_x_vegetation_class_x_point_id,7|2022|Veg_Meadow_497|156,1
explained,EXPLAINED_E1,month_x_year_x_vegetation_class_x_point_id,7|2022|Veg_Meadow_497|165,1
explained,EXPLAINED_E1,month_x_year_x_vegetation_class_x_point_id,7|2022|Veg_Meadow_497|169,1
explained,EXPLAINED_E1,month_x_year_x_vegetation_class_x_point_id,7|2022|Veg_Meadow_499|173,1
explained,EXPLAINED_E1,month_x_year_x_vegetation_class_x_point_id,7|2022|Veg_Meadow_504|187,1
explained,EXPLAINED_E1,month_x_year_x_vegetation_class_x_point_id,7|2022|Veg_Shrub|026,1
explained,EXPLAINED_E1,month_x_year_x_vegetation_class_x_point_id,7|2022|Veg_Sparse|219,1
explained,EXPLAINED_E1,month_x_year_x_vegetation_class_x_point_id,7|2022|Veg_Sparse|221,1
explained,EXPLAINED_E1,month_x_year_x_vegetation_class_x_point_id,7|2022|Veg_Sparse|231,1
explained,EXPLAINED_E1,month_x_year_x_vegetation_class_x_point_id,7|2022|Veg_Sparse|237,1
explained,EXPLAINED_E1,month_x_year_x_vegetation_class_x_point_id,7|2022|Veg_Sparse|243,1
explained,EXPLAINED_E1,month_x_year_x_vegetation_class_x_point_id,7|2023|Veg_Coniferous|011,1
explained,EXPLAINED_E1,month_x_year_x_vegetation_class_x_point_id,7|2023|Veg_Meadow_497|038,1
explained,EXPLAINED_E1,month_x_year_x_vegetation_class_x_point_id,7|2023|Veg_Meadow_497|039,1
explained,EXPLAINED_E1,month_x_year_x_vegetation_class_x_point_id,7|2023|Veg_Meadow_497|067,1
explained,EXPLAINED_E1,month_x_year_x_vegetation_class_x_point_id,7|2023|Veg_Meadow_497|068,1
explained,EXPLAINED_E1,month_x_year_x_vegetation_class_x_point_id,7|2023|Veg_Meadow_497|083,1
explained,EXPLAINED_E1,month_x_year_x_vegetation_class_x_point_id,7|2023|Veg_Meadow_497|089,1
explained,EXPLAINED_E1,month_x_year_x_vegetation_class_x_point_id,7|2023|Veg_Meadow_497|094,1
explained,EXPLAINED_E1,month_x_year_x_vegetation_class_x_point_id,7|2023|Veg_Meadow_497|095,1
explained,EXPLAINED_E1,month_x_year_x_vegetation_class_x_point_id,7|2023|Veg_Meadow_497|103,1
explained,EXPLAINED_E1,month_x_year_x_vegetation_class_x_point_id,7|2023|Veg_Meadow_497|116,1
explained,EXPLAINED_E1,month_x_year_x_vegetation_class_x_point_id,7|2023|Veg_Meadow_497|122,1
explained,EXPLAINED_E1,month_x_year_x_vegetation_class_x_point_id,7|2023|Veg_Meadow_497|123,1
explained,EXPLAINED_E1,month_x_year_x_vegetation_class_x_point_id,7|2023|Veg_Meadow_497|145,1
explained,EXPLAINED_E1,month_x_year_x_vegetation_class_x_point_id,7|2023|Veg_Meadow_497|154,1
explained,EXPLAINED_E1,month_x_year_x_vegetation_class_x_point_id,7|2023|Veg_Meadow_497|158,1
explained,EXPLAINED_E1,month_x_year_x_vegetation_class_x_point_id,7|2023|Veg_Meadow_497|166,1
explained,EXPLAINED_E1,month_x_year_x_vegetation_class_x_point_id,7|2023|Veg_Meadow_499|176,1
explained,EXPLAINED_E1,month_x_year_x_vegetation_class_x_point_id,7|2023|Veg_Meadow_499|182,1
explained,EXPLAINED_E1,month_x_year_x_vegetation_class_x_point_id,7|2023|Veg_Meadow_504|198,1
explained,EXPLAINED_E1,month_x_year_x_vegetation_class_x_point_id,7|2023|Veg_Shrub|017,1
explained,EXPLAINED_E1,month_x_year_x_vegetation_class_x_point_id,7|2023|Veg_Shrub|023,1
explained,EXPLAINED_E1,month_x_year_x_vegetation_class_x_point_id,7|2023|Veg_Sparse|224,1
explained,EXPLAINED_E1,month_x_year_x_vegetation_class_x_point_id,7|2023|Veg_Sparse|229,1
explained,EXPLAINED_E1,month_x_year_x_vegetation_class_x_point_id,7|2023|Veg_Sparse|233,1
explained,EXPLAINED_E1,month_x_year_x_vegetation_class_x_point_id,7|2023|Veg_Sparse|246,1
explained,EXPLAINED_E1,month_x_year_x_vegetation_class_x_point_id,7|2024|Veg_Coniferous|003,1
explained,EXPLAINED_E1,month_x_year_x_vegetation_class_x_point_id,7|2024|Veg_Coniferous|014,1
explained,EXPLAINED_E1,month_x_year_x_vegetation_class_x_point_id,7|2024|Veg_Meadow_497|040,1
explained,EXPLAINED_E1,month_x_year_x_vegetation_class_x_point_id,7|2024|Veg_Meadow_497|043,1
explained,EXPLAINED_E1,month_x_year_x_vegetation_class_x_point_id,7|2024|Veg_Meadow_497|048,1
explained,EXPLAINED_E1,month_x_year_x_vegetation_class_x_point_id,7|2024|Veg_Meadow_497|053,1
explained,EXPLAINED_E1,month_x_year_x_vegetation_class_x_point_id,7|2024|Veg_Meadow_497|065,1
explained,EXPLAINED_E1,month_x_year_x_vegetation_class_x_point_id,7|2024|Veg_Meadow_497|100,1
explained,EXPLAINED_E1,month_x_year_x_vegetation_class_x_point_id,7|2024|Veg_Meadow_497|101,1
explained,EXPLAINED_E1,month_x_year_x_vegetation_class_x_point_id,7|2024|Veg_Meadow_497|110,1
explained,EXPLAINED_E1,month_x_year_x_vegetation_class_x_point_id,7|2024|Veg_Meadow_497|112,1
explained,EXPLAINED_E1,month_x_year_x_vegetation_class_x_point_id,7|2024|Veg_Meadow_497|146,1
explained,EXPLAINED_E1,month_x_year_x_vegetation_class_x_point_id,7|2024|Veg_Meadow_497|160,1
explained,EXPLAINED_E1,month_x_year_x_vegetation_class_x_point_id,7|2024|Veg_Meadow_499|174,1
explained,EXPLAINED_E1,month_x_year_x_vegetation_class_x_point_id,7|2024|Veg_Meadow_499|178,1
explained,EXPLAINED_E1,month_x_year_x_vegetation_class_x_point_id,7|2024|Veg_Meadow_504|194,1
explained,EXPLAINED_E1,month_x_year_x_vegetation_class_x_point_id,7|2024|Veg_Meadow_504|197,1
explained,EXPLAINED_E1,month_x_year_x_vegetation_class_x_point_id,7|2024|Veg_Meadow_504|199,1
explained,EXPLAINED_E1,month_x_year_x_vegetation_class_x_point_id,7|2024|Veg_Meadow_504|209,1
explained,EXPLAINED_E1,month_x_year_x_vegetation_class_x_point_id,7|2024|Veg_Shrub|015,1
explained,EXPLAINED_E1,month_x_year_x_vegetation_class_x_point_id,7|2024|Veg_Shrub|016,1
explained,EXPLAINED_E1,month_x_year_x_vegetation_class_x_point_id,7|2024|Veg_Sparse|227,1
explained,EXPLAINED_E1,month_x_year_x_vegetation_class_x_point_id,7|2025|Veg_Coniferous|005,1
explained,EXPLAINED_E1,month_x_year_x_vegetation_class_x_point_id,7|2025|Veg_Coniferous|007,1
explained,EXPLAINED_E1,month_x_year_x_vegetation_class_x_point_id,7|2025|Veg_Coniferous|013,1
explained,EXPLAINED_E1,month_x_year_x_vegetation_class_x_point_id,7|2025|Veg_Meadow_497|033,1
explained,EXPLAINED_E1,month_x_year_x_vegetation_class_x_point_id,7|2025|Veg_Meadow_497|036,1
explained,EXPLAINED_E1,month_x_year_x_vegetation_class_x_point_id,7|2025|Veg_Meadow_497|047,1
explained,EXPLAINED_E1,month_x_year_x_vegetation_class_x_point_id,7|2025|Veg_Meadow_497|052,1
explained,EXPLAINED_E1,month_x_year_x_vegetation_class_x_point_id,7|2025|Veg_Meadow_497|060,1
explained,EXPLAINED_E1,month_x_year_x_vegetation_class_x_point_id,7|2025|Veg_Meadow_497|117,1
explained,EXPLAINED_E1,month_x_year_x_vegetation_class_x_point_id,7|2025|Veg_Meadow_497|138,1
explained,EXPLAINED_E1,month_x_year_x_vegetation_class_x_point_id,7|2025|Veg_Meadow_497|148,1
explained,EXPLAINED_E1,month_x_year_x_vegetation_class_x_point_id,7|2025|Veg_Meadow_497|152,1
explained,EXPLAINED_E1,month_x_year_x_vegetation_class_x_point_id,7|2025|Veg_Meadow_497|167,1
explained,EXPLAINED_E1,month_x_year_x_vegetation_class_x_point_id,7|2025|Veg_Meadow_497|168,1
explained,EXPLAINED_E1,month_x_year_x_vegetation_class_x_point_id,7|2025|Veg_Meadow_504|188,1
explained,EXPLAINED_E1,month_x_year_x_vegetation_class_x_point_id,7|2025|Veg_Meadow_504|192,1
explained,EXPLAINED_E1,month_x_year_x_vegetation_class_x_point_id,7|2025|Veg_Meadow_504|203,1
explained,EXPLAINED_E1,month_x_year_x_vegetation_class_x_point_id,7|2025|Veg_Meadow_504|205,1
explained,EXPLAINED_E1,month_x_year_x_vegetation_class_x_point_id,7|2025|Veg_Sparse|226,1
explained,EXPLAINED_E1,month_x_year_x_vegetation_class_x_point_id,8|2022|Veg_Coniferous|006,1
explained,EXPLAINED_E1,month_x_year_x_vegetation_class_x_point_id,8|2022|Veg_Coniferous|014,1
explained,EXPLAINED_E1,month_x_year_x_vegetation_class_x_point_id,8|2022|Veg_Meadow_497|030,1
explained,EXPLAINED_E1,month_x_year_x_vegetation_class_x_point_id,8|2022|Veg_Meadow_497|038,1
explained,EXPLAINED_E1,month_x_year_x_vegetation_class_x_point_id,8|2022|Veg_Meadow_497|063,1
explained,EXPLAINED_E1,month_x_year_x_vegetation_class_x_point_id,8|2022|Veg_Meadow_497|087,1
explained,EXPLAINED_E1,month_x_year_x_vegetation_class_x_point_id,8|2022|Veg_Meadow_497|104,1
explained,EXPLAINED_E1,month_x_year_x_vegetation_class_x_point_id,8|2022|Veg_Meadow_497|107,1
explained,EXPLAINED_E1,month_x_year_x_vegetation_class_x_point_id,8|2022|Veg_Meadow_497|113,1
explained,EXPLAINED_E1,month_x_year_x_vegetation_class_x_point_id,8|2022|Veg_Meadow_504|191,1
explained,EXPLAINED_E1,month_x_year_x_vegetation_class_x_point_id,8|2022|Veg_Meadow_504|194,1
explained,EXPLAINED_E1,month_x_year_x_vegetation_class_x_point_id,8|2022|Veg_Meadow_504|205,1
explained,EXPLAINED_E1,month_x_year_x_vegetation_class_x_point_id,8|2022|Veg_Sparse|238,1
explained,EXPLAINED_E1,month_x_year_x_vegetation_class_x_point_id,8|2023|Veg_Coniferous|001,1
explained,EXPLAINED_E1,month_x_year_x_vegetation_class_x_point_id,8|2023|Veg_Coniferous|007,1
explained,EXPLAINED_E1,month_x_year_x_vegetation_class_x_point_id,8|2023|Veg_Meadow_497|034,1
explained,EXPLAINED_E1,month_x_year_x_vegetation_class_x_point_id,8|2023|Veg_Meadow_497|044,1
explained,EXPLAINED_E1,month_x_year_x_vegetation_class_x_point_id,8|2023|Veg_Meadow_497|046,1
explained,EXPLAINED_E1,month_x_year_x_vegetation_class_x_point_id,8|2023|Veg_Meadow_497|050,1
explained,EXPLAINED_E1,month_x_year_x_vegetation_class_x_point_id,8|2023|Veg_Meadow_497|060,1
explained,EXPLAINED_E1,month_x_year_x_vegetation_class_x_point_id,8|2023|Veg_Meadow_497|073,1
explained,EXPLAINED_E1,month_x_year_x_vegetation_class_x_point_id,8|2023|Veg_Meadow_497|080,1
explained,EXPLAINED_E1,month_x_year_x_vegetation_class_x_point_id,8|2023|Veg_Meadow_497|092,1
explained,EXPLAINED_E1,month_x_year_x_vegetation_class_x_point_id,8|2023|Veg_Meadow_497|097,1
explained,EXPLAINED_E1,month_x_year_x_vegetation_class_x_point_id,8|2023|Veg_Meadow_497|121,1
explained,EXPLAINED_E1,month_x_year_x_vegetation_class_x_point_id,8|2023|Veg_Meadow_497|127,1
explained,EXPLAINED_E1,month_x_year_x_vegetation_class_x_point_id,8|2023|Veg_Meadow_497|132,1
explained,EXPLAINED_E1,month_x_year_x_vegetation_class_x_point_id,8|2023|Veg_Meadow_497|149,1
explained,EXPLAINED_E1,month_x_year_x_vegetation_class_x_point_id,8|2023|Veg_Meadow_497|157,1
explained,EXPLAINED_E1,month_x_year_x_vegetation_class_x_point_id,8|2023|Veg_Meadow_499|172,1
explained,EXPLAINED_E1,month_x_year_x_vegetation_class_x_point_id,8|2023|Veg_Meadow_499|174,1
explained,EXPLAINED_E1,month_x_year_x_vegetation_class_x_point_id,8|2023|Veg_Meadow_499|181,1
explained,EXPLAINED_E1,month_x_year_x_vegetation_class_x_point_id,8|2023|Veg_Meadow_504|199,1
explained,EXPLAINED_E1,month_x_year_x_vegetation_class_x_point_id,8|2023|Veg_Meadow_504|200,1
explained,EXPLAINED_E1,month_x_year_x_vegetation_class_x_point_id,8|2023|Veg_Meadow_504|212,1
explained,EXPLAINED_E1,month_x_year_x_vegetation_class_x_point_id,8|2023|Veg_Shrub|016,1
explained,EXPLAINED_E1,month_x_year_x_vegetation_class_x_point_id,8|2023|Veg_Shrub|020,1
explained,EXPLAINED_E1,month_x_year_x_vegetation_class_x_point_id,8|2023|Veg_Sparse|222,1
explained,EXPLAINED_E1,month_x_year_x_vegetation_class_x_point_id,8|2023|Veg_Sparse|232,1
explained,EXPLAINED_E1,month_x_year_x_vegetation_class_x_point_id,8|2023|Veg_Sparse|239,1
explained,EXPLAINED_E1,month_x_year_x_vegetation_class_x_point_id,8|2024|Veg_Coniferous|006,1
explained,EXPLAINED_E1,month_x_year_x_vegetation_class_x_point_id,8|2024|Veg_Meadow_497|035,1
explained,EXPLAINED_E1,month_x_year_x_vegetation_class_x_point_id,8|2024|Veg_Meadow_497|039,1
explained,EXPLAINED_E1,month_x_year_x_vegetation_class_x_point_id,8|2024|Veg_Meadow_497|042,1
explained,EXPLAINED_E1,month_x_year_x_vegetation_class_x_point_id,8|2024|Veg_Meadow_497|058,1
explained,EXPLAINED_E1,month_x_year_x_vegetation_class_x_point_id,8|2024|Veg_Meadow_497|066,1
explained,EXPLAINED_E1,month_x_year_x_vegetation_class_x_point_id,8|2024|Veg_Meadow_497|069,1
explained,EXPLAINED_E1,month_x_year_x_vegetation_class_x_point_id,8|2024|Veg_Meadow_497|102,1
explained,EXPLAINED_E1,month_x_year_x_vegetation_class_x_point_id,8|2024|Veg_Meadow_497|116,1
explained,EXPLAINED_E1,month_x_year_x_vegetation_class_x_point_id,8|2024|Veg_Meadow_497|131,1
explained,EXPLAINED_E1,month_x_year_x_vegetation_class_x_point_id,8|2024|Veg_Meadow_497|144,1
explained,EXPLAINED_E1,month_x_year_x_vegetation_class_x_point_id,8|2024|Veg_Meadow_497|150,1
explained,EXPLAINED_E1,month_x_year_x_vegetation_class_x_point_id,8|2024|Veg_Meadow_497|151,1
explained,EXPLAINED_E1,month_x_year_x_vegetation_class_x_point_id,8|2024|Veg_Meadow_497|154,1
explained,EXPLAINED_E1,month_x_year_x_vegetation_class_x_point_id,8|2024|Veg_Meadow_497|166,1
explained,EXPLAINED_E1,month_x_year_x_vegetation_class_x_point_id,8|2024|Veg_Meadow_497|168,1
explained,EXPLAINED_E1,month_x_year_x_vegetation_class_x_point_id,8|2024|Veg_Meadow_497|169,1
explained,EXPLAINED_E1,month_x_year_x_vegetation_class_x_point_id,8|2024|Veg_Meadow_499|185,1
explained,EXPLAINED_E1,month_x_year_x_vegetation_class_x_point_id,8|2024|Veg_Meadow_504|187,1
explained,EXPLAINED_E1,month_x_year_x_vegetation_class_x_point_id,8|2024|Veg_Meadow_504|207,1
explained,EXPLAINED_E1,month_x_year_x_vegetation_class_x_point_id,8|2024|Veg_Shrub|018,1
explained,EXPLAINED_E1,month_x_year_x_vegetation_class_x_point_id,8|2024|Veg_Sparse|223,1
explained,EXPLAINED_E1,month_x_year_x_vegetation_class_x_point_id,8|2024|Veg_Sparse|236,1
explained,EXPLAINED_E1,month_x_year_x_vegetation_class_x_point_id,8|2025|Veg_Coniferous|009,1
explained,EXPLAINED_E1,month_x_year_x_vegetation_class_x_point_id,8|2025|Veg_Meadow_497|041,1
explained,EXPLAINED_E1,month_x_year_x_vegetation_class_x_point_id,8|2025|Veg_Meadow_497|048,1
explained,EXPLAINED_E1,month_x_year_x_vegetation_class_x_point_id,8|2025|Veg_Meadow_497|056,1
explained,EXPLAINED_E1,month_x_year_x_vegetation_class_x_point_id,8|2025|Veg_Meadow_497|061,1
explained,EXPLAINED_E1,month_x_year_x_vegetation_class_x_point_id,8|2025|Veg_Meadow_497|070,1
explained,EXPLAINED_E1,month_x_year_x_vegetation_class_x_point_id,8|2025|Veg_Meadow_497|072,1
explained,EXPLAINED_E1,month_x_year_x_vegetation_class_x_point_id,8|2025|Veg_Meadow_497|101,1
explained,EXPLAINED_E1,month_x_year_x_vegetation_class_x_point_id,8|2025|Veg_Meadow_497|105,1
explained,EXPLAINED_E1,month_x_year_x_vegetation_class_x_point_id,8|2025|Veg_Meadow_497|145,1
explained,EXPLAINED_E1,month_x_year_x_vegetation_class_x_point_id,8|2025|Veg_Meadow_497|170,1
explained,EXPLAINED_E1,month_x_year_x_vegetation_class_x_point_id,8|2025|Veg_Meadow_499|171,1
explained,EXPLAINED_E1,month_x_year_x_vegetation_class_x_point_id,8|2025|Veg_Meadow_504|204,1
explained,EXPLAINED_E1,month_x_year_x_vegetation_class_x_point_id,8|2025|Veg_Shrub|021,1
explained,EXPLAINED_E1,month_x_year_x_vegetation_class_x_point_id,8|2025|Veg_Shrub|027,1
explained,EXPLAINED_E1,month_x_year_x_vegetation_class_x_point_id,8|2025|Veg_Sparse|219,1
explained,EXPLAINED_E1,month_x_year_x_vegetation_class_x_point_id,8|2025|Veg_Sparse|224,1
explained,EXPLAINED_E1,month_x_year_x_vegetation_class_x_point_id,8|2025|Veg_Sparse|230,1
explained,EXPLAINED_E1,month_x_year_x_vegetation_class_x_point_id,8|2025|Veg_Sparse|233,1
explained,EXPLAINED_E1,month_x_year_x_vegetation_class_x_point_id,8|2025|Veg_Sparse|243,1
explained,EXPLAINED_E1,month_x_year_x_vegetation_class_x_point_id,9|2022|Veg_Coniferous|008,1
explained,EXPLAINED_E1,month_x_year_x_vegetation_class_x_point_id,9|2022|Veg_Meadow_497|045,1
explained,EXPLAINED_E1,month_x_year_x_vegetation_class_x_point_id,9|2022|Veg_Meadow_497|050,1
explained,EXPLAINED_E1,month_x_year_x_vegetation_class_x_point_id,9|2022|Veg_Meadow_497|052,1
explained,EXPLAINED_E1,month_x_year_x_vegetation_class_x_point_id,9|2022|Veg_Meadow_497|056,1
explained,EXPLAINED_E1,month_x_year_x_vegetation_class_x_point_id,9|2022|Veg_Meadow_497|098,1
explained,EXPLAINED_E1,month_x_year_x_vegetation_class_x_point_id,9|2022|Veg_Meadow_497|103,1
explained,EXPLAINED_E1,month_x_year_x_vegetation_class_x_point_id,9|2022|Veg_Meadow_497|105,1
explained,EXPLAINED_E1,month_x_year_x_vegetation_class_x_point_id,9|2022|Veg_Meadow_497|142,1
explained,EXPLAINED_E1,month_x_year_x_vegetation_class_x_point_id,9|2022|Veg_Meadow_497|145,1
explained,EXPLAINED_E1,month_x_year_x_vegetation_class_x_point_id,9|2022|Veg_Meadow_497|161,1
explained,EXPLAINED_E1,month_x_year_x_vegetation_class_x_point_id,9|2022|Veg_Meadow_497|162,1
explained,EXPLAINED_E1,month_x_year_x_vegetation_class_x_point_id,9|2022|Veg_Meadow_497|167,1
explained,EXPLAINED_E1,month_x_year_x_vegetation_class_x_point_id,9|2022|Veg_Meadow_497|168,1
explained,EXPLAINED_E1,month_x_year_x_vegetation_class_x_point_id,9|2022|Veg_Meadow_499|179,1
explained,EXPLAINED_E1,month_x_year_x_vegetation_class_x_point_id,9|2022|Veg_Meadow_499|183,1
explained,EXPLAINED_E1,month_x_year_x_vegetation_class_x_point_id,9|2022|Veg_Meadow_504|186,1
explained,EXPLAINED_E1,month_x_year_x_vegetation_class_x_point_id,9|2022|Veg_Meadow_504|190,1
explained,EXPLAINED_E1,month_x_year_x_vegetation_class_x_point_id,9|2022|Veg_Meadow_504|193,1
explained,EXPLAINED_E1,month_x_year_x_vegetation_class_x_point_id,9|2022|Veg_Meadow_504|201,1
explained,EXPLAINED_E1,month_x_year_x_vegetation_class_x_point_id,9|2022|Veg_Meadow_504|214,1
explained,EXPLAINED_E1,month_x_year_x_vegetation_class_x_point_id,9|2022|Veg_Shrub|028,1
explained,EXPLAINED_E1,month_x_year_x_vegetation_class_x_point_id,9|2023|Veg_Coniferous|006,1
explained,EXPLAINED_E1,month_x_year_x_vegetation_class_x_point_id,9|2023|Veg_Meadow_497|055,1
explained,EXPLAINED_E1,month_x_year_x_vegetation_class_x_point_id,9|2023|Veg_Meadow_497|063,1
explained,EXPLAINED_E1,month_x_year_x_vegetation_class_x_point_id,9|2023|Veg_Meadow_497|066,1
explained,EXPLAINED_E1,month_x_year_x_vegetation_class_x_point_id,9|2023|Veg_Meadow_497|070,1
explained,EXPLAINED_E1,month_x_year_x_vegetation_class_x_point_id,9|2023|Veg_Meadow_497|085,1
explained,EXPLAINED_E1,month_x_year_x_vegetation_class_x_point_id,9|2023|Veg_Meadow_497|091,1
explained,EXPLAINED_E1,month_x_year_x_vegetation_class_x_point_id,9|2023|Veg_Meadow_497|099,1
explained,EXPLAINED_E1,month_x_year_x_vegetation_class_x_point_id,9|2023|Veg_Meadow_497|111,1
explained,EXPLAINED_E1,month_x_year_x_vegetation_class_x_point_id,9|2023|Veg_Meadow_497|113,1
explained,EXPLAINED_E1,month_x_year_x_vegetation_class_x_point_id,9|2023|Veg_Meadow_497|115,1
explained,EXPLAINED_E1,month_x_year_x_vegetation_class_x_point_id,9|2023|Veg_Meadow_497|128,1
explained,EXPLAINED_E1,month_x_year_x_vegetation_class_x_point_id,9|2023|Veg_Meadow_497|137,1
explained,EXPLAINED_E1,month_x_year_x_vegetation_class_x_point_id,9|2023|Veg_Meadow_499|171,1
explained,EXPLAINED_E1,month_x_year_x_vegetation_class_x_point_id,9|2023|Veg_Meadow_504|188,1
explained,EXPLAINED_E1,month_x_year_x_vegetation_class_x_point_id,9|2023|Veg_Shrub|015,1
explained,EXPLAINED_E1,month_x_year_x_vegetation_class_x_point_id,9|2023|Veg_Sparse|225,1
explained,EXPLAINED_E1,month_x_year_x_vegetation_class_x_point_id,9|2023|Veg_Sparse|228,1
explained,EXPLAINED_E1,month_x_year_x_vegetation_class_x_point_id,9|2023|Veg_Sparse|237,1
explained,EXPLAINED_E1,month_x_year_x_vegetation_class_x_point_id,9|2024|Veg_Coniferous|000,1
explained,EXPLAINED_E1,month_x_year_x_vegetation_class_x_point_id,9|2024|Veg_Coniferous|002,1
explained,EXPLAINED_E1,month_x_year_x_vegetation_class_x_point_id,9|2024|Veg_Coniferous|010,1
explained,EXPLAINED_E1,month_x_year_x_vegetation_class_x_point_id,9|2024|Veg_Meadow_497|064,1
explained,EXPLAINED_E1,month_x_year_x_vegetation_class_x_point_id,9|2024|Veg_Meadow_497|068,1
explained,EXPLAINED_E1,month_x_year_x_vegetation_class_x_point_id,9|2024|Veg_Meadow_497|081,1
explained,EXPLAINED_E1,month_x_year_x_vegetation_class_x_point_id,9|2024|Veg_Meadow_497|088,1
explained,EXPLAINED_E1,month_x_year_x_vegetation_class_x_point_id,9|2024|Veg_Meadow_497|104,1
explained,EXPLAINED_E1,month_x_year_x_vegetation_class_x_point_id,9|2024|Veg_Meadow_497|117,1
explained,EXPLAINED_E1,month_x_year_x_vegetation_class_x_point_id,9|2024|Veg_Meadow_497|119,1
explained,EXPLAINED_E1,month_x_year_x_vegetation_class_x_point_id,9|2024|Veg_Meadow_497|163,1
explained,EXPLAINED_E1,month_x_year_x_vegetation_class_x_point_id,9|2024|Veg_Meadow_504|203,1
explained,EXPLAINED_E1,month_x_year_x_vegetation_class_x_point_id,9|2024|Veg_Meadow_504|204,1
explained,EXPLAINED_E1,month_x_year_x_vegetation_class_x_point_id,9|2024|Veg_Meadow_504|208,1
explained,EXPLAINED_E1,month_x_year_x_vegetation_class_x_point_id,9|2024|Veg_Shrub|019,1
explained,EXPLAINED_E1,month_x_year_x_vegetation_class_x_point_id,9|2024|Veg_Sparse|226,1
explained,EXPLAINED_E1,month_x_year_x_vegetation_class_x_point_id,9|2024|Veg_Sparse|231,1
explained,EXPLAINED_E1,month_x_year_x_vegetation_class_x_point_id,9|2024|Veg_Sparse|241,1
explained,EXPLAINED_E1,month_x_year_x_vegetation_class_x_point_id,9|2024|Veg_Sparse|242,1
explained,EXPLAINED_E1,month_x_year_x_vegetation_class_x_point_id,9|2025|Veg_Meadow_497|037,1
explained,EXPLAINED_E1,month_x_year_x_vegetation_class_x_point_id,9|2025|Veg_Meadow_497|039,1
explained,EXPLAINED_E1,month_x_year_x_vegetation_class_x_point_id,9|2025|Veg_Meadow_497|051,1
explained,EXPLAINED_E1,month_x_year_x_vegetation_class_x_point_id,9|2025|Veg_Meadow_497|054,1
explained,EXPLAINED_E1,month_x_year_x_vegetation_class_x_point_id,9|2025|Veg_Meadow_497|062,1
explained,EXPLAINED_E1,month_x_year_x_vegetation_class_x_point_id,9|2025|Veg_Meadow_497|065,1
explained,EXPLAINED_E1,month_x_year_x_vegetation_class_x_point_id,9|2025|Veg_Meadow_497|071,1
explained,EXPLAINED_E1,month_x_year_x_vegetation_class_x_point_id,9|2025|Veg_Meadow_497|080,1
explained,EXPLAINED_E1,month_x_year_x_vegetation_class_x_point_id,9|2025|Veg_Meadow_497|096,1
explained,EXPLAINED_E1,month_x_year_x_vegetation_class_x_point_id,9|2025|Veg_Meadow_497|108,1
explained,EXPLAINED_E1,month_x_year_x_vegetation_class_x_point_id,9|2025|Veg_Meadow_497|114,1
explained,EXPLAINED_E1,month_x_year_x_vegetation_class_x_point_id,9|2025|Veg_Meadow_497|134,1
explained,EXPLAINED_E1,month_x_year_x_vegetation_class_x_point_id,9|2025|Veg_Meadow_497|135,1
explained,EXPLAINED_E1,month_x_year_x_vegetation_class_x_point_id,9|2025|Veg_Meadow_497|147,1
explained,EXPLAINED_E1,month_x_year_x_vegetation_class_x_point_id,9|2025|Veg_Meadow_499|173,1
explained,EXPLAINED_E1,month_x_year_x_vegetation_class_x_point_id,9|2025|Veg_Meadow_499|174,1
explained,EXPLAINED_E1,month_x_year_x_vegetation_class_x_point_id,9|2025|Veg_Meadow_499|184,1
explained,EXPLAINED_E1,month_x_year_x_vegetation_class_x_point_id,9|2025|Veg_Meadow_504|200,1
explained,EXPLAINED_E1,month_x_year_x_vegetation_class_x_point_id,9|2025|Veg_Shrub|020,1
explained,EXPLAINED_E1,month_x_year_x_vegetation_class_x_point_id,9|2025|Veg_Shrub|026,1
explained,EXPLAINED_E1,month_x_year_x_vegetation_class_x_point_id,9|2025|Veg_Sparse|220,1
explained,EXPLAINED_E1,month_x_year_x_vegetation_class_x_point_id,9|2025|Veg_Sparse|222,1
explained,EXPLAINED_E1,month_x_year_x_vegetation_class_x_point_id,9|2025|Veg_Sparse|240,1
explained,EXPLAINED_E1,month_x_year_x_vegetation_class_x_point_id,10|2022|Veg_Coniferous|013,1
explained,EXPLAINED_E1,month_x_year_x_vegetation_class_x_point_id,10|2022|Veg_Meadow_497|032,1
explained,EXPLAINED_E1,month_x_year_x_vegetation_class_x_point_id,10|2022|Veg_Meadow_497|044,1
explained,EXPLAINED_E1,month_x_year_x_vegetation_class_x_point_id,10|2022|Veg_Meadow_497|048,1
explained,EXPLAINED_E1,month_x_year_x_vegetation_class_x_point_id,10|2022|Veg_Meadow_497|049,1
explained,EXPLAINED_E1,month_x_year_x_vegetation_class_x_point_id,10|2022|Veg_Meadow_497|068,1
explained,EXPLAINED_E1,month_x_year_x_vegetation_class_x_point_id,10|2022|Veg_Meadow_497|071,1
explained,EXPLAINED_E1,month_x_year_x_vegetation_class_x_point_id,10|2022|Veg_Meadow_497|084,1
explained,EXPLAINED_E1,month_x_year_x_vegetation_class_x_point_id,10|2022|Veg_Meadow_497|086,1
explained,EXPLAINED_E1,month_x_year_x_vegetation_class_x_point_id,10|2022|Veg_Meadow_497|112,1
explained,EXPLAINED_E1,month_x_year_x_vegetation_class_x_point_id,10|2022|Veg_Meadow_497|114,1
explained,EXPLAINED_E1,month_x_year_x_vegetation_class_x_point_id,10|2022|Veg_Meadow_497|120,1
explained,EXPLAINED_E1,month_x_year_x_vegetation_class_x_point_id,10|2022|Veg_Meadow_497|125,1
explained,EXPLAINED_E1,month_x_year_x_vegetation_class_x_point_id,10|2022|Veg_Meadow_497|126,1
explained,EXPLAINED_E1,month_x_year_x_vegetation_class_x_point_id,10|2022|Veg_Meadow_497|136,1
explained,EXPLAINED_E1,month_x_year_x_vegetation_class_x_point_id,10|2022|Veg_Meadow_499|175,1
explained,EXPLAINED_E1,month_x_year_x_vegetation_class_x_point_id,10|2022|Veg_Meadow_504|197,1
explained,EXPLAINED_E1,month_x_year_x_vegetation_class_x_point_id,10|2022|Veg_Meadow_504|210,1
explained,EXPLAINED_E1,month_x_year_x_vegetation_class_x_point_id,10|2022|Veg_Meadow_504|213,1
explained,EXPLAINED_E1,month_x_year_x_vegetation_class_x_point_id,10|2022|Veg_Shrub|015,1
explained,EXPLAINED_E1,month_x_year_x_vegetation_class_x_point_id,10|2022|Veg_Shrub|022,1
explained,EXPLAINED_E1,month_x_year_x_vegetation_class_x_point_id,10|2022|Veg_Shrub|023,1
explained,EXPLAINED_E1,month_x_year_x_vegetation_class_x_point_id,10|2023|Veg_Coniferous|005,1
explained,EXPLAINED_E1,month_x_year_x_vegetation_class_x_point_id,10|2023|Veg_Coniferous|012,1
explained,EXPLAINED_E1,month_x_year_x_vegetation_class_x_point_id,10|2023|Veg_Meadow_497|036,1
explained,EXPLAINED_E1,month_x_year_x_vegetation_class_x_point_id,10|2023|Veg_Meadow_497|045,1
explained,EXPLAINED_E1,month_x_year_x_vegetation_class_x_point_id,10|2023|Veg_Meadow_497|077,1
explained,EXPLAINED_E1,month_x_year_x_vegetation_class_x_point_id,10|2023|Veg_Meadow_497|102,1
explained,EXPLAINED_E1,month_x_year_x_vegetation_class_x_point_id,10|2023|Veg_Meadow_497|106,1
explained,EXPLAINED_E1,month_x_year_x_vegetation_class_x_point_id,10|2023|Veg_Meadow_497|107,1
explained,EXPLAINED_E1,month_x_year_x_vegetation_class_x_point_id,10|2023|Veg_Meadow_497|109,1
explained,EXPLAINED_E1,month_x_year_x_vegetation_class_x_point_id,10|2023|Veg_Meadow_497|140,1
explained,EXPLAINED_E1,month_x_year_x_vegetation_class_x_point_id,10|2023|Veg_Meadow_497|141,1
explained,EXPLAINED_E1,month_x_year_x_vegetation_class_x_point_id,10|2023|Veg_Meadow_504|192,1
explained,EXPLAINED_E1,month_x_year_x_vegetation_class_x_point_id,10|2023|Veg_Meadow_504|207,1
explained,EXPLAINED_E1,month_x_year_x_vegetation_class_x_point_id,10|2023|Veg_Shrub|018,1
explained,EXPLAINED_E1,month_x_year_x_vegetation_class_x_point_id,10|2023|Veg_Shrub|029,1
explained,EXPLAINED_E1,month_x_year_x_vegetation_class_x_point_id,10|2023|Veg_Sparse|215,1
explained,EXPLAINED_E1,month_x_year_x_vegetation_class_x_point_id,10|2023|Veg_Sparse|227,1
explained,EXPLAINED_E1,month_x_year_x_vegetation_class_x_point_id,10|2023|Veg_Sparse|236,1
explained,EXPLAINED_E1,month_x_year_x_vegetation_class_x_point_id,10|2023|Veg_Sparse|240,1
explained,EXPLAINED_E1,month_x_year_x_vegetation_class_x_point_id,10|2024|Veg_Coniferous|004,1
explained,EXPLAINED_E1,month_x_year_x_vegetation_class_x_point_id,10|2024|Veg_Meadow_497|067,1
explained,EXPLAINED_E1,month_x_year_x_vegetation_class_x_point_id,10|2024|Veg_Meadow_497|072,1
explained,EXPLAINED_E1,month_x_year_x_vegetation_class_x_point_id,10|2024|Veg_Meadow_497|075,1
explained,EXPLAINED_E1,month_x_year_x_vegetation_class_x_point_id,10|2024|Veg_Meadow_497|078,1
explained,EXPLAINED_E1,month_x_year_x_vegetation_class_x_point_id,10|2024|Veg_Meadow_497|093,1
explained,EXPLAINED_E1,month_x_year_x_vegetation_class_x_point_id,10|2024|Veg_Meadow_497|128,1
explained,EXPLAINED_E1,month_x_year_x_vegetation_class_x_point_id,10|2024|Veg_Meadow_497|130,1
explained,EXPLAINED_E1,month_x_year_x_vegetation_class_x_point_id,10|2024|Veg_Meadow_497|155,1
explained,EXPLAINED_E1,month_x_year_x_vegetation_class_x_point_id,10|2024|Veg_Meadow_499|176,1
explained,EXPLAINED_E1,month_x_year_x_vegetation_class_x_point_id,10|2024|Veg_Meadow_504|195,1
explained,EXPLAINED_E1,month_x_year_x_vegetation_class_x_point_id,10|2024|Veg_Shrub|028,1
explained,EXPLAINED_E1,month_x_year_x_vegetation_class_x_point_id,10|2024|Veg_Sparse|220,1
explained,EXPLAINED_E1,month_x_year_x_vegetation_class_x_point_id,10|2024|Veg_Sparse|232,1
explained,EXPLAINED_E1,month_x_year_x_vegetation_class_x_point_id,10|2024|Veg_Sparse|239,1
explained,EXPLAINED_E1,month_x_year_x_vegetation_class_x_point_id,10|2024|Veg_Sparse|244,1
explained,EXPLAINED_E1,month_x_year_x_vegetation_class_x_point_id,10|2025|Veg_Coniferous|003,1
explained,EXPLAINED_E1,month_x_year_x_vegetation_class_x_point_id,10|2025|Veg_Meadow_497|046,1
explained,EXPLAINED_E1,month_x_year_x_vegetation_class_x_point_id,10|2025|Veg_Meadow_497|050,1
explained,EXPLAINED_E1,month_x_year_x_vegetation_class_x_point_id,10|2025|Veg_Meadow_497|057,1
explained,EXPLAINED_E1,month_x_year_x_vegetation_class_x_point_id,10|2025|Veg_Meadow_497|059,1
explained,EXPLAINED_E1,month_x_year_x_vegetation_class_x_point_id,10|2025|Veg_Meadow_497|076,1
explained,EXPLAINED_E1,month_x_year_x_vegetation_class_x_point_id,10|2025|Veg_Meadow_497|079,1
explained,EXPLAINED_E1,month_x_year_x_vegetation_class_x_point_id,10|2025|Veg_Meadow_497|088,1
explained,EXPLAINED_E1,month_x_year_x_vegetation_class_x_point_id,10|2025|Veg_Meadow_497|118,1
explained,EXPLAINED_E1,month_x_year_x_vegetation_class_x_point_id,10|2025|Veg_Meadow_497|129,1
explained,EXPLAINED_E1,month_x_year_x_vegetation_class_x_point_id,10|2025|Veg_Meadow_497|132,1
explained,EXPLAINED_E1,month_x_year_x_vegetation_class_x_point_id,10|2025|Veg_Meadow_497|143,1
explained,EXPLAINED_E1,month_x_year_x_vegetation_class_x_point_id,10|2025|Veg_Meadow_497|153,1
explained,EXPLAINED_E1,month_x_year_x_vegetation_class_x_point_id,10|2025|Veg_Meadow_497|158,1
explained,EXPLAINED_E1,month_x_year_x_vegetation_class_x_point_id,10|2025|Veg_Meadow_497|160,1
explained,EXPLAINED_E1,month_x_year_x_vegetation_class_x_point_id,10|2025|Veg_Meadow_497|162,1
explained,EXPLAINED_E1,month_x_year_x_vegetation_class_x_point_id,10|2025|Veg_Meadow_497|166,1
explained,EXPLAINED_E1,month_x_year_x_vegetation_class_x_point_id,10|2025|Veg_Meadow_499|173,1
explained,EXPLAINED_E1,month_x_year_x_vegetation_class_x_point_id,10|2025|Veg_Meadow_499|180,1
explained,EXPLAINED_E1,month_x_year_x_vegetation_class_x_point_id,10|2025|Veg_Meadow_499|181,1
explained,EXPLAINED_E1,month_x_year_x_vegetation_class_x_point_id,10|2025|Veg_Meadow_504|202,1
explained,EXPLAINED_E1,month_x_year_x_vegetation_class_x_point_id,10|2025|Veg_Meadow_504|211,1
explained,EXPLAINED_E1,month_x_year_x_vegetation_class_x_point_id,10|2025|Veg_Meadow_504|214,1
explained,EXPLAINED_E1,month_x_year_x_vegetation_class_x_point_id,10|2025|Veg_Sparse|218,1
explained,EXPLAINED_E1,month_x_year_x_vegetation_class_x_point_id,10|2025|Veg_Sparse|221,1
explained,EXPLAINED_E1,month_x_year_x_vegetation_class_x_point_id,10|2025|Veg_Sparse|228,1
explained,EXPLAINED_E1,month_x_year_x_vegetation_class_x_point_id,11|2022|Veg_Coniferous|002,1
explained,EXPLAINED_E1,month_x_year_x_vegetation_class_x_point_id,11|2022|Veg_Meadow_497|054,1
explained,EXPLAINED_E1,month_x_year_x_vegetation_class_x_point_id,11|2022|Veg_Meadow_497|085,1
explained,EXPLAINED_E1,month_x_year_x_vegetation_class_x_point_id,11|2022|Veg_Meadow_497|090,1
explained,EXPLAINED_E1,month_x_year_x_vegetation_class_x_point_id,11|2022|Veg_Meadow_497|091,1
explained,EXPLAINED_E1,month_x_year_x_vegetation_class_x_point_id,11|2022|Veg_Meadow_497|095,1
explained,EXPLAINED_E1,month_x_year_x_vegetation_class_x_point_id,11|2022|Veg_Meadow_497|121,1
explained,EXPLAINED_E1,month_x_year_x_vegetation_class_x_point_id,11|2022|Veg_Meadow_497|124,1
explained,EXPLAINED_E1,month_x_year_x_vegetation_class_x_point_id,11|2022|Veg_Meadow_497|137,1
explained,EXPLAINED_E1,month_x_year_x_vegetation_class_x_point_id,11|2022|Veg_Meadow_497|140,1
explained,EXPLAINED_E1,month_x_year_x_vegetation_class_x_point_id,11|2022|Veg_Meadow_497|150,1
explained,EXPLAINED_E1,month_x_year_x_vegetation_class_x_point_id,11|2022|Veg_Meadow_497|152,1
explained,EXPLAINED_E1,month_x_year_x_vegetation_class_x_point_id,11|2022|Veg_Meadow_497|154,1
explained,EXPLAINED_E1,month_x_year_x_vegetation_class_x_point_id,11|2022|Veg_Meadow_499|177,1
explained,EXPLAINED_E1,month_x_year_x_vegetation_class_x_point_id,11|2022|Veg_Meadow_499|182,1
explained,EXPLAINED_E1,month_x_year_x_vegetation_class_x_point_id,11|2022|Veg_Meadow_504|200,1
explained,EXPLAINED_E1,month_x_year_x_vegetation_class_x_point_id,11|2022|Veg_Shrub|015,1
explained,EXPLAINED_E1,month_x_year_x_vegetation_class_x_point_id,11|2022|Veg_Shrub|016,1
explained,EXPLAINED_E1,month_x_year_x_vegetation_class_x_point_id,11|2022|Veg_Shrub|029,1
explained,EXPLAINED_E1,month_x_year_x_vegetation_class_x_point_id,11|2022|Veg_Sparse|245,1
explained,EXPLAINED_E1,month_x_year_x_vegetation_class_x_point_id,11|2023|Veg_Coniferous|000,1
explained,EXPLAINED_E1,month_x_year_x_vegetation_class_x_point_id,11|2023|Veg_Coniferous|003,1
explained,EXPLAINED_E1,month_x_year_x_vegetation_class_x_point_id,11|2023|Veg_Coniferous|010,1
explained,EXPLAINED_E1,month_x_year_x_vegetation_class_x_point_id,11|2023|Veg_Meadow_497|031,1
explained,EXPLAINED_E1,month_x_year_x_vegetation_class_x_point_id,11|2023|Veg_Meadow_497|056,1
explained,EXPLAINED_E1,month_x_year_x_vegetation_class_x_point_id,11|2023|Veg_Meadow_497|062,1
explained,EXPLAINED_E1,month_x_year_x_vegetation_class_x_point_id,11|2023|Veg_Meadow_497|069,1
explained,EXPLAINED_E1,month_x_year_x_vegetation_class_x_point_id,11|2023|Veg_Meadow_497|082,1
explained,EXPLAINED_E1,month_x_year_x_vegetation_class_x_point_id,11|2023|Veg_Meadow_497|087,1
explained,EXPLAINED_E1,month_x_year_x_vegetation_class_x_point_id,11|2023|Veg_Meadow_497|096,1
explained,EXPLAINED_E1,month_x_year_x_vegetation_class_x_point_id,11|2023|Veg_Meadow_497|100,1
explained,EXPLAINED_E1,month_x_year_x_vegetation_class_x_point_id,11|2023|Veg_Meadow_497|114,1
explained,EXPLAINED_E1,month_x_year_x_vegetation_class_x_point_id,11|2023|Veg_Meadow_497|130,1
explained,EXPLAINED_E1,month_x_year_x_vegetation_class_x_point_id,11|2023|Veg_Meadow_497|134,1
explained,EXPLAINED_E1,month_x_year_x_vegetation_class_x_point_id,11|2023|Veg_Meadow_497|160,1
explained,EXPLAINED_E1,month_x_year_x_vegetation_class_x_point_id,11|2023|Veg_Meadow_497|161,1
explained,EXPLAINED_E1,month_x_year_x_vegetation_class_x_point_id,11|2023|Veg_Meadow_497|167,1
explained,EXPLAINED_E1,month_x_year_x_vegetation_class_x_point_id,11|2023|Veg_Meadow_497|170,1
explained,EXPLAINED_E1,month_x_year_x_vegetation_class_x_point_id,11|2023|Veg_Meadow_499|185,1
explained,EXPLAINED_E1,month_x_year_x_vegetation_class_x_point_id,11|2023|Veg_Meadow_504|193,1
explained,EXPLAINED_E1,month_x_year_x_vegetation_class_x_point_id,11|2023|Veg_Meadow_504|196,1
explained,EXPLAINED_E1,month_x_year_x_vegetation_class_x_point_id,11|2023|Veg_Meadow_504|204,1
explained,EXPLAINED_E1,month_x_year_x_vegetation_class_x_point_id,11|2023|Veg_Meadow_504|208,1
explained,EXPLAINED_E1,month_x_year_x_vegetation_class_x_point_id,11|2023|Veg_Shrub|025,1
explained,EXPLAINED_E1,month_x_year_x_vegetation_class_x_point_id,11|2023|Veg_Sparse|218,1
explained,EXPLAINED_E1,month_x_year_x_vegetation_class_x_point_id,11|2023|Veg_Sparse|234,1
explained,EXPLAINED_E1,month_x_year_x_vegetation_class_x_point_id,11|2023|Veg_Sparse|241,1
explained,EXPLAINED_E1,month_x_year_x_vegetation_class_x_point_id,11|2024|Veg_Meadow_497|037,1
explained,EXPLAINED_E1,month_x_year_x_vegetation_class_x_point_id,11|2024|Veg_Meadow_497|055,1
explained,EXPLAINED_E1,month_x_year_x_vegetation_class_x_point_id,11|2024|Veg_Meadow_497|059,1
explained,EXPLAINED_E1,month_x_year_x_vegetation_class_x_point_id,11|2024|Veg_Meadow_497|061,1
explained,EXPLAINED_E1,month_x_year_x_vegetation_class_x_point_id,11|2024|Veg_Meadow_497|089,1
explained,EXPLAINED_E1,month_x_year_x_vegetation_class_x_point_id,11|2024|Veg_Meadow_497|098,1
explained,EXPLAINED_E1,month_x_year_x_vegetation_class_x_point_id,11|2024|Veg_Meadow_497|115,1
explained,EXPLAINED_E1,month_x_year_x_vegetation_class_x_point_id,11|2024|Veg_Meadow_497|135,1
explained,EXPLAINED_E1,month_x_year_x_vegetation_class_x_point_id,11|2024|Veg_Meadow_497|138,1
explained,EXPLAINED_E1,month_x_year_x_vegetation_class_x_point_id,11|2024|Veg_Meadow_497|142,1
explained,EXPLAINED_E1,month_x_year_x_vegetation_class_x_point_id,11|2024|Veg_Meadow_497|147,1
explained,EXPLAINED_E1,month_x_year_x_vegetation_class_x_point_id,11|2024|Veg_Meadow_497|162,1
explained,EXPLAINED_E1,month_x_year_x_vegetation_class_x_point_id,11|2024|Veg_Meadow_499|183,1
explained,EXPLAINED_E1,month_x_year_x_vegetation_class_x_point_id,11|2024|Veg_Meadow_504|192,1
explained,EXPLAINED_E1,month_x_year_x_vegetation_class_x_point_id,11|2024|Veg_Meadow_504|201,1
explained,EXPLAINED_E1,month_x_year_x_vegetation_class_x_point_id,11|2024|Veg_Meadow_504|214,1
explained,EXPLAINED_E1,month_x_year_x_vegetation_class_x_point_id,11|2024|Veg_Shrub|024,1
explained,EXPLAINED_E1,month_x_year_x_vegetation_class_x_point_id,11|2024|Veg_Sparse|240,1
explained,EXPLAINED_E1,month_x_year_x_vegetation_class_x_point_id,11|2025|Veg_Coniferous|008,1
explained,EXPLAINED_E1,month_x_year_x_vegetation_class_x_point_id,11|2025|Veg_Meadow_497|034,1
explained,EXPLAINED_E1,month_x_year_x_vegetation_class_x_point_id,11|2025|Veg_Meadow_497|049,1
explained,EXPLAINED_E1,month_x_year_x_vegetation_class_x_point_id,11|2025|Veg_Meadow_497|064,1
explained,EXPLAINED_E1,month_x_year_x_vegetation_class_x_point_id,11|2025|Veg_Meadow_497|075,1
explained,EXPLAINED_E1,month_x_year_x_vegetation_class_x_point_id,11|2025|Veg_Meadow_497|106,1
explained,EXPLAINED_E1,month_x_year_x_vegetation_class_x_point_id,11|2025|Veg_Meadow_497|155,1
explained,EXPLAINED_E1,month_x_year_x_vegetation_class_x_point_id,11|2025|Veg_Meadow_497|159,1
explained,EXPLAINED_E1,month_x_year_x_vegetation_class_x_point_id,11|2025|Veg_Meadow_497|163,1
explained,EXPLAINED_E1,month_x_year_x_vegetation_class_x_point_id,11|2025|Veg_Meadow_499|178,1
explained,EXPLAINED_E1,month_x_year_x_vegetation_class_x_point_id,11|2025|Veg_Meadow_504|190,1
explained,EXPLAINED_E1,month_x_year_x_vegetation_class_x_point_id,11|2025|Veg_Meadow_504|207,1
explained,EXPLAINED_E1,month_x_year_x_vegetation_class_x_point_id,11|2025|Veg_Shrub|028,1
explained,EXPLAINED_E1,month_x_year_x_vegetation_class_x_point_id,11|2025|Veg_Sparse|215,1
explained,EXPLAINED_E1,month_x_year_x_vegetation_class_x_point_id,11|2025|Veg_Sparse|223,1
explained,EXPLAINED_E1,month_x_year_x_vegetation_class_x_point_id,11|2025|Veg_Sparse|235,1
explained,EXPLAINED_E1,month_x_year_x_vegetation_class_x_point_id,11|2025|Veg_Sparse|237,1
explained,EXPLAINED_E1,month_x_year_x_vegetation_class_x_point_id,11|2025|Veg_Sparse|244,1
explained,EXPLAINED_E1,month_x_year_x_vegetation_class_x_point_id,12|2022|Veg_Coniferous|009,1
explained,EXPLAINED_E1,month_x_year_x_vegetation_class_x_point_id,12|2022|Veg_Meadow_497|043,1
explained,EXPLAINED_E1,month_x_year_x_vegetation_class_x_point_id,12|2022|Veg_Meadow_497|057,1
explained,EXPLAINED_E1,month_x_year_x_vegetation_class_x_point_id,12|2022|Veg_Meadow_497|077,1
explained,EXPLAINED_E1,month_x_year_x_vegetation_class_x_point_id,12|2022|Veg_Meadow_497|092,1
explained,EXPLAINED_E1,month_x_year_x_vegetation_class_x_point_id,12|2022|Veg_Meadow_497|096,1
explained,EXPLAINED_E1,month_x_year_x_vegetation_class_x_point_id,12|2022|Veg_Meadow_497|108,1
explained,EXPLAINED_E1,month_x_year_x_vegetation_class_x_point_id,12|2022|Veg_Meadow_497|117,1
explained,EXPLAINED_E1,month_x_year_x_vegetation_class_x_point_id,12|2022|Veg_Meadow_497|123,1
explained,EXPLAINED_E1,month_x_year_x_vegetation_class_x_point_id,12|2022|Veg_Meadow_497|127,1
explained,EXPLAINED_E1,month_x_year_x_vegetation_class_x_point_id,12|2022|Veg_Meadow_497|128,1
explained,EXPLAINED_E1,month_x_year_x_vegetation_class_x_point_id,12|2022|Veg_Meadow_497|131,1
explained,EXPLAINED_E1,month_x_year_x_vegetation_class_x_point_id,12|2022|Veg_Meadow_497|148,1
explained,EXPLAINED_E1,month_x_year_x_vegetation_class_x_point_id,12|2022|Veg_Meadow_497|153,1
explained,EXPLAINED_E1,month_x_year_x_vegetation_class_x_point_id,12|2022|Veg_Meadow_497|164,1
explained,EXPLAINED_E1,month_x_year_x_vegetation_class_x_point_id,12|2022|Veg_Meadow_497|166,1
explained,EXPLAINED_E1,month_x_year_x_vegetation_class_x_point_id,12|2022|Veg_Meadow_497|170,1
explained,EXPLAINED_E1,month_x_year_x_vegetation_class_x_point_id,12|2022|Veg_Meadow_499|181,1
explained,EXPLAINED_E1,month_x_year_x_vegetation_class_x_point_id,12|2022|Veg_Meadow_504|189,1
explained,EXPLAINED_E1,month_x_year_x_vegetation_class_x_point_id,12|2022|Veg_Meadow_504|195,1
explained,EXPLAINED_E1,month_x_year_x_vegetation_class_x_point_id,12|2022|Veg_Meadow_504|208,1
explained,EXPLAINED_E1,month_x_year_x_vegetation_class_x_point_id,12|2022|Veg_Shrub|019,1
explained,EXPLAINED_E1,month_x_year_x_vegetation_class_x_point_id,12|2022|Veg_Shrub|027,1
explained,EXPLAINED_E1,month_x_year_x_vegetation_class_x_point_id,12|2022|Veg_Sparse|218,1
explained,EXPLAINED_E1,month_x_year_x_vegetation_class_x_point_id,12|2022|Veg_Sparse|224,1
explained,EXPLAINED_E1,month_x_year_x_vegetation_class_x_point_id,12|2022|Veg_Sparse|229,1
explained,EXPLAINED_E1,month_x_year_x_vegetation_class_x_point_id,12|2022|Veg_Sparse|233,1
explained,EXPLAINED_E1,month_x_year_x_vegetation_class_x_point_id,12|2022|Veg_Sparse|239,1
explained,EXPLAINED_E1,month_x_year_x_vegetation_class_x_point_id,12|2023|Veg_Meadow_497|035,1
explained,EXPLAINED_E1,month_x_year_x_vegetation_class_x_point_id,12|2023|Veg_Meadow_497|037,1
explained,EXPLAINED_E1,month_x_year_x_vegetation_class_x_point_id,12|2023|Veg_Meadow_497|071,1
explained,EXPLAINED_E1,month_x_year_x_vegetation_class_x_point_id,12|2023|Veg_Meadow_497|079,1
explained,EXPLAINED_E1,month_x_year_x_vegetation_class_x_point_id,12|2023|Veg_Meadow_497|104,1
explained,EXPLAINED_E1,month_x_year_x_vegetation_class_x_point_id,12|2023|Veg_Meadow_497|119,1
explained,EXPLAINED_E1,month_x_year_x_vegetation_class_x_point_id,12|2023|Veg_Meadow_497|139,1
explained,EXPLAINED_E1,month_x_year_x_vegetation_class_x_point_id,12|2023|Veg_Meadow_497|143,1
explained,EXPLAINED_E1,month_x_year_x_vegetation_class_x_point_id,12|2023|Veg_Meadow_504|186,1
explained,EXPLAINED_E1,month_x_year_x_vegetation_class_x_point_id,12|2023|Veg_Meadow_504|213,1
explained,EXPLAINED_E1,month_x_year_x_vegetation_class_x_point_id,12|2024|Veg_Coniferous|011,1
explained,EXPLAINED_E1,month_x_year_x_vegetation_class_x_point_id,12|2024|Veg_Coniferous|013,1
explained,EXPLAINED_E1,month_x_year_x_vegetation_class_x_point_id,12|2024|Veg_Meadow_497|033,1
explained,EXPLAINED_E1,month_x_year_x_vegetation_class_x_point_id,12|2024|Veg_Meadow_497|085,1
explained,EXPLAINED_E1,month_x_year_x_vegetation_class_x_point_id,12|2024|Veg_Meadow_497|099,1
explained,EXPLAINED_E1,month_x_year_x_vegetation_class_x_point_id,12|2024|Veg_Meadow_497|111,1
explained,EXPLAINED_E1,month_x_year_x_vegetation_class_x_point_id,12|2024|Veg_Meadow_497|120,1
explained,EXPLAINED_E1,month_x_year_x_vegetation_class_x_point_id,12|2024|Veg_Meadow_497|124,1
explained,EXPLAINED_E1,month_x_year_x_vegetation_class_x_point_id,12|2024|Veg_Meadow_497|126,1
explained,EXPLAINED_E1,month_x_year_x_vegetation_class_x_point_id,12|2024|Veg_Meadow_497|141,1
explained,EXPLAINED_E1,month_x_year_x_vegetation_class_x_point_id,12|2024|Veg_Meadow_497|149,1
explained,EXPLAINED_E1,month_x_year_x_vegetation_class_x_point_id,12|2024|Veg_Meadow_497|156,1
explained,EXPLAINED_E1,month_x_year_x_vegetation_class_x_point_id,12|2024|Veg_Meadow_497|158,1
explained,EXPLAINED_E1,month_x_year_x_vegetation_class_x_point_id,12|2024|Veg_Meadow_499|175,1
explained,EXPLAINED_E1,month_x_year_x_vegetation_class_x_point_id,12|2024|Veg_Meadow_499|177,1
explained,EXPLAINED_E1,month_x_year_x_vegetation_class_x_point_id,12|2024|Veg_Meadow_504|196,1
explained,EXPLAINED_E1,month_x_year_x_vegetation_class_x_point_id,12|2024|Veg_Meadow_504|198,1
explained,EXPLAINED_E1,month_x_year_x_vegetation_class_x_point_id,12|2024|Veg_Shrub|021,1
explained,EXPLAINED_E1,month_x_year_x_vegetation_class_x_point_id,12|2024|Veg_Shrub|025,1
explained,EXPLAINED_E1,month_x_year_x_vegetation_class_x_point_id,12|2024|Veg_Sparse|217,1
explained,EXPLAINED_E1,month_x_year_x_vegetation_class_x_point_id,12|2024|Veg_Sparse|222,1
explained,EXPLAINED_E1,month_x_year_x_vegetation_class_x_point_id,12|2024|Veg_Sparse|230,1
explained,EXPLAINED_E1,month_x_year_x_vegetation_class_x_point_id,12|2024|Veg_Sparse|238,1
explained,EXPLAINED_E1,month_x_year_x_vegetation_class_x_point_id,12|2025|Veg_Coniferous|004,1
explained,EXPLAINED_E1,month_x_year_x_vegetation_class_x_point_id,12|2025|Veg_Coniferous|014,1
explained,EXPLAINED_E1,month_x_year_x_vegetation_class_x_point_id,12|2025|Veg_Meadow_497|038,1
explained,EXPLAINED_E1,month_x_year_x_vegetation_class_x_point_id,12|2025|Veg_Meadow_497|042,1
explained,EXPLAINED_E1,month_x_year_x_vegetation_class_x_point_id,12|2025|Veg_Meadow_497|045,1
explained,EXPLAINED_E1,month_x_year_x_vegetation_class_x_point_id,12|2025|Veg_Meadow_497|063,1
explained,EXPLAINED_E1,month_x_year_x_vegetation_class_x_point_id,12|2025|Veg_Meadow_497|073,1
explained,EXPLAINED_E1,month_x_year_x_vegetation_class_x_point_id,12|2025|Veg_Meadow_497|095,1
explained,EXPLAINED_E1,month_x_year_x_vegetation_class_x_point_id,12|2025|Veg_Meadow_497|100,1
explained,EXPLAINED_E1,month_x_year_x_vegetation_class_x_point_id,12|2025|Veg_Meadow_497|107,1
explained,EXPLAINED_E1,month_x_year_x_vegetation_class_x_point_id,12|2025|Veg_Meadow_497|122,1
explained,EXPLAINED_E1,month_x_year_x_vegetation_class_x_point_id,12|2025|Veg_Meadow_497|125,1
explained,EXPLAINED_E1,month_x_year_x_vegetation_class_x_point_id,12|2025|Veg_Meadow_497|144,1
explained,EXPLAINED_E1,month_x_year_x_vegetation_class_x_point_id,12|2025|Veg_Meadow_497|157,1
explained,EXPLAINED_E1,month_x_year_x_vegetation_class_x_point_id,12|2025|Veg_Meadow_499|172,1
explained,EXPLAINED_E1,month_x_year_x_vegetation_class_x_point_id,12|2025|Veg_Meadow_499|175,1
explained,EXPLAINED_E1,month_x_year_x_vegetation_class_x_point_id,12|2025|Veg_Meadow_499|185,1
explained,EXPLAINED_E1,month_x_year_x_vegetation_class_x_point_id,12|2025|Veg_Meadow_504|197,1
explained,EXPLAINED_E1,month_x_year_x_vegetation_class_x_point_id,12|2025|Veg_Meadow_504|199,1
explained,EXPLAINED_E1,month_x_year_x_vegetation_class_x_point_id,12|2025|Veg_Meadow_504|201,1
explained,EXPLAINED_E1,month_x_year_x_vegetation_class_x_point_id,12|2025|Veg_Shrub|023,1
explained,EXPLAINED_E1,month_x_year_x_vegetation_class_x_point_id,12|2025|Veg_Sparse|236,1
explained,EXPLAINED_E2,overall,all,1000
explained,EXPLAINED_E2,unique_point_id,all,247
explained,EXPLAINED_E2,month,1,84
explained,EXPLAINED_E2,month,2,84
explained,EXPLAINED_E2,month,3,83
explained,EXPLAINED_E2,month,4,83
explained,EXPLAINED_E2,month,5,84
explained,EXPLAINED_E2,month,6,83
explained,EXPLAINED_E2,month,7,83
explained,EXPLAINED_E2,month,8,83
explained,EXPLAINED_E2,month,9,83
explained,EXPLAINED_E2,month,10,83
explained,EXPLAINED_E2,month,11,84
explained,EXPLAINED_E2,month,12,83
explained,EXPLAINED_E2,year,2022,250
explained,EXPLAINED_E2,year,2023,250
explained,EXPLAINED_E2,year,2024,250
explained,EXPLAINED_E2,year,2025,250
explained,EXPLAINED_E2,vegetation_class,Veg_Coniferous,64
explained,EXPLAINED_E2,vegetation_class,Veg_Meadow_497,564
explained,EXPLAINED_E2,vegetation_class,Veg_Meadow_499,64
explained,EXPLAINED_E2,vegetation_class,Veg_Meadow_504,116
explained,EXPLAINED_E2,vegetation_class,Veg_Shrub,64
explained,EXPLAINED_E2,vegetation_class,Veg_Sparse,128
explained,EXPLAINED_E2,point_id,000,5
explained,EXPLAINED_E2,point_id,001,5
explained,EXPLAINED_E2,point_id,002,4
explained,EXPLAINED_E2,point_id,003,4
explained,EXPLAINED_E2,point_id,004,4
explained,EXPLAINED_E2,point_id,005,4
explained,EXPLAINED_E2,point_id,006,4
explained,EXPLAINED_E2,point_id,007,5
explained,EXPLAINED_E2,point_id,008,4
explained,EXPLAINED_E2,point_id,009,4
explained,EXPLAINED_E2,point_id,010,4
explained,EXPLAINED_E2,point_id,011,4
explained,EXPLAINED_E2,point_id,012,4
explained,EXPLAINED_E2,point_id,013,5
explained,EXPLAINED_E2,point_id,014,4
explained,EXPLAINED_E2,point_id,015,4
explained,EXPLAINED_E2,point_id,016,4
explained,EXPLAINED_E2,point_id,017,5
explained,EXPLAINED_E2,point_id,018,5
explained,EXPLAINED_E2,point_id,019,4
explained,EXPLAINED_E2,point_id,020,4
explained,EXPLAINED_E2,point_id,021,4
explained,EXPLAINED_E2,point_id,022,4
explained,EXPLAINED_E2,point_id,023,4
explained,EXPLAINED_E2,point_id,024,5
explained,EXPLAINED_E2,point_id,025,4
explained,EXPLAINED_E2,point_id,026,4
explained,EXPLAINED_E2,point_id,027,4
explained,EXPLAINED_E2,point_id,028,5
explained,EXPLAINED_E2,point_id,029,4
explained,EXPLAINED_E2,point_id,030,4
explained,EXPLAINED_E2,point_id,031,4
explained,EXPLAINED_E2,point_id,032,4
explained,EXPLAINED_E2,point_id,033,4
explained,EXPLAINED_E2,point_id,034,4
explained,EXPLAINED_E2,point_id,035,4
explained,EXPLAINED_E2,point_id,036,4
explained,EXPLAINED_E2,point_id,037,4
explained,EXPLAINED_E2,point_id,038,4
explained,EXPLAINED_E2,point_id,039,4
explained,EXPLAINED_E2,point_id,040,4
explained,EXPLAINED_E2,point_id,041,4
explained,EXPLAINED_E2,point_id,042,4
explained,EXPLAINED_E2,point_id,043,4
explained,EXPLAINED_E2,point_id,044,4
explained,EXPLAINED_E2,point_id,045,4
explained,EXPLAINED_E2,point_id,046,4
explained,EXPLAINED_E2,point_id,047,4
explained,EXPLAINED_E2,point_id,048,4
explained,EXPLAINED_E2,point_id,049,4
explained,EXPLAINED_E2,point_id,050,4
explained,EXPLAINED_E2,point_id,051,4
explained,EXPLAINED_E2,point_id,052,4
explained,EXPLAINED_E2,point_id,053,4
explained,EXPLAINED_E2,point_id,054,4
explained,EXPLAINED_E2,point_id,055,4
explained,EXPLAINED_E2,point_id,056,4
explained,EXPLAINED_E2,point_id,057,4
explained,EXPLAINED_E2,point_id,058,4
explained,EXPLAINED_E2,point_id,059,4
explained,EXPLAINED_E2,point_id,060,4
explained,EXPLAINED_E2,point_id,061,4
explained,EXPLAINED_E2,point_id,062,4
explained,EXPLAINED_E2,point_id,063,4
explained,EXPLAINED_E2,point_id,064,4
explained,EXPLAINED_E2,point_id,065,4
explained,EXPLAINED_E2,point_id,066,4
explained,EXPLAINED_E2,point_id,067,4
explained,EXPLAINED_E2,point_id,068,4
explained,EXPLAINED_E2,point_id,069,4
explained,EXPLAINED_E2,point_id,070,4
explained,EXPLAINED_E2,point_id,071,4
explained,EXPLAINED_E2,point_id,072,4
explained,EXPLAINED_E2,point_id,073,4
explained,EXPLAINED_E2,point_id,074,4
explained,EXPLAINED_E2,point_id,075,4
explained,EXPLAINED_E2,point_id,076,4
explained,EXPLAINED_E2,point_id,077,4
explained,EXPLAINED_E2,point_id,078,4
explained,EXPLAINED_E2,point_id,079,4
explained,EXPLAINED_E2,point_id,080,4
explained,EXPLAINED_E2,point_id,081,4
explained,EXPLAINED_E2,point_id,082,4
explained,EXPLAINED_E2,point_id,083,4
explained,EXPLAINED_E2,point_id,084,4
explained,EXPLAINED_E2,point_id,085,4
explained,EXPLAINED_E2,point_id,086,4
explained,EXPLAINED_E2,point_id,087,4
explained,EXPLAINED_E2,point_id,088,4
explained,EXPLAINED_E2,point_id,089,4
explained,EXPLAINED_E2,point_id,090,4
explained,EXPLAINED_E2,point_id,091,4
explained,EXPLAINED_E2,point_id,092,4
explained,EXPLAINED_E2,point_id,093,4
explained,EXPLAINED_E2,point_id,094,4
explained,EXPLAINED_E2,point_id,095,4
explained,EXPLAINED_E2,point_id,096,4
explained,EXPLAINED_E2,point_id,097,4
explained,EXPLAINED_E2,point_id,098,4
explained,EXPLAINED_E2,point_id,099,4
explained,EXPLAINED_E2,point_id,100,4
explained,EXPLAINED_E2,point_id,101,4
explained,EXPLAINED_E2,point_id,102,4
explained,EXPLAINED_E2,point_id,103,4
explained,EXPLAINED_E2,point_id,104,4
explained,EXPLAINED_E2,point_id,105,4
explained,EXPLAINED_E2,point_id,106,4
explained,EXPLAINED_E2,point_id,107,4
explained,EXPLAINED_E2,point_id,108,4
explained,EXPLAINED_E2,point_id,109,4
explained,EXPLAINED_E2,point_id,110,4
explained,EXPLAINED_E2,point_id,111,4
explained,EXPLAINED_E2,point_id,112,4
explained,EXPLAINED_E2,point_id,113,4
explained,EXPLAINED_E2,point_id,114,4
explained,EXPLAINED_E2,point_id,115,4
explained,EXPLAINED_E2,point_id,116,4
explained,EXPLAINED_E2,point_id,117,4
explained,EXPLAINED_E2,point_id,118,4
explained,EXPLAINED_E2,point_id,119,4
explained,EXPLAINED_E2,point_id,120,4
explained,EXPLAINED_E2,point_id,121,4
explained,EXPLAINED_E2,point_id,122,4
explained,EXPLAINED_E2,point_id,123,4
explained,EXPLAINED_E2,point_id,124,4
explained,EXPLAINED_E2,point_id,125,4
explained,EXPLAINED_E2,point_id,126,4
explained,EXPLAINED_E2,point_id,127,4
explained,EXPLAINED_E2,point_id,128,4
explained,EXPLAINED_E2,point_id,129,4
explained,EXPLAINED_E2,point_id,130,4
explained,EXPLAINED_E2,point_id,131,4
explained,EXPLAINED_E2,point_id,132,4
explained,EXPLAINED_E2,point_id,133,4
explained,EXPLAINED_E2,point_id,134,4
explained,EXPLAINED_E2,point_id,135,4
explained,EXPLAINED_E2,point_id,136,4
explained,EXPLAINED_E2,point_id,137,4
explained,EXPLAINED_E2,point_id,138,4
explained,EXPLAINED_E2,point_id,139,4
explained,EXPLAINED_E2,point_id,140,4
explained,EXPLAINED_E2,point_id,141,4
explained,EXPLAINED_E2,point_id,142,4
explained,EXPLAINED_E2,point_id,143,4
explained,EXPLAINED_E2,point_id,144,4
explained,EXPLAINED_E2,point_id,145,4
explained,EXPLAINED_E2,point_id,146,4
explained,EXPLAINED_E2,point_id,147,4
explained,EXPLAINED_E2,point_id,148,4
explained,EXPLAINED_E2,point_id,149,4
explained,EXPLAINED_E2,point_id,150,4
explained,EXPLAINED_E2,point_id,151,4
explained,EXPLAINED_E2,point_id,152,4
explained,EXPLAINED_E2,point_id,153,4
explained,EXPLAINED_E2,point_id,154,4
explained,EXPLAINED_E2,point_id,155,4
explained,EXPLAINED_E2,point_id,156,4
explained,EXPLAINED_E2,point_id,157,4
explained,EXPLAINED_E2,point_id,158,4
explained,EXPLAINED_E2,point_id,159,4
explained,EXPLAINED_E2,point_id,160,4
explained,EXPLAINED_E2,point_id,161,4
explained,EXPLAINED_E2,point_id,162,4
explained,EXPLAINED_E2,point_id,163,4
explained,EXPLAINED_E2,point_id,164,4
explained,EXPLAINED_E2,point_id,165,4
explained,EXPLAINED_E2,point_id,166,4
explained,EXPLAINED_E2,point_id,167,4
explained,EXPLAINED_E2,point_id,168,4
explained,EXPLAINED_E2,point_id,169,4
explained,EXPLAINED_E2,point_id,170,4
explained,EXPLAINED_E2,point_id,171,5
explained,EXPLAINED_E2,point_id,172,5
explained,EXPLAINED_E2,point_id,173,4
explained,EXPLAINED_E2,point_id,174,4
explained,EXPLAINED_E2,point_id,175,4
explained,EXPLAINED_E2,point_id,176,4
explained,EXPLAINED_E2,point_id,177,4
explained,EXPLAINED_E2,point_id,178,5
explained,EXPLAINED_E2,point_id,179,4
explained,EXPLAINED_E2,point_id,180,4
explained,EXPLAINED_E2,point_id,181,4
explained,EXPLAINED_E2,point_id,182,4
explained,EXPLAINED_E2,point_id,183,4
explained,EXPLAINED_E2,point_id,184,4
explained,EXPLAINED_E2,point_id,185,5
explained,EXPLAINED_E2,point_id,186,4
explained,EXPLAINED_E2,point_id,187,4
explained,EXPLAINED_E2,point_id,188,4
explained,EXPLAINED_E2,point_id,189,4
explained,EXPLAINED_E2,point_id,190,4
explained,EXPLAINED_E2,point_id,191,4
explained,EXPLAINED_E2,point_id,192,4
explained,EXPLAINED_E2,point_id,193,4
explained,EXPLAINED_E2,point_id,194,4
explained,EXPLAINED_E2,point_id,195,4
explained,EXPLAINED_E2,point_id,196,4
explained,EXPLAINED_E2,point_id,197,4
explained,EXPLAINED_E2,point_id,198,4
explained,EXPLAINED_E2,point_id,199,4
explained,EXPLAINED_E2,point_id,200,4
explained,EXPLAINED_E2,point_id,201,4
explained,EXPLAINED_E2,point_id,202,4
explained,EXPLAINED_E2,point_id,203,4
explained,EXPLAINED_E2,point_id,204,4
explained,EXPLAINED_E2,point_id,205,4
explained,EXPLAINED_E2,point_id,206,4
explained,EXPLAINED_E2,point_id,207,4
explained,EXPLAINED_E2,point_id,208,4
explained,EXPLAINED_E2,point_id,209,4
explained,EXPLAINED_E2,point_id,210,4
explained,EXPLAINED_E2,point_id,211,4
explained,EXPLAINED_E2,point_id,212,4
explained,EXPLAINED_E2,point_id,213,4
explained,EXPLAINED_E2,point_id,214,4
explained,EXPLAINED_E2,point_id,215,4
explained,EXPLAINED_E2,point_id,216,4
explained,EXPLAINED_E2,point_id,217,4
explained,EXPLAINED_E2,point_id,218,4
explained,EXPLAINED_E2,point_id,219,4
explained,EXPLAINED_E2,point_id,220,4
explained,EXPLAINED_E2,point_id,221,4
explained,EXPLAINED_E2,point_id,222,4
explained,EXPLAINED_E2,point_id,223,4
explained,EXPLAINED_E2,point_id,224,4
explained,EXPLAINED_E2,point_id,225,4
explained,EXPLAINED_E2,point_id,226,4
explained,EXPLAINED_E2,point_id,227,4
explained,EXPLAINED_E2,point_id,228,4
explained,EXPLAINED_E2,point_id,229,4
explained,EXPLAINED_E2,point_id,230,4
explained,EXPLAINED_E2,point_id,231,4
explained,EXPLAINED_E2,point_id,232,4
explained,EXPLAINED_E2,point_id,233,4
explained,EXPLAINED_E2,point_id,234,4
explained,EXPLAINED_E2,point_id,235,4
explained,EXPLAINED_E2,point_id,236,4
explained,EXPLAINED_E2,point_id,237,4
explained,EXPLAINED_E2,point_id,238,4
explained,EXPLAINED_E2,point_id,239,4
explained,EXPLAINED_E2,point_id,240,4
explained,EXPLAINED_E2,point_id,241,4
explained,EXPLAINED_E2,point_id,242,4
explained,EXPLAINED_E2,point_id,243,4
explained,EXPLAINED_E2,point_id,244,4
explained,EXPLAINED_E2,point_id,245,4
explained,EXPLAINED_E2,point_id,246,4
explained,EXPLAINED_E2,month_x_year_x_vegetation_class_x_point_id,1|2022|Veg_Coniferous|006,1
explained,EXPLAINED_E2,month_x_year_x_vegetation_class_x_point_id,1|2022|Veg_Meadow_497|035,1
explained,EXPLAINED_E2,month_x_year_x_vegetation_class_x_point_id,1|2022|Veg_Meadow_497|044,1
explained,EXPLAINED_E2,month_x_year_x_vegetation_class_x_point_id,1|2022|Veg_Meadow_497|057,1
explained,EXPLAINED_E2,month_x_year_x_vegetation_class_x_point_id,1|2022|Veg_Meadow_497|063,1
explained,EXPLAINED_E2,month_x_year_x_vegetation_class_x_point_id,1|2022|Veg_Meadow_497|065,1
explained,EXPLAINED_E2,month_x_year_x_vegetation_class_x_point_id,1|2022|Veg_Meadow_497|080,1
explained,EXPLAINED_E2,month_x_year_x_vegetation_class_x_point_id,1|2022|Veg_Meadow_497|086,1
explained,EXPLAINED_E2,month_x_year_x_vegetation_class_x_point_id,1|2022|Veg_Meadow_497|096,1
explained,EXPLAINED_E2,month_x_year_x_vegetation_class_x_point_id,1|2022|Veg_Meadow_497|131,1
explained,EXPLAINED_E2,month_x_year_x_vegetation_class_x_point_id,1|2022|Veg_Meadow_497|139,1
explained,EXPLAINED_E2,month_x_year_x_vegetation_class_x_point_id,1|2022|Veg_Meadow_499|172,1
explained,EXPLAINED_E2,month_x_year_x_vegetation_class_x_point_id,1|2022|Veg_Meadow_499|173,1
explained,EXPLAINED_E2,month_x_year_x_vegetation_class_x_point_id,1|2022|Veg_Meadow_504|210,1
explained,EXPLAINED_E2,month_x_year_x_vegetation_class_x_point_id,1|2022|Veg_Shrub|029,1
explained,EXPLAINED_E2,month_x_year_x_vegetation_class_x_point_id,1|2023|Veg_Meadow_497|059,1
explained,EXPLAINED_E2,month_x_year_x_vegetation_class_x_point_id,1|2023|Veg_Meadow_497|066,1
explained,EXPLAINED_E2,month_x_year_x_vegetation_class_x_point_id,1|2023|Veg_Meadow_497|076,1
explained,EXPLAINED_E2,month_x_year_x_vegetation_class_x_point_id,1|2023|Veg_Meadow_497|136,1
explained,EXPLAINED_E2,month_x_year_x_vegetation_class_x_point_id,1|2023|Veg_Meadow_497|150,1
explained,EXPLAINED_E2,month_x_year_x_vegetation_class_x_point_id,1|2023|Veg_Meadow_497|161,1
explained,EXPLAINED_E2,month_x_year_x_vegetation_class_x_point_id,1|2023|Veg_Meadow_497|167,1
explained,EXPLAINED_E2,month_x_year_x_vegetation_class_x_point_id,1|2023|Veg_Meadow_499|177,1
explained,EXPLAINED_E2,month_x_year_x_vegetation_class_x_point_id,1|2023|Veg_Meadow_499|178,1
explained,EXPLAINED_E2,month_x_year_x_vegetation_class_x_point_id,1|2023|Veg_Meadow_504|194,1
explained,EXPLAINED_E2,month_x_year_x_vegetation_class_x_point_id,1|2023|Veg_Shrub|017,1
explained,EXPLAINED_E2,month_x_year_x_vegetation_class_x_point_id,1|2023|Veg_Sparse|217,1
explained,EXPLAINED_E2,month_x_year_x_vegetation_class_x_point_id,1|2023|Veg_Sparse|218,1
explained,EXPLAINED_E2,month_x_year_x_vegetation_class_x_point_id,1|2023|Veg_Sparse|231,1
explained,EXPLAINED_E2,month_x_year_x_vegetation_class_x_point_id,1|2023|Veg_Sparse|243,1
explained,EXPLAINED_E2,month_x_year_x_vegetation_class_x_point_id,1|2023|Veg_Sparse|246,1
explained,EXPLAINED_E2,month_x_year_x_vegetation_class_x_point_id,1|2024|Veg_Coniferous|013,1
explained,EXPLAINED_E2,month_x_year_x_vegetation_class_x_point_id,1|2024|Veg_Meadow_497|030,1
explained,EXPLAINED_E2,month_x_year_x_vegetation_class_x_point_id,1|2024|Veg_Meadow_497|056,1
explained,EXPLAINED_E2,month_x_year_x_vegetation_class_x_point_id,1|2024|Veg_Meadow_497|073,1
explained,EXPLAINED_E2,month_x_year_x_vegetation_class_x_point_id,1|2024|Veg_Meadow_497|081,1
explained,EXPLAINED_E2,month_x_year_x_vegetation_class_x_point_id,1|2024|Veg_Meadow_497|088,1
explained,EXPLAINED_E2,month_x_year_x_vegetation_class_x_point_id,1|2024|Veg_Meadow_497|090,1
explained,EXPLAINED_E2,month_x_year_x_vegetation_class_x_point_id,1|2024|Veg_Meadow_497|091,1
explained,EXPLAINED_E2,month_x_year_x_vegetation_class_x_point_id,1|2024|Veg_Meadow_497|125,1
explained,EXPLAINED_E2,month_x_year_x_vegetation_class_x_point_id,1|2024|Veg_Meadow_497|132,1
explained,EXPLAINED_E2,month_x_year_x_vegetation_class_x_point_id,1|2024|Veg_Meadow_497|133,1
explained,EXPLAINED_E2,month_x_year_x_vegetation_class_x_point_id,1|2024|Veg_Meadow_497|159,1
explained,EXPLAINED_E2,month_x_year_x_vegetation_class_x_point_id,1|2024|Veg_Meadow_497|163,1
explained,EXPLAINED_E2,month_x_year_x_vegetation_class_x_point_id,1|2024|Veg_Meadow_497|166,1
explained,EXPLAINED_E2,month_x_year_x_vegetation_class_x_point_id,1|2024|Veg_Meadow_499|171,1
explained,EXPLAINED_E2,month_x_year_x_vegetation_class_x_point_id,1|2024|Veg_Meadow_504|198,1
explained,EXPLAINED_E2,month_x_year_x_vegetation_class_x_point_id,1|2024|Veg_Meadow_504|205,1
explained,EXPLAINED_E2,month_x_year_x_vegetation_class_x_point_id,1|2024|Veg_Sparse|220,1
explained,EXPLAINED_E2,month_x_year_x_vegetation_class_x_point_id,1|2024|Veg_Sparse|226,1
explained,EXPLAINED_E2,month_x_year_x_vegetation_class_x_point_id,1|2024|Veg_Sparse|229,1
explained,EXPLAINED_E2,month_x_year_x_vegetation_class_x_point_id,1|2024|Veg_Sparse|241,1
explained,EXPLAINED_E2,month_x_year_x_vegetation_class_x_point_id,1|2025|Veg_Coniferous|001,1
explained,EXPLAINED_E2,month_x_year_x_vegetation_class_x_point_id,1|2025|Veg_Coniferous|009,1
explained,EXPLAINED_E2,month_x_year_x_vegetation_class_x_point_id,1|2025|Veg_Coniferous|013,1
explained,EXPLAINED_E2,month_x_year_x_vegetation_class_x_point_id,1|2025|Veg_Coniferous|014,1
explained,EXPLAINED_E2,month_x_year_x_vegetation_class_x_point_id,1|2025|Veg_Meadow_497|049,1
explained,EXPLAINED_E2,month_x_year_x_vegetation_class_x_point_id,1|2025|Veg_Meadow_497|058,1
explained,EXPLAINED_E2,month_x_year_x_vegetation_class_x_point_id,1|2025|Veg_Meadow_497|072,1
explained,EXPLAINED_E2,month_x_year_x_vegetation_class_x_point_id,1|2025|Veg_Meadow_497|075,1
explained,EXPLAINED_E2,month_x_year_x_vegetation_class_x_point_id,1|2025|Veg_Meadow_497|082,1
explained,EXPLAINED_E2,month_x_year_x_vegetation_class_x_point_id,1|2025|Veg_Meadow_497|085,1
explained,EXPLAINED_E2,month_x_year_x_vegetation_class_x_point_id,1|2025|Veg_Meadow_497|098,1
explained,EXPLAINED_E2,month_x_year_x_vegetation_class_x_point_id,1|2025|Veg_Meadow_497|101,1
explained,EXPLAINED_E2,month_x_year_x_vegetation_class_x_point_id,1|2025|Veg_Meadow_497|106,1
explained,EXPLAINED_E2,month_x_year_x_vegetation_class_x_point_id,1|2025|Veg_Meadow_497|107,1
explained,EXPLAINED_E2,month_x_year_x_vegetation_class_x_point_id,1|2025|Veg_Meadow_497|109,1
explained,EXPLAINED_E2,month_x_year_x_vegetation_class_x_point_id,1|2025|Veg_Meadow_497|120,1
explained,EXPLAINED_E2,month_x_year_x_vegetation_class_x_point_id,1|2025|Veg_Meadow_497|128,1
explained,EXPLAINED_E2,month_x_year_x_vegetation_class_x_point_id,1|2025|Veg_Meadow_497|129,1
explained,EXPLAINED_E2,month_x_year_x_vegetation_class_x_point_id,1|2025|Veg_Meadow_497|134,1
explained,EXPLAINED_E2,month_x_year_x_vegetation_class_x_point_id,1|2025|Veg_Meadow_497|157,1
explained,EXPLAINED_E2,month_x_year_x_vegetation_class_x_point_id,1|2025|Veg_Meadow_497|165,1
explained,EXPLAINED_E2,month_x_year_x_vegetation_class_x_point_id,1|2025|Veg_Meadow_504|190,1
explained,EXPLAINED_E2,month_x_year_x_vegetation_class_x_point_id,1|2025|Veg_Meadow_504|196,1
explained,EXPLAINED_E2,month_x_year_x_vegetation_class_x_point_id,1|2025|Veg_Meadow_504|201,1
explained,EXPLAINED_E2,month_x_year_x_vegetation_class_x_point_id,1|2025|Veg_Meadow_504|203,1
explained,EXPLAINED_E2,month_x_year_x_vegetation_class_x_point_id,1|2025|Veg_Meadow_504|204,1
explained,EXPLAINED_E2,month_x_year_x_vegetation_class_x_point_id,1|2025|Veg_Meadow_504|206,1
explained,EXPLAINED_E2,month_x_year_x_vegetation_class_x_point_id,1|2025|Veg_Shrub|018,1
explained,EXPLAINED_E2,month_x_year_x_vegetation_class_x_point_id,1|2025|Veg_Shrub|019,1
explained,EXPLAINED_E2,month_x_year_x_vegetation_class_x_point_id,1|2025|Veg_Shrub|023,1
explained,EXPLAINED_E2,month_x_year_x_vegetation_class_x_point_id,1|2025|Veg_Sparse|232,1
explained,EXPLAINED_E2,month_x_year_x_vegetation_class_x_point_id,1|2025|Veg_Sparse|240,1
explained,EXPLAINED_E2,month_x_year_x_vegetation_class_x_point_id,2|2022|Veg_Coniferous|001,1
explained,EXPLAINED_E2,month_x_year_x_vegetation_class_x_point_id,2|2022|Veg_Coniferous|005,1
explained,EXPLAINED_E2,month_x_year_x_vegetation_class_x_point_id,2|2022|Veg_Coniferous|010,1
explained,EXPLAINED_E2,month_x_year_x_vegetation_class_x_point_id,2|2022|Veg_Coniferous|014,1
explained,EXPLAINED_E2,month_x_year_x_vegetation_class_x_point_id,2|2022|Veg_Meadow_497|042,1
explained,EXPLAINED_E2,month_x_year_x_vegetation_class_x_point_id,2|2022|Veg_Meadow_497|056,1
explained,EXPLAINED_E2,month_x_year_x_vegetation_class_x_point_id,2|2022|Veg_Meadow_497|068,1
explained,EXPLAINED_E2,month_x_year_x_vegetation_class_x_point_id,2|2022|Veg_Meadow_497|070,1
explained,EXPLAINED_E2,month_x_year_x_vegetation_class_x_point_id,2|2022|Veg_Meadow_497|093,1
explained,EXPLAINED_E2,month_x_year_x_vegetation_class_x_point_id,2|2022|Veg_Meadow_497|110,1
explained,EXPLAINED_E2,month_x_year_x_vegetation_class_x_point_id,2|2022|Veg_Meadow_497|114,1
explained,EXPLAINED_E2,month_x_year_x_vegetation_class_x_point_id,2|2022|Veg_Meadow_497|116,1
explained,EXPLAINED_E2,month_x_year_x_vegetation_class_x_point_id,2|2022|Veg_Meadow_497|158,1
explained,EXPLAINED_E2,month_x_year_x_vegetation_class_x_point_id,2|2022|Veg_Meadow_497|162,1
explained,EXPLAINED_E2,month_x_year_x_vegetation_class_x_point_id,2|2022|Veg_Meadow_499|177,1
explained,EXPLAINED_E2,month_x_year_x_vegetation_class_x_point_id,2|2022|Veg_Meadow_504|191,1
explained,EXPLAINED_E2,month_x_year_x_vegetation_class_x_point_id,2|2022|Veg_Meadow_504|196,1
explained,EXPLAINED_E2,month_x_year_x_vegetation_class_x_point_id,2|2022|Veg_Sparse|216,1
explained,EXPLAINED_E2,month_x_year_x_vegetation_class_x_point_id,2|2022|Veg_Sparse|219,1
explained,EXPLAINED_E2,month_x_year_x_vegetation_class_x_point_id,2|2022|Veg_Sparse|220,1
explained,EXPLAINED_E2,month_x_year_x_vegetation_class_x_point_id,2|2022|Veg_Sparse|237,1
explained,EXPLAINED_E2,month_x_year_x_vegetation_class_x_point_id,2|2023|Veg_Coniferous|000,1
explained,EXPLAINED_E2,month_x_year_x_vegetation_class_x_point_id,2|2023|Veg_Coniferous|013,1
explained,EXPLAINED_E2,month_x_year_x_vegetation_class_x_point_id,2|2023|Veg_Meadow_497|030,1
explained,EXPLAINED_E2,month_x_year_x_vegetation_class_x_point_id,2|2023|Veg_Meadow_497|032,1
explained,EXPLAINED_E2,month_x_year_x_vegetation_class_x_point_id,2|2023|Veg_Meadow_497|038,1
explained,EXPLAINED_E2,month_x_year_x_vegetation_class_x_point_id,2|2023|Veg_Meadow_497|049,1
explained,EXPLAINED_E2,month_x_year_x_vegetation_class_x_point_id,2|2023|Veg_Meadow_497|061,1
explained,EXPLAINED_E2,month_x_year_x_vegetation_class_x_point_id,2|2023|Veg_Meadow_497|090,1
explained,EXPLAINED_E2,month_x_year_x_vegetation_class_x_point_id,2|2023|Veg_Meadow_497|095,1
explained,EXPLAINED_E2,month_x_year_x_vegetation_class_x_point_id,2|2023|Veg_Meadow_497|103,1
explained,EXPLAINED_E2,month_x_year_x_vegetation_class_x_point_id,2|2023|Veg_Meadow_497|105,1
explained,EXPLAINED_E2,month_x_year_x_vegetation_class_x_point_id,2|2023|Veg_Meadow_497|115,1
explained,EXPLAINED_E2,month_x_year_x_vegetation_class_x_point_id,2|2023|Veg_Meadow_497|119,1
explained,EXPLAINED_E2,month_x_year_x_vegetation_class_x_point_id,2|2023|Veg_Meadow_497|128,1
explained,EXPLAINED_E2,month_x_year_x_vegetation_class_x_point_id,2|2023|Veg_Meadow_497|132,1
explained,EXPLAINED_E2,month_x_year_x_vegetation_class_x_point_id,2|2023|Veg_Meadow_497|144,1
explained,EXPLAINED_E2,month_x_year_x_vegetation_class_x_point_id,2|2023|Veg_Meadow_497|145,1
explained,EXPLAINED_E2,month_x_year_x_vegetation_class_x_point_id,2|2023|Veg_Meadow_497|156,1
explained,EXPLAINED_E2,month_x_year_x_vegetation_class_x_point_id,2|2023|Veg_Meadow_497|169,1
explained,EXPLAINED_E2,month_x_year_x_vegetation_class_x_point_id,2|2023|Veg_Meadow_499|180,1
explained,EXPLAINED_E2,month_x_year_x_vegetation_class_x_point_id,2|2023|Veg_Meadow_504|187,1
explained,EXPLAINED_E2,month_x_year_x_vegetation_class_x_point_id,2|2023|Veg_Meadow_504|195,1
explained,EXPLAINED_E2,month_x_year_x_vegetation_class_x_point_id,2|2023|Veg_Meadow_504|203,1
explained,EXPLAINED_E2,month_x_year_x_vegetation_class_x_point_id,2|2023|Veg_Shrub|022,1
explained,EXPLAINED_E2,month_x_year_x_vegetation_class_x_point_id,2|2023|Veg_Sparse|222,1
explained,EXPLAINED_E2,month_x_year_x_vegetation_class_x_point_id,2|2023|Veg_Sparse|239,1
explained,EXPLAINED_E2,month_x_year_x_vegetation_class_x_point_id,2|2024|Veg_Meadow_497|041,1
explained,EXPLAINED_E2,month_x_year_x_vegetation_class_x_point_id,2|2024|Veg_Meadow_497|075,1
explained,EXPLAINED_E2,month_x_year_x_vegetation_class_x_point_id,2|2024|Veg_Meadow_497|112,1
explained,EXPLAINED_E2,month_x_year_x_vegetation_class_x_point_id,2|2024|Veg_Meadow_497|113,1
explained,EXPLAINED_E2,month_x_year_x_vegetation_class_x_point_id,2|2024|Veg_Meadow_497|134,1
explained,EXPLAINED_E2,month_x_year_x_vegetation_class_x_point_id,2|2024|Veg_Meadow_497|136,1
explained,EXPLAINED_E2,month_x_year_x_vegetation_class_x_point_id,2|2024|Veg_Meadow_497|143,1
explained,EXPLAINED_E2,month_x_year_x_vegetation_class_x_point_id,2|2024|Veg_Meadow_497|146,1
explained,EXPLAINED_E2,month_x_year_x_vegetation_class_x_point_id,2|2024|Veg_Meadow_497|148,1
explained,EXPLAINED_E2,month_x_year_x_vegetation_class_x_point_id,2|2024|Veg_Meadow_497|168,1
explained,EXPLAINED_E2,month_x_year_x_vegetation_class_x_point_id,2|2024|Veg_Meadow_497|170,1
explained,EXPLAINED_E2,month_x_year_x_vegetation_class_x_point_id,2|2024|Veg_Meadow_499|173,1
explained,EXPLAINED_E2,month_x_year_x_vegetation_class_x_point_id,2|2024|Veg_Meadow_499|176,1
explained,EXPLAINED_E2,month_x_year_x_vegetation_class_x_point_id,2|2024|Veg_Meadow_504|190,1
explained,EXPLAINED_E2,month_x_year_x_vegetation_class_x_point_id,2|2024|Veg_Meadow_504|207,1
explained,EXPLAINED_E2,month_x_year_x_vegetation_class_x_point_id,2|2024|Veg_Meadow_504|211,1
explained,EXPLAINED_E2,month_x_year_x_vegetation_class_x_point_id,2|2024|Veg_Shrub|027,1
explained,EXPLAINED_E2,month_x_year_x_vegetation_class_x_point_id,2|2024|Veg_Sparse|221,1
explained,EXPLAINED_E2,month_x_year_x_vegetation_class_x_point_id,2|2024|Veg_Sparse|236,1
explained,EXPLAINED_E2,month_x_year_x_vegetation_class_x_point_id,2|2024|Veg_Sparse|238,1
explained,EXPLAINED_E2,month_x_year_x_vegetation_class_x_point_id,2|2025|Veg_Meadow_497|059,1
explained,EXPLAINED_E2,month_x_year_x_vegetation_class_x_point_id,2|2025|Veg_Meadow_497|062,1
explained,EXPLAINED_E2,month_x_year_x_vegetation_class_x_point_id,2|2025|Veg_Meadow_497|086,1
explained,EXPLAINED_E2,month_x_year_x_vegetation_class_x_point_id,2|2025|Veg_Meadow_497|087,1
explained,EXPLAINED_E2,month_x_year_x_vegetation_class_x_point_id,2|2025|Veg_Meadow_497|108,1
explained,EXPLAINED_E2,month_x_year_x_vegetation_class_x_point_id,2|2025|Veg_Meadow_497|135,1
explained,EXPLAINED_E2,month_x_year_x_vegetation_class_x_point_id,2|2025|Veg_Meadow_497|141,1
explained,EXPLAINED_E2,month_x_year_x_vegetation_class_x_point_id,2|2025|Veg_Meadow_497|155,1
explained,EXPLAINED_E2,month_x_year_x_vegetation_class_x_point_id,2|2025|Veg_Meadow_497|164,1
explained,EXPLAINED_E2,month_x_year_x_vegetation_class_x_point_id,2|2025|Veg_Meadow_499|174,1
explained,EXPLAINED_E2,month_x_year_x_vegetation_class_x_point_id,2|2025|Veg_Meadow_504|202,1
explained,EXPLAINED_E2,month_x_year_x_vegetation_class_x_point_id,2|2025|Veg_Meadow_504|212,1
explained,EXPLAINED_E2,month_x_year_x_vegetation_class_x_point_id,2|2025|Veg_Shrub|021,1
explained,EXPLAINED_E2,month_x_year_x_vegetation_class_x_point_id,2|2025|Veg_Shrub|024,1
explained,EXPLAINED_E2,month_x_year_x_vegetation_class_x_point_id,2|2025|Veg_Shrub|026,1
explained,EXPLAINED_E2,month_x_year_x_vegetation_class_x_point_id,2|2025|Veg_Sparse|229,1
explained,EXPLAINED_E2,month_x_year_x_vegetation_class_x_point_id,2|2025|Veg_Sparse|234,1
explained,EXPLAINED_E2,month_x_year_x_vegetation_class_x_point_id,3|2022|Veg_Meadow_497|038,1
explained,EXPLAINED_E2,month_x_year_x_vegetation_class_x_point_id,3|2022|Veg_Meadow_497|058,1
explained,EXPLAINED_E2,month_x_year_x_vegetation_class_x_point_id,3|2022|Veg_Meadow_497|062,1
explained,EXPLAINED_E2,month_x_year_x_vegetation_class_x_point_id,3|2022|Veg_Meadow_497|081,1
explained,EXPLAINED_E2,month_x_year_x_vegetation_class_x_point_id,3|2022|Veg_Meadow_497|098,1
explained,EXPLAINED_E2,month_x_year_x_vegetation_class_x_point_id,3|2022|Veg_Meadow_497|099,1
explained,EXPLAINED_E2,month_x_year_x_vegetation_class_x_point_id,3|2022|Veg_Meadow_497|105,1
explained,EXPLAINED_E2,month_x_year_x_vegetation_class_x_point_id,3|2022|Veg_Meadow_497|106,1
explained,EXPLAINED_E2,month_x_year_x_vegetation_class_x_point_id,3|2022|Veg_Meadow_497|123,1
explained,EXPLAINED_E2,month_x_year_x_vegetation_class_x_point_id,3|2022|Veg_Meadow_497|124,1
explained,EXPLAINED_E2,month_x_year_x_vegetation_class_x_point_id,3|2022|Veg_Meadow_497|146,1
explained,EXPLAINED_E2,month_x_year_x_vegetation_class_x_point_id,3|2022|Veg_Meadow_497|150,1
explained,EXPLAINED_E2,month_x_year_x_vegetation_class_x_point_id,3|2022|Veg_Meadow_497|163,1
explained,EXPLAINED_E2,month_x_year_x_vegetation_class_x_point_id,3|2022|Veg_Meadow_504|190,1
explained,EXPLAINED_E2,month_x_year_x_vegetation_class_x_point_id,3|2022|Veg_Meadow_504|202,1
explained,EXPLAINED_E2,month_x_year_x_vegetation_class_x_point_id,3|2022|Veg_Meadow_504|213,1
explained,EXPLAINED_E2,month_x_year_x_vegetation_class_x_point_id,3|2022|Veg_Sparse|217,1
explained,EXPLAINED_E2,month_x_year_x_vegetation_class_x_point_id,3|2023|Veg_Meadow_497|057,1
explained,EXPLAINED_E2,month_x_year_x_vegetation_class_x_point_id,3|2023|Veg_Meadow_497|074,1
explained,EXPLAINED_E2,month_x_year_x_vegetation_class_x_point_id,3|2023|Veg_Meadow_497|082,1
explained,EXPLAINED_E2,month_x_year_x_vegetation_class_x_point_id,3|2023|Veg_Meadow_497|083,1
explained,EXPLAINED_E2,month_x_year_x_vegetation_class_x_point_id,3|2023|Veg_Meadow_497|084,1
explained,EXPLAINED_E2,month_x_year_x_vegetation_class_x_point_id,3|2023|Veg_Meadow_497|089,1
explained,EXPLAINED_E2,month_x_year_x_vegetation_class_x_point_id,3|2023|Veg_Meadow_497|092,1
explained,EXPLAINED_E2,month_x_year_x_vegetation_class_x_point_id,3|2023|Veg_Meadow_497|140,1
explained,EXPLAINED_E2,month_x_year_x_vegetation_class_x_point_id,3|2023|Veg_Meadow_497|142,1
explained,EXPLAINED_E2,month_x_year_x_vegetation_class_x_point_id,3|2023|Veg_Meadow_497|152,1
explained,EXPLAINED_E2,month_x_year_x_vegetation_class_x_point_id,3|2023|Veg_Meadow_497|157,1
explained,EXPLAINED_E2,month_x_year_x_vegetation_class_x_point_id,3|2023|Veg_Meadow_497|162,1
explained,EXPLAINED_E2,month_x_year_x_vegetation_class_x_point_id,3|2023|Veg_Meadow_499|182,1
explained,EXPLAINED_E2,month_x_year_x_vegetation_class_x_point_id,3|2023|Veg_Meadow_504|189,1
explained,EXPLAINED_E2,month_x_year_x_vegetation_class_x_point_id,3|2023|Veg_Meadow_504|198,1
explained,EXPLAINED_E2,month_x_year_x_vegetation_class_x_point_id,3|2023|Veg_Meadow_504|199,1
explained,EXPLAINED_E2,month_x_year_x_vegetation_class_x_point_id,3|2023|Veg_Shrub|020,1
explained,EXPLAINED_E2,month_x_year_x_vegetation_class_x_point_id,3|2023|Veg_Shrub|024,1
explained,EXPLAINED_E2,month_x_year_x_vegetation_class_x_point_id,3|2023|Veg_Sparse|219,1
explained,EXPLAINED_E2,month_x_year_x_vegetation_class_x_point_id,3|2023|Veg_Sparse|245,1
explained,EXPLAINED_E2,month_x_year_x_vegetation_class_x_point_id,3|2024|Veg_Coniferous|002,1
explained,EXPLAINED_E2,month_x_year_x_vegetation_class_x_point_id,3|2024|Veg_Coniferous|003,1
explained,EXPLAINED_E2,month_x_year_x_vegetation_class_x_point_id,3|2024|Veg_Coniferous|009,1
explained,EXPLAINED_E2,month_x_year_x_vegetation_class_x_point_id,3|2024|Veg_Coniferous|014,1
explained,EXPLAINED_E2,month_x_year_x_vegetation_class_x_point_id,3|2024|Veg_Meadow_497|042,1
explained,EXPLAINED_E2,month_x_year_x_vegetation_class_x_point_id,3|2024|Veg_Meadow_497|055,1
explained,EXPLAINED_E2,month_x_year_x_vegetation_class_x_point_id,3|2024|Veg_Meadow_497|065,1
explained,EXPLAINED_E2,month_x_year_x_vegetation_class_x_point_id,3|2024|Veg_Meadow_497|078,1
explained,EXPLAINED_E2,month_x_year_x_vegetation_class_x_point_id,3|2024|Veg_Meadow_497|109,1
explained,EXPLAINED_E2,month_x_year_x_vegetation_class_x_point_id,3|2024|Veg_Meadow_497|117,1
explained,EXPLAINED_E2,month_x_year_x_vegetation_class_x_point_id,3|2024|Veg_Meadow_497|121,1
explained,EXPLAINED_E2,month_x_year_x_vegetation_class_x_point_id,3|2024|Veg_Meadow_497|131,1
explained,EXPLAINED_E2,month_x_year_x_vegetation_class_x_point_id,3|2024|Veg_Meadow_497|147,1
explained,EXPLAINED_E2,month_x_year_x_vegetation_class_x_point_id,3|2024|Veg_Meadow_497|154,1
explained,EXPLAINED_E2,month_x_year_x_vegetation_class_x_point_id,3|2024|Veg_Meadow_499|178,1
explained,EXPLAINED_E2,month_x_year_x_vegetation_class_x_point_id,3|2024|Veg_Meadow_499|179,1
explained,EXPLAINED_E2,month_x_year_x_vegetation_class_x_point_id,3|2024|Veg_Meadow_504|192,1
explained,EXPLAINED_E2,month_x_year_x_vegetation_class_x_point_id,3|2024|Veg_Shrub|016,1
explained,EXPLAINED_E2,month_x_year_x_vegetation_class_x_point_id,3|2024|Veg_Shrub|025,1
explained,EXPLAINED_E2,month_x_year_x_vegetation_class_x_point_id,3|2024|Veg_Shrub|028,1
explained,EXPLAINED_E2,month_x_year_x_vegetation_class_x_point_id,3|2024|Veg_Sparse|218,1
explained,EXPLAINED_E2,month_x_year_x_vegetation_class_x_point_id,3|2024|Veg_Sparse|231,1
explained,EXPLAINED_E2,month_x_year_x_vegetation_class_x_point_id,3|2024|Veg_Sparse|235,1
explained,EXPLAINED_E2,month_x_year_x_vegetation_class_x_point_id,3|2024|Veg_Sparse|240,1
explained,EXPLAINED_E2,month_x_year_x_vegetation_class_x_point_id,3|2024|Veg_Sparse|242,1
explained,EXPLAINED_E2,month_x_year_x_vegetation_class_x_point_id,3|2025|Veg_Coniferous|006,1
explained,EXPLAINED_E2,month_x_year_x_vegetation_class_x_point_id,3|2025|Veg_Meadow_497|033,1
explained,EXPLAINED_E2,month_x_year_x_vegetation_class_x_point_id,3|2025|Veg_Meadow_497|035,1
explained,EXPLAINED_E2,month_x_year_x_vegetation_class_x_point_id,3|2025|Veg_Meadow_497|036,1
explained,EXPLAINED_E2,month_x_year_x_vegetation_class_x_point_id,3|2025|Veg_Meadow_497|045,1
explained,EXPLAINED_E2,month_x_year_x_vegetation_class_x_point_id,3|2025|Veg_Meadow_497|060,1
explained,EXPLAINED_E2,month_x_year_x_vegetation_class_x_point_id,3|2025|Veg_Meadow_497|076,1
explained,EXPLAINED_E2,month_x_year_x_vegetation_class_x_point_id,3|2025|Veg_Meadow_497|096,1
explained,EXPLAINED_E2,month_x_year_x_vegetation_class_x_point_id,3|2025|Veg_Meadow_497|111,1
explained,EXPLAINED_E2,month_x_year_x_vegetation_class_x_point_id,3|2025|Veg_Meadow_497|112,1
explained,EXPLAINED_E2,month_x_year_x_vegetation_class_x_point_id,3|2025|Veg_Meadow_497|130,1
explained,EXPLAINED_E2,month_x_year_x_vegetation_class_x_point_id,3|2025|Veg_Meadow_497|136,1
explained,EXPLAINED_E2,month_x_year_x_vegetation_class_x_point_id,3|2025|Veg_Meadow_497|138,1
explained,EXPLAINED_E2,month_x_year_x_vegetation_class_x_point_id,3|2025|Veg_Meadow_499|171,1
explained,EXPLAINED_E2,month_x_year_x_vegetation_class_x_point_id,3|2025|Veg_Meadow_499|175,1
explained,EXPLAINED_E2,month_x_year_x_vegetation_class_x_point_id,3|2025|Veg_Meadow_499|180,1
explained,EXPLAINED_E2,month_x_year_x_vegetation_class_x_point_id,3|2025|Veg_Meadow_504|193,1
explained,EXPLAINED_E2,month_x_year_x_vegetation_class_x_point_id,3|2025|Veg_Meadow_504|207,1
explained,EXPLAINED_E2,month_x_year_x_vegetation_class_x_point_id,3|2025|Veg_Sparse|215,1
explained,EXPLAINED_E2,month_x_year_x_vegetation_class_x_point_id,3|2025|Veg_Sparse|225,1
explained,EXPLAINED_E2,month_x_year_x_vegetation_class_x_point_id,3|2025|Veg_Sparse|227,1
explained,EXPLAINED_E2,month_x_year_x_vegetation_class_x_point_id,4|2022|Veg_Coniferous|007,1
explained,EXPLAINED_E2,month_x_year_x_vegetation_class_x_point_id,4|2022|Veg_Coniferous|009,1
explained,EXPLAINED_E2,month_x_year_x_vegetation_class_x_point_id,4|2022|Veg_Meadow_497|037,1
explained,EXPLAINED_E2,month_x_year_x_vegetation_class_x_point_id,4|2022|Veg_Meadow_497|041,1
explained,EXPLAINED_E2,month_x_year_x_vegetation_class_x_point_id,4|2022|Veg_Meadow_497|048,1
explained,EXPLAINED_E2,month_x_year_x_vegetation_class_x_point_id,4|2022|Veg_Meadow_497|071,1
explained,EXPLAINED_E2,month_x_year_x_vegetation_class_x_point_id,4|2022|Veg_Meadow_497|072,1
explained,EXPLAINED_E2,month_x_year_x_vegetation_class_x_point_id,4|2022|Veg_Meadow_497|092,1
explained,EXPLAINED_E2,month_x_year_x_vegetation_class_x_point_id,4|2022|Veg_Meadow_497|094,1
explained,EXPLAINED_E2,month_x_year_x_vegetation_class_x_point_id,4|2022|Veg_Meadow_497|127,1
explained,EXPLAINED_E2,month_x_year_x_vegetation_class_x_point_id,4|2022|Veg_Meadow_497|129,1
explained,EXPLAINED_E2,month_x_year_x_vegetation_class_x_point_id,4|2022|Veg_Meadow_497|145,1
explained,EXPLAINED_E2,month_x_year_x_vegetation_class_x_point_id,4|2022|Veg_Meadow_497|164,1
explained,EXPLAINED_E2,month_x_year_x_vegetation_class_x_point_id,4|2022|Veg_Meadow_497|166,1
explained,EXPLAINED_E2,month_x_year_x_vegetation_class_x_point_id,4|2022|Veg_Meadow_499|185,1
explained,EXPLAINED_E2,month_x_year_x_vegetation_class_x_point_id,4|2022|Veg_Meadow_504|189,1
explained,EXPLAINED_E2,month_x_year_x_vegetation_class_x_point_id,4|2022|Veg_Meadow_504|195,1
explained,EXPLAINED_E2,month_x_year_x_vegetation_class_x_point_id,4|2022|Veg_Meadow_504|208,1
explained,EXPLAINED_E2,month_x_year_x_vegetation_class_x_point_id,4|2022|Veg_Shrub|015,1
explained,EXPLAINED_E2,month_x_year_x_vegetation_class_x_point_id,4|2022|Veg_Shrub|025,1
explained,EXPLAINED_E2,month_x_year_x_vegetation_class_x_point_id,4|2022|Veg_Sparse|240,1
explained,EXPLAINED_E2,month_x_year_x_vegetation_class_x_point_id,4|2022|Veg_Sparse|244,1
explained,EXPLAINED_E2,month_x_year_x_vegetation_class_x_point_id,4|2023|Veg_Coniferous|008,1
explained,EXPLAINED_E2,month_x_year_x_vegetation_class_x_point_id,4|2023|Veg_Meadow_497|034,1
explained,EXPLAINED_E2,month_x_year_x_vegetation_class_x_point_id,4|2023|Veg_Meadow_497|035,1
explained,EXPLAINED_E2,month_x_year_x_vegetation_class_x_point_id,4|2023|Veg_Meadow_497|075,1
explained,EXPLAINED_E2,month_x_year_x_vegetation_class_x_point_id,4|2023|Veg_Meadow_497|077,1
explained,EXPLAINED_E2,month_x_year_x_vegetation_class_x_point_id,4|2023|Veg_Meadow_497|079,1
explained,EXPLAINED_E2,month_x_year_x_vegetation_class_x_point_id,4|2023|Veg_Meadow_497|080,1
explained,EXPLAINED_E2,month_x_year_x_vegetation_class_x_point_id,4|2023|Veg_Meadow_497|085,1
explained,EXPLAINED_E2,month_x_year_x_vegetation_class_x_point_id,4|2023|Veg_Meadow_497|088,1
explained,EXPLAINED_E2,month_x_year_x_vegetation_class_x_point_id,4|2023|Veg_Meadow_497|097,1
explained,EXPLAINED_E2,month_x_year_x_vegetation_class_x_point_id,4|2023|Veg_Meadow_497|100,1
explained,EXPLAINED_E2,month_x_year_x_vegetation_class_x_point_id,4|2023|Veg_Meadow_497|111,1
explained,EXPLAINED_E2,month_x_year_x_vegetation_class_x_point_id,4|2023|Veg_Meadow_497|131,1
explained,EXPLAINED_E2,month_x_year_x_vegetation_class_x_point_id,4|2023|Veg_Meadow_497|149,1
explained,EXPLAINED_E2,month_x_year_x_vegetation_class_x_point_id,4|2023|Veg_Meadow_497|151,1
explained,EXPLAINED_E2,month_x_year_x_vegetation_class_x_point_id,4|2023|Veg_Meadow_499|179,1
explained,EXPLAINED_E2,month_x_year_x_vegetation_class_x_point_id,4|2023|Veg_Meadow_504|186,1
explained,EXPLAINED_E2,month_x_year_x_vegetation_class_x_point_id,4|2023|Veg_Meadow_504|204,1
explained,EXPLAINED_E2,month_x_year_x_vegetation_class_x_point_id,4|2023|Veg_Shrub|019,1
explained,EXPLAINED_E2,month_x_year_x_vegetation_class_x_point_id,4|2023|Veg_Sparse|235,1
explained,EXPLAINED_E2,month_x_year_x_vegetation_class_x_point_id,4|2024|Veg_Coniferous|011,1
explained,EXPLAINED_E2,month_x_year_x_vegetation_class_x_point_id,4|2024|Veg_Meadow_497|036,1
explained,EXPLAINED_E2,month_x_year_x_vegetation_class_x_point_id,4|2024|Veg_Meadow_497|040,1
explained,EXPLAINED_E2,month_x_year_x_vegetation_class_x_point_id,4|2024|Veg_Meadow_497|043,1
explained,EXPLAINED_E2,month_x_year_x_vegetation_class_x_point_id,4|2024|Veg_Meadow_497|047,1
explained,EXPLAINED_E2,month_x_year_x_vegetation_class_x_point_id,4|2024|Veg_Meadow_497|051,1
explained,EXPLAINED_E2,month_x_year_x_vegetation_class_x_point_id,4|2024|Veg_Meadow_497|069,1
explained,EXPLAINED_E2,month_x_year_x_vegetation_class_x_point_id,4|2024|Veg_Meadow_497|141,1
explained,EXPLAINED_E2,month_x_year_x_vegetation_class_x_point_id,4|2024|Veg_Meadow_497|162,1
explained,EXPLAINED_E2,month_x_year_x_vegetation_class_x_point_id,4|2024|Veg_Meadow_499|174,1
explained,EXPLAINED_E2,month_x_year_x_vegetation_class_x_point_id,4|2024|Veg_Meadow_504|197,1
explained,EXPLAINED_E2,month_x_year_x_vegetation_class_x_point_id,4|2024|Veg_Meadow_504|200,1
explained,EXPLAINED_E2,month_x_year_x_vegetation_class_x_point_id,4|2024|Veg_Meadow_504|213,1
explained,EXPLAINED_E2,month_x_year_x_vegetation_class_x_point_id,4|2024|Veg_Shrub|023,1
explained,EXPLAINED_E2,month_x_year_x_vegetation_class_x_point_id,4|2024|Veg_Sparse|217,1
explained,EXPLAINED_E2,month_x_year_x_vegetation_class_x_point_id,4|2024|Veg_Sparse|225,1
explained,EXPLAINED_E2,month_x_year_x_vegetation_class_x_point_id,4|2024|Veg_Sparse|228,1
explained,EXPLAINED_E2,month_x_year_x_vegetation_class_x_point_id,4|2024|Veg_Sparse|230,1
explained,EXPLAINED_E2,month_x_year_x_vegetation_class_x_point_id,4|2024|Veg_Sparse|234,1
explained,EXPLAINED_E2,month_x_year_x_vegetation_class_x_point_id,4|2025|Veg_Coniferous|003,1
explained,EXPLAINED_E2,month_x_year_x_vegetation_class_x_point_id,4|2025|Veg_Meadow_497|061,1
explained,EXPLAINED_E2,month_x_year_x_vegetation_class_x_point_id,4|2025|Veg_Meadow_497|064,1
explained,EXPLAINED_E2,month_x_year_x_vegetation_class_x_point_id,4|2025|Veg_Meadow_497|068,1
explained,EXPLAINED_E2,month_x_year_x_vegetation_class_x_point_id,4|2025|Veg_Meadow_497|081,1
explained,EXPLAINED_E2,month_x_year_x_vegetation_class_x_point_id,4|2025|Veg_Meadow_497|102,1
explained,EXPLAINED_E2,month_x_year_x_vegetation_class_x_point_id,4|2025|Veg_Meadow_497|110,1
explained,EXPLAINED_E2,month_x_year_x_vegetation_class_x_point_id,4|2025|Veg_Meadow_497|113,1
explained,EXPLAINED_E2,month_x_year_x_vegetation_class_x_point_id,4|2025|Veg_Meadow_497|122,1
explained,EXPLAINED_E2,month_x_year_x_vegetation_class_x_point_id,4|2025|Veg_Meadow_497|126,1
explained,EXPLAINED_E2,month_x_year_x_vegetation_class_x_point_id,4|2025|Veg_Meadow_497|152,1
explained,EXPLAINED_E2,month_x_year_x_vegetation_class_x_point_id,4|2025|Veg_Meadow_497|158,1
explained,EXPLAINED_E2,month_x_year_x_vegetation_class_x_point_id,4|2025|Veg_Meadow_497|161,1
explained,EXPLAINED_E2,month_x_year_x_vegetation_class_x_point_id,4|2025|Veg_Meadow_497|169,1
explained,EXPLAINED_E2,month_x_year_x_vegetation_class_x_point_id,4|2025|Veg_Meadow_499|172,1
explained,EXPLAINED_E2,month_x_year_x_vegetation_class_x_point_id,4|2025|Veg_Meadow_499|181,1
explained,EXPLAINED_E2,month_x_year_x_vegetation_class_x_point_id,4|2025|Veg_Meadow_499|183,1
explained,EXPLAINED_E2,month_x_year_x_vegetation_class_x_point_id,4|2025|Veg_Meadow_504|209,1
explained,EXPLAINED_E2,month_x_year_x_vegetation_class_x_point_id,4|2025|Veg_Shrub|017,1
explained,EXPLAINED_E2,month_x_year_x_vegetation_class_x_point_id,4|2025|Veg_Sparse|223,1
explained,EXPLAINED_E2,month_x_year_x_vegetation_class_x_point_id,4|2025|Veg_Sparse|237,1
explained,EXPLAINED_E2,month_x_year_x_vegetation_class_x_point_id,4|2025|Veg_Sparse|246,1
explained,EXPLAINED_E2,month_x_year_x_vegetation_class_x_point_id,5|2022|Veg_Coniferous|013,1
explained,EXPLAINED_E2,month_x_year_x_vegetation_class_x_point_id,5|2022|Veg_Meadow_497|052,1
explained,EXPLAINED_E2,month_x_year_x_vegetation_class_x_point_id,5|2022|Veg_Meadow_497|061,1
explained,EXPLAINED_E2,month_x_year_x_vegetation_class_x_point_id,5|2022|Veg_Meadow_497|076,1
explained,EXPLAINED_E2,month_x_year_x_vegetation_class_x_point_id,5|2022|Veg_Meadow_497|087,1
explained,EXPLAINED_E2,month_x_year_x_vegetation_class_x_point_id,5|2022|Veg_Meadow_497|107,1
explained,EXPLAINED_E2,month_x_year_x_vegetation_class_x_point_id,5|2022|Veg_Meadow_497|118,1
explained,EXPLAINED_E2,month_x_year_x_vegetation_class_x_point_id,5|2022|Veg_Meadow_497|121,1
explained,EXPLAINED_E2,month_x_year_x_vegetation_class_x_point_id,5|2022|Veg_Meadow_497|122,1
explained,EXPLAINED_E2,month_x_year_x_vegetation_class_x_point_id,5|2022|Veg_Meadow_497|132,1
explained,EXPLAINED_E2,month_x_year_x_vegetation_class_x_point_id,5|2022|Veg_Meadow_497|135,1
explained,EXPLAINED_E2,month_x_year_x_vegetation_class_x_point_id,5|2022|Veg_Meadow_497|136,1
explained,EXPLAINED_E2,month_x_year_x_vegetation_class_x_point_id,5|2022|Veg_Meadow_497|140,1
explained,EXPLAINED_E2,month_x_year_x_vegetation_class_x_point_id,5|2022|Veg_Meadow_497|153,1
explained,EXPLAINED_E2,month_x_year_x_vegetation_class_x_point_id,5|2022|Veg_Meadow_497|169,1
explained,EXPLAINED_E2,month_x_year_x_vegetation_class_x_point_id,5|2022|Veg_Meadow_499|172,1
explained,EXPLAINED_E2,month_x_year_x_vegetation_class_x_point_id,5|2022|Veg_Meadow_499|179,1
explained,EXPLAINED_E2,month_x_year_x_vegetation_class_x_point_id,5|2022|Veg_Meadow_504|203,1
explained,EXPLAINED_E2,month_x_year_x_vegetation_class_x_point_id,5|2022|Veg_Meadow_504|209,1
explained,EXPLAINED_E2,month_x_year_x_vegetation_class_x_point_id,5|2022|Veg_Meadow_504|212,1
explained,EXPLAINED_E2,month_x_year_x_vegetation_class_x_point_id,5|2022|Veg_Shrub|026,1
explained,EXPLAINED_E2,month_x_year_x_vegetation_class_x_point_id,5|2022|Veg_Sparse|221,1
explained,EXPLAINED_E2,month_x_year_x_vegetation_class_x_point_id,5|2022|Veg_Sparse|228,1
explained,EXPLAINED_E2,month_x_year_x_vegetation_class_x_point_id,5|2022|Veg_Sparse|231,1
explained,EXPLAINED_E2,month_x_year_x_vegetation_class_x_point_id,5|2022|Veg_Sparse|241,1
explained,EXPLAINED_E2,month_x_year_x_vegetation_class_x_point_id,5|2023|Veg_Coniferous|005,1
explained,EXPLAINED_E2,month_x_year_x_vegetation_class_x_point_id,5|2023|Veg_Meadow_497|042,1
explained,EXPLAINED_E2,month_x_year_x_vegetation_class_x_point_id,5|2023|Veg_Meadow_497|045,1
explained,EXPLAINED_E2,month_x_year_x_vegetation_class_x_point_id,5|2023|Veg_Meadow_497|050,1
explained,EXPLAINED_E2,month_x_year_x_vegetation_class_x_point_id,5|2023|Veg_Meadow_497|060,1
explained,EXPLAINED_E2,month_x_year_x_vegetation_class_x_point_id,5|2023|Veg_Meadow_497|062,1
explained,EXPLAINED_E2,month_x_year_x_vegetation_class_x_point_id,5|2023|Veg_Meadow_497|065,1
explained,EXPLAINED_E2,month_x_year_x_vegetation_class_x_point_id,5|2023|Veg_Meadow_497|072,1
explained,EXPLAINED_E2,month_x_year_x_vegetation_class_x_point_id,5|2023|Veg_Meadow_497|091,1
explained,EXPLAINED_E2,month_x_year_x_vegetation_class_x_point_id,5|2023|Veg_Meadow_497|101,1
explained,EXPLAINED_E2,month_x_year_x_vegetation_class_x_point_id,5|2023|Veg_Meadow_497|108,1
explained,EXPLAINED_E2,month_x_year_x_vegetation_class_x_point_id,5|2023|Veg_Meadow_497|113,1
explained,EXPLAINED_E2,month_x_year_x_vegetation_class_x_point_id,5|2023|Veg_Meadow_497|139,1
explained,EXPLAINED_E2,month_x_year_x_vegetation_class_x_point_id,5|2023|Veg_Meadow_497|148,1
explained,EXPLAINED_E2,month_x_year_x_vegetation_class_x_point_id,5|2023|Veg_Meadow_497|168,1
explained,EXPLAINED_E2,month_x_year_x_vegetation_class_x_point_id,5|2023|Veg_Meadow_499|174,1
explained,EXPLAINED_E2,month_x_year_x_vegetation_class_x_point_id,5|2023|Veg_Meadow_499|175,1
explained,EXPLAINED_E2,month_x_year_x_vegetation_class_x_point_id,5|2023|Veg_Meadow_504|190,1
explained,EXPLAINED_E2,month_x_year_x_vegetation_class_x_point_id,5|2023|Veg_Meadow_504|196,1
explained,EXPLAINED_E2,month_x_year_x_vegetation_class_x_point_id,5|2023|Veg_Shrub|018,1
explained,EXPLAINED_E2,month_x_year_x_vegetation_class_x_point_id,5|2023|Veg_Shrub|027,1
explained,EXPLAINED_E2,month_x_year_x_vegetation_class_x_point_id,5|2023|Veg_Shrub|029,1
explained,EXPLAINED_E2,month_x_year_x_vegetation_class_x_point_id,5|2023|Veg_Sparse|234,1
explained,EXPLAINED_E2,month_x_year_x_vegetation_class_x_point_id,5|2024|Veg_Coniferous|004,1
explained,EXPLAINED_E2,month_x_year_x_vegetation_class_x_point_id,5|2024|Veg_Coniferous|008,1
explained,EXPLAINED_E2,month_x_year_x_vegetation_class_x_point_id,5|2024|Veg_Meadow_497|068,1
explained,EXPLAINED_E2,month_x_year_x_vegetation_class_x_point_id,5|2024|Veg_Meadow_497|096,1
explained,EXPLAINED_E2,month_x_year_x_vegetation_class_x_point_id,5|2024|Veg_Meadow_497|097,1
explained,EXPLAINED_E2,month_x_year_x_vegetation_class_x_point_id,5|2024|Veg_Meadow_497|098,1
explained,EXPLAINED_E2,month_x_year_x_vegetation_class_x_point_id,5|2024|Veg_Meadow_497|103,1
explained,EXPLAINED_E2,month_x_year_x_vegetation_class_x_point_id,5|2024|Veg_Meadow_497|119,1
explained,EXPLAINED_E2,month_x_year_x_vegetation_class_x_point_id,5|2024|Veg_Meadow_497|124,1
explained,EXPLAINED_E2,month_x_year_x_vegetation_class_x_point_id,5|2024|Veg_Meadow_497|167,1
explained,EXPLAINED_E2,month_x_year_x_vegetation_class_x_point_id,5|2024|Veg_Meadow_504|191,1
explained,EXPLAINED_E2,month_x_year_x_vegetation_class_x_point_id,5|2024|Veg_Meadow_504|199,1
explained,EXPLAINED_E2,month_x_year_x_vegetation_class_x_point_id,5|2024|Veg_Meadow_504|204,1
explained,EXPLAINED_E2,month_x_year_x_vegetation_class_x_point_id,5|2024|Veg_Sparse|215,1
explained,EXPLAINED_E2,month_x_year_x_vegetation_class_x_point_id,5|2024|Veg_Sparse|216,1
explained,EXPLAINED_E2,month_x_year_x_vegetation_class_x_point_id,5|2024|Veg_Sparse|245,1
explained,EXPLAINED_E2,month_x_year_x_vegetation_class_x_point_id,5|2025|Veg_Coniferous|010,1
explained,EXPLAINED_E2,month_x_year_x_vegetation_class_x_point_id,5|2025|Veg_Meadow_497|030,1
explained,EXPLAINED_E2,month_x_year_x_vegetation_class_x_point_id,5|2025|Veg_Meadow_497|039,1
explained,EXPLAINED_E2,month_x_year_x_vegetation_class_x_point_id,5|2025|Veg_Meadow_497|041,1
explained,EXPLAINED_E2,month_x_year_x_vegetation_class_x_point_id,5|2025|Veg_Meadow_497|070,1
explained,EXPLAINED_E2,month_x_year_x_vegetation_class_x_point_id,5|2025|Veg_Meadow_497|084,1
explained,EXPLAINED_E2,month_x_year_x_vegetation_class_x_point_id,5|2025|Veg_Meadow_497|088,1
explained,EXPLAINED_E2,month_x_year_x_vegetation_class_x_point_id,5|2025|Veg_Meadow_497|114,1
explained,EXPLAINED_E2,month_x_year_x_vegetation_class_x_point_id,5|2025|Veg_Meadow_497|137,1
explained,EXPLAINED_E2,month_x_year_x_vegetation_class_x_point_id,5|2025|Veg_Meadow_497|143,1
explained,EXPLAINED_E2,month_x_year_x_vegetation_class_x_point_id,5|2025|Veg_Meadow_497|144,1
explained,EXPLAINED_E2,month_x_year_x_vegetation_class_x_point_id,5|2025|Veg_Meadow_497|147,1
explained,EXPLAINED_E2,month_x_year_x_vegetation_class_x_point_id,5|2025|Veg_Meadow_499|177,1
explained,EXPLAINED_E2,month_x_year_x_vegetation_class_x_point_id,5|2025|Veg_Meadow_499|185,1
explained,EXPLAINED_E2,month_x_year_x_vegetation_class_x_point_id,5|2025|Veg_Meadow_504|187,1
explained,EXPLAINED_E2,month_x_year_x_vegetation_class_x_point_id,5|2025|Veg_Meadow_504|213,1
explained,EXPLAINED_E2,month_x_year_x_vegetation_class_x_point_id,5|2025|Veg_Shrub|022,1
explained,EXPLAINED_E2,month_x_year_x_vegetation_class_x_point_id,5|2025|Veg_Sparse|236,1
explained,EXPLAINED_E2,month_x_year_x_vegetation_class_x_point_id,5|2025|Veg_Sparse|239,1
explained,EXPLAINED_E2,month_x_year_x_vegetation_class_x_point_id,5|2025|Veg_Sparse|242,1
explained,EXPLAINED_E2,month_x_year_x_vegetation_class_x_point_id,6|2022|Veg_Meadow_497|040,1
explained,EXPLAINED_E2,month_x_year_x_vegetation_class_x_point_id,6|2022|Veg_Meadow_497|050,1
explained,EXPLAINED_E2,month_x_year_x_vegetation_class_x_point_id,6|2022|Veg_Meadow_497|073,1
explained,EXPLAINED_E2,month_x_year_x_vegetation_class_x_point_id,6|2022|Veg_Meadow_497|077,1
explained,EXPLAINED_E2,month_x_year_x_vegetation_class_x_point_id,6|2022|Veg_Meadow_497|097,1
explained,EXPLAINED_E2,month_x_year_x_vegetation_class_x_point_id,6|2022|Veg_Meadow_497|108,1
explained,EXPLAINED_E2,month_x_year_x_vegetation_class_x_point_id,6|2022|Veg_Meadow_497|111,1
explained,EXPLAINED_E2,month_x_year_x_vegetation_class_x_point_id,6|2022|Veg_Meadow_497|112,1
explained,EXPLAINED_E2,month_x_year_x_vegetation_class_x_point_id,6|2022|Veg_Meadow_497|117,1
explained,EXPLAINED_E2,month_x_year_x_vegetation_class_x_point_id,6|2022|Veg_Meadow_497|141,1
explained,EXPLAINED_E2,month_x_year_x_vegetation_class_x_point_id,6|2022|Veg_Meadow_497|154,1
explained,EXPLAINED_E2,month_x_year_x_vegetation_class_x_point_id,6|2022|Veg_Meadow_497|155,1
explained,EXPLAINED_E2,month_x_year_x_vegetation_class_x_point_id,6|2022|Veg_Meadow_497|165,1
explained,EXPLAINED_E2,month_x_year_x_vegetation_class_x_point_id,6|2022|Veg_Meadow_497|167,1
explained,EXPLAINED_E2,month_x_year_x_vegetation_class_x_point_id,6|2022|Veg_Meadow_499|176,1
explained,EXPLAINED_E2,month_x_year_x_vegetation_class_x_point_id,6|2022|Veg_Meadow_499|183,1
explained,EXPLAINED_E2,month_x_year_x_vegetation_class_x_point_id,6|2022|Veg_Meadow_504|193,1
explained,EXPLAINED_E2,month_x_year_x_vegetation_class_x_point_id,6|2022|Veg_Meadow_504|194,1
explained,EXPLAINED_E2,month_x_year_x_vegetation_class_x_point_id,6|2022|Veg_Meadow_504|201,1
explained,EXPLAINED_E2,month_x_year_x_vegetation_class_x_point_id,6|2022|Veg_Meadow_504|214,1
explained,EXPLAINED_E2,month_x_year_x_vegetation_class_x_point_id,6|2022|Veg_Shrub|021,1
explained,EXPLAINED_E2,month_x_year_x_vegetation_class_x_point_id,6|2022|Veg_Shrub|024,1
explained,EXPLAINED_E2,month_x_year_x_vegetation_class_x_point_id,6|2022|Veg_Shrub|027,1
explained,EXPLAINED_E2,month_x_year_x_vegetation_class_x_point_id,6|2022|Veg_Sparse|227,1
explained,EXPLAINED_E2,month_x_year_x_vegetation_class_x_point_id,6|2022|Veg_Sparse|232,1
explained,EXPLAINED_E2,month_x_year_x_vegetation_class_x_point_id,6|2023|Veg_Coniferous|003,1
explained,EXPLAINED_E2,month_x_year_x_vegetation_class_x_point_id,6|2023|Veg_Coniferous|014,1
explained,EXPLAINED_E2,month_x_year_x_vegetation_class_x_point_id,6|2023|Veg_Meadow_497|033,1
explained,EXPLAINED_E2,month_x_year_x_vegetation_class_x_point_id,6|2023|Veg_Meadow_497|046,1
explained,EXPLAINED_E2,month_x_year_x_vegetation_class_x_point_id,6|2023|Veg_Meadow_497|055,1
explained,EXPLAINED_E2,month_x_year_x_vegetation_class_x_point_id,6|2023|Veg_Meadow_497|068,1
explained,EXPLAINED_E2,month_x_year_x_vegetation_class_x_point_id,6|2023|Veg_Meadow_497|071,1
explained,EXPLAINED_E2,month_x_year_x_vegetation_class_x_point_id,6|2023|Veg_Meadow_497|096,1
explained,EXPLAINED_E2,month_x_year_x_vegetation_class_x_point_id,6|2023|Veg_Meadow_497|127,1
explained,EXPLAINED_E2,month_x_year_x_vegetation_class_x_point_id,6|2023|Veg_Meadow_497|137,1
explained,EXPLAINED_E2,month_x_year_x_vegetation_class_x_point_id,6|2023|Veg_Meadow_497|170,1
explained,EXPLAINED_E2,month_x_year_x_vegetation_class_x_point_id,6|2023|Veg_Meadow_504|210,1
explained,EXPLAINED_E2,month_x_year_x_vegetation_class_x_point_id,6|2023|Veg_Sparse|220,1
explained,EXPLAINED_E2,month_x_year_x_vegetation_class_x_point_id,6|2023|Veg_Sparse|242,1
explained,EXPLAINED_E2,month_x_year_x_vegetation_class_x_point_id,6|2024|Veg_Coniferous|006,1
explained,EXPLAINED_E2,month_x_year_x_vegetation_class_x_point_id,6|2024|Veg_Meadow_497|031,1
explained,EXPLAINED_E2,month_x_year_x_vegetation_class_x_point_id,6|2024|Veg_Meadow_497|034,1
explained,EXPLAINED_E2,month_x_year_x_vegetation_class_x_point_id,6|2024|Veg_Meadow_497|053,1
explained,EXPLAINED_E2,month_x_year_x_vegetation_class_x_point_id,6|2024|Veg_Meadow_497|054,1
explained,EXPLAINED_E2,month_x_year_x_vegetation_class_x_point_id,6|2024|Veg_Meadow_497|066,1
explained,EXPLAINED_E2,month_x_year_x_vegetation_class_x_point_id,6|2024|Veg_Meadow_497|067,1
explained,EXPLAINED_E2,month_x_year_x_vegetation_class_x_point_id,6|2024|Veg_Meadow_497|080,1
explained,EXPLAINED_E2,month_x_year_x_vegetation_class_x_point_id,6|2024|Veg_Meadow_497|083,1
explained,EXPLAINED_E2,month_x_year_x_vegetation_class_x_point_id,6|2024|Veg_Meadow_497|094,1
explained,EXPLAINED_E2,month_x_year_x_vegetation_class_x_point_id,6|2024|Veg_Meadow_497|110,1
explained,EXPLAINED_E2,month_x_year_x_vegetation_class_x_point_id,6|2024|Veg_Meadow_497|123,1
explained,EXPLAINED_E2,month_x_year_x_vegetation_class_x_point_id,6|2024|Veg_Meadow_497|126,1
explained,EXPLAINED_E2,month_x_year_x_vegetation_class_x_point_id,6|2024|Veg_Meadow_497|135,1
explained,EXPLAINED_E2,month_x_year_x_vegetation_class_x_point_id,6|2024|Veg_Meadow_497|152,1
explained,EXPLAINED_E2,month_x_year_x_vegetation_class_x_point_id,6|2024|Veg_Meadow_499|180,1
explained,EXPLAINED_E2,month_x_year_x_vegetation_class_x_point_id,6|2024|Veg_Meadow_499|182,1
explained,EXPLAINED_E2,month_x_year_x_vegetation_class_x_point_id,6|2024|Veg_Meadow_499|184,1
explained,EXPLAINED_E2,month_x_year_x_vegetation_class_x_point_id,6|2024|Veg_Shrub|018,1
explained,EXPLAINED_E2,month_x_year_x_vegetation_class_x_point_id,6|2024|Veg_Shrub|020,1
explained,EXPLAINED_E2,month_x_year_x_vegetation_class_x_point_id,6|2024|Veg_Sparse|224,1
explained,EXPLAINED_E2,month_x_year_x_vegetation_class_x_point_id,6|2024|Veg_Sparse|233,1
explained,EXPLAINED_E2,month_x_year_x_vegetation_class_x_point_id,6|2024|Veg_Sparse|244,1
explained,EXPLAINED_E2,month_x_year_x_vegetation_class_x_point_id,6|2025|Veg_Coniferous|000,1
explained,EXPLAINED_E2,month_x_year_x_vegetation_class_x_point_id,6|2025|Veg_Coniferous|011,1
explained,EXPLAINED_E2,month_x_year_x_vegetation_class_x_point_id,6|2025|Veg_Meadow_497|048,1
explained,EXPLAINED_E2,month_x_year_x_vegetation_class_x_point_id,6|2025|Veg_Meadow_497|051,1
explained,EXPLAINED_E2,month_x_year_x_vegetation_class_x_point_id,6|2025|Veg_Meadow_497|089,1
explained,EXPLAINED_E2,month_x_year_x_vegetation_class_x_point_id,6|2025|Veg_Meadow_497|104,1
explained,EXPLAINED_E2,month_x_year_x_vegetation_class_x_point_id,6|2025|Veg_Meadow_497|119,1
explained,EXPLAINED_E2,month_x_year_x_vegetation_class_x_point_id,6|2025|Veg_Meadow_497|133,1
explained,EXPLAINED_E2,month_x_year_x_vegetation_class_x_point_id,6|2025|Veg_Meadow_497|140,1
explained,EXPLAINED_E2,month_x_year_x_vegetation_class_x_point_id,6|2025|Veg_Meadow_497|142,1
explained,EXPLAINED_E2,month_x_year_x_vegetation_class_x_point_id,6|2025|Veg_Meadow_497|149,1
explained,EXPLAINED_E2,month_x_year_x_vegetation_class_x_point_id,6|2025|Veg_Meadow_497|156,1
explained,EXPLAINED_E2,month_x_year_x_vegetation_class_x_point_id,6|2025|Veg_Meadow_504|195,1
explained,EXPLAINED_E2,month_x_year_x_vegetation_class_x_point_id,6|2025|Veg_Meadow_504|197,1
explained,EXPLAINED_E2,month_x_year_x_vegetation_class_x_point_id,6|2025|Veg_Meadow_504|200,1
explained,EXPLAINED_E2,month_x_year_x_vegetation_class_x_point_id,6|2025|Veg_Meadow_504|208,1
explained,EXPLAINED_E2,month_x_year_x_vegetation_class_x_point_id,6|2025|Veg_Meadow_504|211,1
explained,EXPLAINED_E2,month_x_year_x_vegetation_class_x_point_id,6|2025|Veg_Shrub|028,1
explained,EXPLAINED_E2,month_x_year_x_vegetation_class_x_point_id,6|2025|Veg_Sparse|222,1
explained,EXPLAINED_E2,month_x_year_x_vegetation_class_x_point_id,6|2025|Veg_Sparse|235,1
explained,EXPLAINED_E2,month_x_year_x_vegetation_class_x_point_id,6|2025|Veg_Sparse|245,1
explained,EXPLAINED_E2,month_x_year_x_vegetation_class_x_point_id,7|2022|Veg_Coniferous|008,1
explained,EXPLAINED_E2,month_x_year_x_vegetation_class_x_point_id,7|2022|Veg_Meadow_497|031,1
explained,EXPLAINED_E2,month_x_year_x_vegetation_class_x_point_id,7|2022|Veg_Meadow_497|054,1
explained,EXPLAINED_E2,month_x_year_x_vegetation_class_x_point_id,7|2022|Veg_Meadow_497|055,1
explained,EXPLAINED_E2,month_x_year_x_vegetation_class_x_point_id,7|2022|Veg_Meadow_497|059,1
explained,EXPLAINED_E2,month_x_year_x_vegetation_class_x_point_id,7|2022|Veg_Meadow_497|082,1
explained,EXPLAINED_E2,month_x_year_x_vegetation_class_x_point_id,7|2022|Veg_Meadow_497|115,1
explained,EXPLAINED_E2,month_x_year_x_vegetation_class_x_point_id,7|2022|Veg_Meadow_497|125,1
explained,EXPLAINED_E2,month_x_year_x_vegetation_class_x_point_id,7|2022|Veg_Meadow_497|134,1
explained,EXPLAINED_E2,month_x_year_x_vegetation_class_x_point_id,7|2022|Veg_Meadow_497|148,1
explained,EXPLAINED_E2,month_x_year_x_vegetation_class_x_point_id,7|2022|Veg_Meadow_497|161,1
explained,EXPLAINED_E2,month_x_year_x_vegetation_class_x_point_id,7|2022|Veg_Meadow_499|184,1
explained,EXPLAINED_E2,month_x_year_x_vegetation_class_x_point_id,7|2022|Veg_Meadow_504|188,1
explained,EXPLAINED_E2,month_x_year_x_vegetation_class_x_point_id,7|2022|Veg_Sparse|224,1
explained,EXPLAINED_E2,month_x_year_x_vegetation_class_x_point_id,7|2022|Veg_Sparse|229,1
explained,EXPLAINED_E2,month_x_year_x_vegetation_class_x_point_id,7|2022|Veg_Sparse|242,1
explained,EXPLAINED_E2,month_x_year_x_vegetation_class_x_point_id,7|2023|Veg_Meadow_497|044,1
explained,EXPLAINED_E2,month_x_year_x_vegetation_class_x_point_id,7|2023|Veg_Meadow_497|052,1
explained,EXPLAINED_E2,month_x_year_x_vegetation_class_x_point_id,7|2023|Veg_Meadow_497|056,1
explained,EXPLAINED_E2,month_x_year_x_vegetation_class_x_point_id,7|2023|Veg_Meadow_497|086,1
explained,EXPLAINED_E2,month_x_year_x_vegetation_class_x_point_id,7|2023|Veg_Meadow_497|094,1
explained,EXPLAINED_E2,month_x_year_x_vegetation_class_x_point_id,7|2023|Veg_Meadow_497|098,1
explained,EXPLAINED_E2,month_x_year_x_vegetation_class_x_point_id,7|2023|Veg_Meadow_497|099,1
explained,EXPLAINED_E2,month_x_year_x_vegetation_class_x_point_id,7|2023|Veg_Meadow_497|107,1
explained,EXPLAINED_E2,month_x_year_x_vegetation_class_x_point_id,7|2023|Veg_Meadow_497|112,1
explained,EXPLAINED_E2,month_x_year_x_vegetation_class_x_point_id,7|2023|Veg_Meadow_497|146,1
explained,EXPLAINED_E2,month_x_year_x_vegetation_class_x_point_id,7|2023|Veg_Meadow_497|155,1
explained,EXPLAINED_E2,month_x_year_x_vegetation_class_x_point_id,7|2023|Veg_Meadow_499|172,1
explained,EXPLAINED_E2,month_x_year_x_vegetation_class_x_point_id,7|2023|Veg_Meadow_504|197,1
explained,EXPLAINED_E2,month_x_year_x_vegetation_class_x_point_id,7|2023|Veg_Meadow_504|202,1
explained,EXPLAINED_E2,month_x_year_x_vegetation_class_x_point_id,7|2023|Veg_Meadow_504|205,1
explained,EXPLAINED_E2,month_x_year_x_vegetation_class_x_point_id,7|2023|Veg_Meadow_504|206,1
explained,EXPLAINED_E2,month_x_year_x_vegetation_class_x_point_id,7|2023|Veg_Meadow_504|214,1
explained,EXPLAINED_E2,month_x_year_x_vegetation_class_x_point_id,7|2023|Veg_Shrub|016,1
explained,EXPLAINED_E2,month_x_year_x_vegetation_class_x_point_id,7|2023|Veg_Shrub|028,1
explained,EXPLAINED_E2,month_x_year_x_vegetation_class_x_point_id,7|2023|Veg_Sparse|226,1
explained,EXPLAINED_E2,month_x_year_x_vegetation_class_x_point_id,7|2023|Veg_Sparse|233,1
explained,EXPLAINED_E2,month_x_year_x_vegetation_class_x_point_id,7|2024|Veg_Coniferous|001,1
explained,EXPLAINED_E2,month_x_year_x_vegetation_class_x_point_id,7|2024|Veg_Meadow_497|062,1
explained,EXPLAINED_E2,month_x_year_x_vegetation_class_x_point_id,7|2024|Veg_Meadow_497|070,1
explained,EXPLAINED_E2,month_x_year_x_vegetation_class_x_point_id,7|2024|Veg_Meadow_497|085,1
explained,EXPLAINED_E2,month_x_year_x_vegetation_class_x_point_id,7|2024|Veg_Meadow_497|089,1
explained,EXPLAINED_E2,month_x_year_x_vegetation_class_x_point_id,7|2024|Veg_Meadow_497|093,1
explained,EXPLAINED_E2,month_x_year_x_vegetation_class_x_point_id,7|2024|Veg_Meadow_497|104,1
explained,EXPLAINED_E2,month_x_year_x_vegetation_class_x_point_id,7|2024|Veg_Meadow_497|128,1
explained,EXPLAINED_E2,month_x_year_x_vegetation_class_x_point_id,7|2024|Veg_Meadow_497|137,1
explained,EXPLAINED_E2,month_x_year_x_vegetation_class_x_point_id,7|2024|Veg_Meadow_497|142,1
explained,EXPLAINED_E2,month_x_year_x_vegetation_class_x_point_id,7|2024|Veg_Meadow_497|144,1
explained,EXPLAINED_E2,month_x_year_x_vegetation_class_x_point_id,7|2024|Veg_Meadow_497|151,1
explained,EXPLAINED_E2,month_x_year_x_vegetation_class_x_point_id,7|2024|Veg_Meadow_497|156,1
explained,EXPLAINED_E2,month_x_year_x_vegetation_class_x_point_id,7|2024|Veg_Meadow_497|157,1
explained,EXPLAINED_E2,month_x_year_x_vegetation_class_x_point_id,7|2024|Veg_Meadow_497|158,1
explained,EXPLAINED_E2,month_x_year_x_vegetation_class_x_point_id,7|2024|Veg_Meadow_497|160,1
explained,EXPLAINED_E2,month_x_year_x_vegetation_class_x_point_id,7|2024|Veg_Meadow_497|165,1
explained,EXPLAINED_E2,month_x_year_x_vegetation_class_x_point_id,7|2024|Veg_Meadow_499|177,1
explained,EXPLAINED_E2,month_x_year_x_vegetation_class_x_point_id,7|2024|Veg_Meadow_504|201,1
explained,EXPLAINED_E2,month_x_year_x_vegetation_class_x_point_id,7|2024|Veg_Shrub|019,1
explained,EXPLAINED_E2,month_x_year_x_vegetation_class_x_point_id,7|2024|Veg_Shrub|024,1
explained,EXPLAINED_E2,month_x_year_x_vegetation_class_x_point_id,7|2024|Veg_Shrub|026,1
explained,EXPLAINED_E2,month_x_year_x_vegetation_class_x_point_id,7|2024|Veg_Sparse|227,1
explained,EXPLAINED_E2,month_x_year_x_vegetation_class_x_point_id,7|2025|Veg_Coniferous|004,1
explained,EXPLAINED_E2,month_x_year_x_vegetation_class_x_point_id,7|2025|Veg_Coniferous|007,1
explained,EXPLAINED_E2,month_x_year_x_vegetation_class_x_point_id,7|2025|Veg_Coniferous|013,1
explained,EXPLAINED_E2,month_x_year_x_vegetation_class_x_point_id,7|2025|Veg_Meadow_497|046,1
explained,EXPLAINED_E2,month_x_year_x_vegetation_class_x_point_id,7|2025|Veg_Meadow_497|053,1
explained,EXPLAINED_E2,month_x_year_x_vegetation_class_x_point_id,7|2025|Veg_Meadow_497|065,1
explained,EXPLAINED_E2,month_x_year_x_vegetation_class_x_point_id,7|2025|Veg_Meadow_497|090,1
explained,EXPLAINED_E2,month_x_year_x_vegetation_class_x_point_id,7|2025|Veg_Meadow_497|092,1
explained,EXPLAINED_E2,month_x_year_x_vegetation_class_x_point_id,7|2025|Veg_Meadow_497|103,1
explained,EXPLAINED_E2,month_x_year_x_vegetation_class_x_point_id,7|2025|Veg_Meadow_497|123,1
explained,EXPLAINED_E2,month_x_year_x_vegetation_class_x_point_id,7|2025|Veg_Meadow_497|132,1
explained,EXPLAINED_E2,month_x_year_x_vegetation_class_x_point_id,7|2025|Veg_Meadow_497|145,1
explained,EXPLAINED_E2,month_x_year_x_vegetation_class_x_point_id,7|2025|Veg_Meadow_497|159,1
explained,EXPLAINED_E2,month_x_year_x_vegetation_class_x_point_id,7|2025|Veg_Meadow_499|173,1
explained,EXPLAINED_E2,month_x_year_x_vegetation_class_x_point_id,7|2025|Veg_Meadow_499|179,1
explained,EXPLAINED_E2,month_x_year_x_vegetation_class_x_point_id,7|2025|Veg_Meadow_504|186,1
explained,EXPLAINED_E2,month_x_year_x_vegetation_class_x_point_id,7|2025|Veg_Meadow_504|194,1
explained,EXPLAINED_E2,month_x_year_x_vegetation_class_x_point_id,7|2025|Veg_Meadow_504|198,1
explained,EXPLAINED_E2,month_x_year_x_vegetation_class_x_point_id,7|2025|Veg_Shrub|029,1
explained,EXPLAINED_E2,month_x_year_x_vegetation_class_x_point_id,7|2025|Veg_Sparse|218,1
explained,EXPLAINED_E2,month_x_year_x_vegetation_class_x_point_id,7|2025|Veg_Sparse|219,1
explained,EXPLAINED_E2,month_x_year_x_vegetation_class_x_point_id,7|2025|Veg_Sparse|220,1
explained,EXPLAINED_E2,month_x_year_x_vegetation_class_x_point_id,7|2025|Veg_Sparse|221,1
explained,EXPLAINED_E2,month_x_year_x_vegetation_class_x_point_id,8|2022|Veg_Coniferous|011,1
explained,EXPLAINED_E2,month_x_year_x_vegetation_class_x_point_id,8|2022|Veg_Meadow_497|030,1
explained,EXPLAINED_E2,month_x_year_x_vegetation_class_x_point_id,8|2022|Veg_Meadow_497|034,1
explained,EXPLAINED_E2,month_x_year_x_vegetation_class_x_point_id,8|2022|Veg_Meadow_497|039,1
explained,EXPLAINED_E2,month_x_year_x_vegetation_class_x_point_id,8|2022|Veg_Meadow_497|043,1
explained,EXPLAINED_E2,month_x_year_x_vegetation_class_x_point_id,8|2022|Veg_Meadow_497|051,1
explained,EXPLAINED_E2,month_x_year_x_vegetation_class_x_point_id,8|2022|Veg_Meadow_497|084,1
explained,EXPLAINED_E2,month_x_year_x_vegetation_class_x_point_id,8|2022|Veg_Meadow_497|085,1
explained,EXPLAINED_E2,month_x_year_x_vegetation_class_x_point_id,8|2022|Veg_Meadow_497|103,1
explained,EXPLAINED_E2,month_x_year_x_vegetation_class_x_point_id,8|2022|Veg_Meadow_497|104,1
explained,EXPLAINED_E2,month_x_year_x_vegetation_class_x_point_id,8|2022|Veg_Meadow_497|126,1
explained,EXPLAINED_E2,month_x_year_x_vegetation_class_x_point_id,8|2022|Veg_Meadow_497|144,1
explained,EXPLAINED_E2,month_x_year_x_vegetation_class_x_point_id,8|2022|Veg_Meadow_497|149,1
explained,EXPLAINED_E2,month_x_year_x_vegetation_class_x_point_id,8|2022|Veg_Meadow_497|159,1
explained,EXPLAINED_E2,month_x_year_x_vegetation_class_x_point_id,8|2022|Veg_Meadow_499|174,1
explained,EXPLAINED_E2,month_x_year_x_vegetation_class_x_point_id,8|2022|Veg_Shrub|020,1
explained,EXPLAINED_E2,month_x_year_x_vegetation_class_x_point_id,8|2022|Veg_Shrub|023,1
explained,EXPLAINED_E2,month_x_year_x_vegetation_class_x_point_id,8|2022|Veg_Sparse|218,1
explained,EXPLAINED_E2,month_x_year_x_vegetation_class_x_point_id,8|2022|Veg_Sparse|233,1
explained,EXPLAINED_E2,month_x_year_x_vegetation_class_x_point_id,8|2022|Veg_Sparse|234,1
explained,EXPLAINED_E2,month_x_year_x_vegetation_class_x_point_id,8|2023|Veg_Coniferous|000,1
explained,EXPLAINED_E2,month_x_year_x_vegetation_class_x_point_id,8|2023|Veg_Coniferous|001,1
explained,EXPLAINED_E2,month_x_year_x_vegetation_class_x_point_id,8|2023|Veg_Coniferous|006,1
explained,EXPLAINED_E2,month_x_year_x_vegetation_class_x_point_id,8|2023|Veg_Meadow_497|031,1
explained,EXPLAINED_E2,month_x_year_x_vegetation_class_x_point_id,8|2023|Veg_Meadow_497|040,1
explained,EXPLAINED_E2,month_x_year_x_vegetation_class_x_point_id,8|2023|Veg_Meadow_497|064,1
explained,EXPLAINED_E2,month_x_year_x_vegetation_class_x_point_id,8|2023|Veg_Meadow_497|070,1
explained,EXPLAINED_E2,month_x_year_x_vegetation_class_x_point_id,8|2023|Veg_Meadow_497|081,1
explained,EXPLAINED_E2,month_x_year_x_vegetation_class_x_point_id,8|2023|Veg_Meadow_497|124,1
explained,EXPLAINED_E2,month_x_year_x_vegetation_class_x_point_id,8|2023|Veg_Meadow_497|133,1
explained,EXPLAINED_E2,month_x_year_x_vegetation_class_x_point_id,8|2023|Veg_Meadow_497|158,1
explained,EXPLAINED_E2,month_x_year_x_vegetation_class_x_point_id,8|2023|Veg_Meadow_497|164,1
explained,EXPLAINED_E2,month_x_year_x_vegetation_class_x_point_id,8|2023|Veg_Meadow_497|165,1
explained,EXPLAINED_E2,month_x_year_x_vegetation_class_x_point_id,8|2023|Veg_Meadow_499|173,1
explained,EXPLAINED_E2,month_x_year_x_vegetation_class_x_point_id,8|2023|Veg_Meadow_499|176,1
explained,EXPLAINED_E2,month_x_year_x_vegetation_class_x_point_id,8|2023|Veg_Meadow_499|181,1
explained,EXPLAINED_E2,month_x_year_x_vegetation_class_x_point_id,8|2023|Veg_Meadow_499|185,1
explained,EXPLAINED_E2,month_x_year_x_vegetation_class_x_point_id,8|2023|Veg_Meadow_504|191,1
explained,EXPLAINED_E2,month_x_year_x_vegetation_class_x_point_id,8|2023|Veg_Meadow_504|207,1
explained,EXPLAINED_E2,month_x_year_x_vegetation_class_x_point_id,8|2023|Veg_Meadow_504|208,1
explained,EXPLAINED_E2,month_x_year_x_vegetation_class_x_point_id,8|2023|Veg_Meadow_504|212,1
explained,EXPLAINED_E2,month_x_year_x_vegetation_class_x_point_id,8|2023|Veg_Meadow_504|213,1
explained,EXPLAINED_E2,month_x_year_x_vegetation_class_x_point_id,8|2023|Veg_Shrub|026,1
explained,EXPLAINED_E2,month_x_year_x_vegetation_class_x_point_id,8|2023|Veg_Sparse|221,1
explained,EXPLAINED_E2,month_x_year_x_vegetation_class_x_point_id,8|2023|Veg_Sparse|223,1
explained,EXPLAINED_E2,month_x_year_x_vegetation_class_x_point_id,8|2023|Veg_Sparse|229,1
explained,EXPLAINED_E2,month_x_year_x_vegetation_class_x_point_id,8|2024|Veg_Coniferous|000,1
explained,EXPLAINED_E2,month_x_year_x_vegetation_class_x_point_id,8|2024|Veg_Meadow_497|037,1
explained,EXPLAINED_E2,month_x_year_x_vegetation_class_x_point_id,8|2024|Veg_Meadow_497|046,1
explained,EXPLAINED_E2,month_x_year_x_vegetation_class_x_point_id,8|2024|Veg_Meadow_497|052,1
explained,EXPLAINED_E2,month_x_year_x_vegetation_class_x_point_id,8|2024|Veg_Meadow_497|061,1
explained,EXPLAINED_E2,month_x_year_x_vegetation_class_x_point_id,8|2024|Veg_Meadow_497|071,1
explained,EXPLAINED_E2,month_x_year_x_vegetation_class_x_point_id,8|2024|Veg_Meadow_497|087,1
explained,EXPLAINED_E2,month_x_year_x_vegetation_class_x_point_id,8|2024|Veg_Meadow_497|100,1
explained,EXPLAINED_E2,month_x_year_x_vegetation_class_x_point_id,8|2024|Veg_Meadow_497|102,1
explained,EXPLAINED_E2,month_x_year_x_vegetation_class_x_point_id,8|2024|Veg_Meadow_497|111,1
explained,EXPLAINED_E2,month_x_year_x_vegetation_class_x_point_id,8|2024|Veg_Meadow_497|114,1
explained,EXPLAINED_E2,month_x_year_x_vegetation_class_x_point_id,8|2024|Veg_Meadow_497|116,1
explained,EXPLAINED_E2,month_x_year_x_vegetation_class_x_point_id,8|2024|Veg_Meadow_497|122,1
explained,EXPLAINED_E2,month_x_year_x_vegetation_class_x_point_id,8|2024|Veg_Meadow_497|138,1
explained,EXPLAINED_E2,month_x_year_x_vegetation_class_x_point_id,8|2024|Veg_Meadow_497|155,1
explained,EXPLAINED_E2,month_x_year_x_vegetation_class_x_point_id,8|2024|Veg_Meadow_497|169,1
explained,EXPLAINED_E2,month_x_year_x_vegetation_class_x_point_id,8|2024|Veg_Meadow_504|186,1
explained,EXPLAINED_E2,month_x_year_x_vegetation_class_x_point_id,8|2024|Veg_Meadow_504|189,1
explained,EXPLAINED_E2,month_x_year_x_vegetation_class_x_point_id,8|2024|Veg_Meadow_504|203,1
explained,EXPLAINED_E2,month_x_year_x_vegetation_class_x_point_id,8|2024|Veg_Meadow_504|210,1
explained,EXPLAINED_E2,month_x_year_x_vegetation_class_x_point_id,8|2024|Veg_Shrub|015,1
explained,EXPLAINED_E2,month_x_year_x_vegetation_class_x_point_id,8|2024|Veg_Shrub|021,1
explained,EXPLAINED_E2,month_x_year_x_vegetation_class_x_point_id,8|2024|Veg_Sparse|219,1
explained,EXPLAINED_E2,month_x_year_x_vegetation_class_x_point_id,8|2024|Veg_Sparse|246,1
explained,EXPLAINED_E2,month_x_year_x_vegetation_class_x_point_id,8|2025|Veg_Coniferous|008,1
explained,EXPLAINED_E2,month_x_year_x_vegetation_class_x_point_id,8|2025|Veg_Meadow_497|044,1
explained,EXPLAINED_E2,month_x_year_x_vegetation_class_x_point_id,8|2025|Veg_Meadow_497|047,1
explained,EXPLAINED_E2,month_x_year_x_vegetation_class_x_point_id,8|2025|Veg_Meadow_497|074,1
explained,EXPLAINED_E2,month_x_year_x_vegetation_class_x_point_id,8|2025|Veg_Meadow_497|077,1
explained,EXPLAINED_E2,month_x_year_x_vegetation_class_x_point_id,8|2025|Veg_Meadow_497|094,1
explained,EXPLAINED_E2,month_x_year_x_vegetation_class_x_point_id,8|2025|Veg_Meadow_497|121,1
explained,EXPLAINED_E2,month_x_year_x_vegetation_class_x_point_id,8|2025|Veg_Meadow_497|151,1
explained,EXPLAINED_E2,month_x_year_x_vegetation_class_x_point_id,8|2025|Veg_Meadow_497|160,1
explained,EXPLAINED_E2,month_x_year_x_vegetation_class_x_point_id,8|2025|Veg_Meadow_497|167,1
explained,EXPLAINED_E2,month_x_year_x_vegetation_class_x_point_id,8|2025|Veg_Meadow_504|199,1
explained,EXPLAINED_E2,month_x_year_x_vegetation_class_x_point_id,8|2025|Veg_Sparse|224,1
explained,EXPLAINED_E2,month_x_year_x_vegetation_class_x_point_id,8|2025|Veg_Sparse|226,1
explained,EXPLAINED_E2,month_x_year_x_vegetation_class_x_point_id,9|2022|Veg_Coniferous|000,1
explained,EXPLAINED_E2,month_x_year_x_vegetation_class_x_point_id,9|2022|Veg_Coniferous|002,1
explained,EXPLAINED_E2,month_x_year_x_vegetation_class_x_point_id,9|2022|Veg_Meadow_497|032,1
explained,EXPLAINED_E2,month_x_year_x_vegetation_class_x_point_id,9|2022|Veg_Meadow_497|045,1
explained,EXPLAINED_E2,month_x_year_x_vegetation_class_x_point_id,9|2022|Veg_Meadow_497|060,1
explained,EXPLAINED_E2,month_x_year_x_vegetation_class_x_point_id,9|2022|Veg_Meadow_497|064,1
explained,EXPLAINED_E2,month_x_year_x_vegetation_class_x_point_id,9|2022|Veg_Meadow_497|089,1
explained,EXPLAINED_E2,month_x_year_x_vegetation_class_x_point_id,9|2022|Veg_Meadow_497|095,1
explained,EXPLAINED_E2,month_x_year_x_vegetation_class_x_point_id,9|2022|Veg_Meadow_497|138,1
explained,EXPLAINED_E2,month_x_year_x_vegetation_class_x_point_id,9|2022|Veg_Meadow_497|142,1
explained,EXPLAINED_E2,month_x_year_x_vegetation_class_x_point_id,9|2022|Veg_Meadow_497|147,1
explained,EXPLAINED_E2,month_x_year_x_vegetation_class_x_point_id,9|2022|Veg_Meadow_497|151,1
explained,EXPLAINED_E2,month_x_year_x_vegetation_class_x_point_id,9|2022|Veg_Meadow_497|160,1
explained,EXPLAINED_E2,month_x_year_x_vegetation_class_x_point_id,9|2022|Veg_Meadow_497|168,1
explained,EXPLAINED_E2,month_x_year_x_vegetation_class_x_point_id,9|2022|Veg_Meadow_499|180,1
explained,EXPLAINED_E2,month_x_year_x_vegetation_class_x_point_id,9|2022|Veg_Meadow_504|186,1
explained,EXPLAINED_E2,month_x_year_x_vegetation_class_x_point_id,9|2022|Veg_Meadow_504|192,1
explained,EXPLAINED_E2,month_x_year_x_vegetation_class_x_point_id,9|2022|Veg_Meadow_504|198,1
explained,EXPLAINED_E2,month_x_year_x_vegetation_class_x_point_id,9|2022|Veg_Meadow_504|207,1
explained,EXPLAINED_E2,month_x_year_x_vegetation_class_x_point_id,9|2022|Veg_Shrub|028,1
explained,EXPLAINED_E2,month_x_year_x_vegetation_class_x_point_id,9|2022|Veg_Sparse|223,1
explained,EXPLAINED_E2,month_x_year_x_vegetation_class_x_point_id,9|2022|Veg_Sparse|226,1
explained,EXPLAINED_E2,month_x_year_x_vegetation_class_x_point_id,9|2022|Veg_Sparse|236,1
explained,EXPLAINED_E2,month_x_year_x_vegetation_class_x_point_id,9|2023|Veg_Coniferous|010,1
explained,EXPLAINED_E2,month_x_year_x_vegetation_class_x_point_id,9|2023|Veg_Meadow_497|047,1
explained,EXPLAINED_E2,month_x_year_x_vegetation_class_x_point_id,9|2023|Veg_Meadow_497|053,1
explained,EXPLAINED_E2,month_x_year_x_vegetation_class_x_point_id,9|2023|Veg_Meadow_497|078,1
explained,EXPLAINED_E2,month_x_year_x_vegetation_class_x_point_id,9|2023|Veg_Meadow_497|093,1
explained,EXPLAINED_E2,month_x_year_x_vegetation_class_x_point_id,9|2023|Veg_Meadow_497|106,1
explained,EXPLAINED_E2,month_x_year_x_vegetation_class_x_point_id,9|2023|Veg_Meadow_497|110,1
explained,EXPLAINED_E2,month_x_year_x_vegetation_class_x_point_id,9|2023|Veg_Meadow_497|118,1
explained,EXPLAINED_E2,month_x_year_x_vegetation_class_x_point_id,9|2023|Veg_Meadow_497|123,1
explained,EXPLAINED_E2,month_x_year_x_vegetation_class_x_point_id,9|2023|Veg_Meadow_497|130,1
explained,EXPLAINED_E2,month_x_year_x_vegetation_class_x_point_id,9|2023|Veg_Meadow_497|134,1
explained,EXPLAINED_E2,month_x_year_x_vegetation_class_x_point_id,9|2023|Veg_Meadow_497|141,1
explained,EXPLAINED_E2,month_x_year_x_vegetation_class_x_point_id,9|2023|Veg_Meadow_497|153,1
explained,EXPLAINED_E2,month_x_year_x_vegetation_class_x_point_id,9|2023|Veg_Meadow_504|211,1
explained,EXPLAINED_E2,month_x_year_x_vegetation_class_x_point_id,9|2023|Veg_Shrub|015,1
explained,EXPLAINED_E2,month_x_year_x_vegetation_class_x_point_id,9|2023|Veg_Shrub|021,1
explained,EXPLAINED_E2,month_x_year_x_vegetation_class_x_point_id,9|2023|Veg_Sparse|224,1
explained,EXPLAINED_E2,month_x_year_x_vegetation_class_x_point_id,9|2023|Veg_Sparse|227,1
explained,EXPLAINED_E2,month_x_year_x_vegetation_class_x_point_id,9|2023|Veg_Sparse|230,1
explained,EXPLAINED_E2,month_x_year_x_vegetation_class_x_point_id,9|2023|Veg_Sparse|238,1
explained,EXPLAINED_E2,month_x_year_x_vegetation_class_x_point_id,9|2023|Veg_Sparse|244,1
explained,EXPLAINED_E2,month_x_year_x_vegetation_class_x_point_id,9|2024|Veg_Coniferous|005,1
explained,EXPLAINED_E2,month_x_year_x_vegetation_class_x_point_id,9|2024|Veg_Coniferous|012,1
explained,EXPLAINED_E2,month_x_year_x_vegetation_class_x_point_id,9|2024|Veg_Meadow_497|033,1
explained,EXPLAINED_E2,month_x_year_x_vegetation_class_x_point_id,9|2024|Veg_Meadow_497|038,1
explained,EXPLAINED_E2,month_x_year_x_vegetation_class_x_point_id,9|2024|Veg_Meadow_497|039,1
explained,EXPLAINED_E2,month_x_year_x_vegetation_class_x_point_id,9|2024|Veg_Meadow_497|044,1
explained,EXPLAINED_E2,month_x_year_x_vegetation_class_x_point_id,9|2024|Veg_Meadow_497|050,1
explained,EXPLAINED_E2,month_x_year_x_vegetation_class_x_point_id,9|2024|Veg_Meadow_497|057,1
explained,EXPLAINED_E2,month_x_year_x_vegetation_class_x_point_id,9|2024|Veg_Meadow_497|058,1
explained,EXPLAINED_E2,month_x_year_x_vegetation_class_x_point_id,9|2024|Veg_Meadow_497|074,1
explained,EXPLAINED_E2,month_x_year_x_vegetation_class_x_point_id,9|2024|Veg_Meadow_497|115,1
explained,EXPLAINED_E2,month_x_year_x_vegetation_class_x_point_id,9|2024|Veg_Meadow_497|150,1
explained,EXPLAINED_E2,month_x_year_x_vegetation_class_x_point_id,9|2024|Veg_Meadow_499|178,1
explained,EXPLAINED_E2,month_x_year_x_vegetation_class_x_point_id,9|2024|Veg_Meadow_499|181,1
explained,EXPLAINED_E2,month_x_year_x_vegetation_class_x_point_id,9|2024|Veg_Meadow_499|183,1
explained,EXPLAINED_E2,month_x_year_x_vegetation_class_x_point_id,9|2024|Veg_Meadow_504|188,1
explained,EXPLAINED_E2,month_x_year_x_vegetation_class_x_point_id,9|2024|Veg_Meadow_504|194,1
explained,EXPLAINED_E2,month_x_year_x_vegetation_class_x_point_id,9|2024|Veg_Meadow_504|195,1
explained,EXPLAINED_E2,month_x_year_x_vegetation_class_x_point_id,9|2024|Veg_Meadow_504|209,1
explained,EXPLAINED_E2,month_x_year_x_vegetation_class_x_point_id,9|2024|Veg_Sparse|222,1
explained,EXPLAINED_E2,month_x_year_x_vegetation_class_x_point_id,9|2024|Veg_Sparse|232,1
explained,EXPLAINED_E2,month_x_year_x_vegetation_class_x_point_id,9|2025|Veg_Meadow_497|037,1
explained,EXPLAINED_E2,month_x_year_x_vegetation_class_x_point_id,9|2025|Veg_Meadow_497|042,1
explained,EXPLAINED_E2,month_x_year_x_vegetation_class_x_point_id,9|2025|Veg_Meadow_497|055,1
explained,EXPLAINED_E2,month_x_year_x_vegetation_class_x_point_id,9|2025|Veg_Meadow_497|066,1
explained,EXPLAINED_E2,month_x_year_x_vegetation_class_x_point_id,9|2025|Veg_Meadow_497|067,1
explained,EXPLAINED_E2,month_x_year_x_vegetation_class_x_point_id,9|2025|Veg_Meadow_497|073,1
explained,EXPLAINED_E2,month_x_year_x_vegetation_class_x_point_id,9|2025|Veg_Meadow_497|079,1
explained,EXPLAINED_E2,month_x_year_x_vegetation_class_x_point_id,9|2025|Veg_Meadow_497|099,1
explained,EXPLAINED_E2,month_x_year_x_vegetation_class_x_point_id,9|2025|Veg_Meadow_497|100,1
explained,EXPLAINED_E2,month_x_year_x_vegetation_class_x_point_id,9|2025|Veg_Meadow_497|105,1
explained,EXPLAINED_E2,month_x_year_x_vegetation_class_x_point_id,9|2025|Veg_Meadow_497|117,1
explained,EXPLAINED_E2,month_x_year_x_vegetation_class_x_point_id,9|2025|Veg_Meadow_497|146,1
explained,EXPLAINED_E2,month_x_year_x_vegetation_class_x_point_id,9|2025|Veg_Meadow_497|154,1
explained,EXPLAINED_E2,month_x_year_x_vegetation_class_x_point_id,9|2025|Veg_Meadow_499|176,1
explained,EXPLAINED_E2,month_x_year_x_vegetation_class_x_point_id,9|2025|Veg_Meadow_499|178,1
explained,EXPLAINED_E2,month_x_year_x_vegetation_class_x_point_id,9|2025|Veg_Meadow_504|191,1
explained,EXPLAINED_E2,month_x_year_x_vegetation_class_x_point_id,9|2025|Veg_Shrub|016,1
explained,EXPLAINED_E2,month_x_year_x_vegetation_class_x_point_id,9|2025|Veg_Shrub|020,1
explained,EXPLAINED_E2,month_x_year_x_vegetation_class_x_point_id,10|2022|Veg_Coniferous|001,1
explained,EXPLAINED_E2,month_x_year_x_vegetation_class_x_point_id,10|2022|Veg_Coniferous|004,1
explained,EXPLAINED_E2,month_x_year_x_vegetation_class_x_point_id,10|2022|Veg_Meadow_497|033,1
explained,EXPLAINED_E2,month_x_year_x_vegetation_class_x_point_id,10|2022|Veg_Meadow_497|046,1
explained,EXPLAINED_E2,month_x_year_x_vegetation_class_x_point_id,10|2022|Veg_Meadow_497|049,1
explained,EXPLAINED_E2,month_x_year_x_vegetation_class_x_point_id,10|2022|Veg_Meadow_497|053,1
explained,EXPLAINED_E2,month_x_year_x_vegetation_class_x_point_id,10|2022|Veg_Meadow_497|066,1
explained,EXPLAINED_E2,month_x_year_x_vegetation_class_x_point_id,10|2022|Veg_Meadow_497|074,1
explained,EXPLAINED_E2,month_x_year_x_vegetation_class_x_point_id,10|2022|Veg_Meadow_497|079,1
explained,EXPLAINED_E2,month_x_year_x_vegetation_class_x_point_id,10|2022|Veg_Meadow_497|088,1
explained,EXPLAINED_E2,month_x_year_x_vegetation_class_x_point_id,10|2022|Veg_Meadow_497|090,1
explained,EXPLAINED_E2,month_x_year_x_vegetation_class_x_point_id,10|2022|Veg_Meadow_497|113,1
explained,EXPLAINED_E2,month_x_year_x_vegetation_class_x_point_id,10|2022|Veg_Meadow_497|120,1
explained,EXPLAINED_E2,month_x_year_x_vegetation_class_x_point_id,10|2022|Veg_Meadow_497|170,1
explained,EXPLAINED_E2,month_x_year_x_vegetation_class_x_point_id,10|2022|Veg_Meadow_499|178,1
explained,EXPLAINED_E2,month_x_year_x_vegetation_class_x_point_id,10|2022|Veg_Meadow_499|181,1
explained,EXPLAINED_E2,month_x_year_x_vegetation_class_x_point_id,10|2022|Veg_Meadow_499|185,1
explained,EXPLAINED_E2,month_x_year_x_vegetation_class_x_point_id,10|2022|Veg_Meadow_504|200,1
explained,EXPLAINED_E2,month_x_year_x_vegetation_class_x_point_id,10|2022|Veg_Meadow_504|206,1
explained,EXPLAINED_E2,month_x_year_x_vegetation_class_x_point_id,10|2022|Veg_Shrub|018,1
explained,EXPLAINED_E2,month_x_year_x_vegetation_class_x_point_id,10|2022|Veg_Shrub|022,1
explained,EXPLAINED_E2,month_x_year_x_vegetation_class_x_point_id,10|2022|Veg_Sparse|225,1
explained,EXPLAINED_E2,month_x_year_x_vegetation_class_x_point_id,10|2022|Veg_Sparse|238,1
explained,EXPLAINED_E2,month_x_year_x_vegetation_class_x_point_id,10|2022|Veg_Sparse|245,1
explained,EXPLAINED_E2,month_x_year_x_vegetation_class_x_point_id,10|2023|Veg_Coniferous|012,1
explained,EXPLAINED_E2,month_x_year_x_vegetation_class_x_point_id,10|2023|Veg_Meadow_497|036,1
explained,EXPLAINED_E2,month_x_year_x_vegetation_class_x_point_id,10|2023|Veg_Meadow_497|037,1
explained,EXPLAINED_E2,month_x_year_x_vegetation_class_x_point_id,10|2023|Veg_Meadow_497|051,1
explained,EXPLAINED_E2,month_x_year_x_vegetation_class_x_point_id,10|2023|Veg_Meadow_497|069,1
explained,EXPLAINED_E2,month_x_year_x_vegetation_class_x_point_id,10|2023|Veg_Meadow_497|102,1
explained,EXPLAINED_E2,month_x_year_x_vegetation_class_x_point_id,10|2023|Veg_Meadow_497|109,1
explained,EXPLAINED_E2,month_x_year_x_vegetation_class_x_point_id,10|2023|Veg_Meadow_497|126,1
explained,EXPLAINED_E2,month_x_year_x_vegetation_class_x_point_id,10|2023|Veg_Meadow_497|129,1
explained,EXPLAINED_E2,month_x_year_x_vegetation_class_x_point_id,10|2023|Veg_Meadow_497|154,1
explained,EXPLAINED_E2,month_x_year_x_vegetation_class_x_point_id,10|2023|Veg_Meadow_497|163,1
explained,EXPLAINED_E2,month_x_year_x_vegetation_class_x_point_id,10|2023|Veg_Meadow_497|166,1
explained,EXPLAINED_E2,month_x_year_x_vegetation_class_x_point_id,10|2023|Veg_Meadow_499|171,1
explained,EXPLAINED_E2,month_x_year_x_vegetation_class_x_point_id,10|2023|Veg_Meadow_504|193,1
explained,EXPLAINED_E2,month_x_year_x_vegetation_class_x_point_id,10|2023|Veg_Shrub|023,1
explained,EXPLAINED_E2,month_x_year_x_vegetation_class_x_point_id,10|2023|Veg_Shrub|028,1
explained,EXPLAINED_E2,month_x_year_x_vegetation_class_x_point_id,10|2023|Veg_Sparse|228,1
explained,EXPLAINED_E2,month_x_year_x_vegetation_class_x_point_id,10|2024|Veg_Coniferous|007,1
explained,EXPLAINED_E2,month_x_year_x_vegetation_class_x_point_id,10|2024|Veg_Meadow_497|035,1
explained,EXPLAINED_E2,month_x_year_x_vegetation_class_x_point_id,10|2024|Veg_Meadow_497|060,1
explained,EXPLAINED_E2,month_x_year_x_vegetation_class_x_point_id,10|2024|Veg_Meadow_497|063,1
explained,EXPLAINED_E2,month_x_year_x_vegetation_class_x_point_id,10|2024|Veg_Meadow_497|064,1
explained,EXPLAINED_E2,month_x_year_x_vegetation_class_x_point_id,10|2024|Veg_Meadow_497|077,1
explained,EXPLAINED_E2,month_x_year_x_vegetation_class_x_point_id,10|2024|Veg_Meadow_497|082,1
explained,EXPLAINED_E2,month_x_year_x_vegetation_class_x_point_id,10|2024|Veg_Meadow_497|099,1
explained,EXPLAINED_E2,month_x_year_x_vegetation_class_x_point_id,10|2024|Veg_Meadow_497|106,1
explained,EXPLAINED_E2,month_x_year_x_vegetation_class_x_point_id,10|2024|Veg_Meadow_497|130,1
explained,EXPLAINED_E2,month_x_year_x_vegetation_class_x_point_id,10|2024|Veg_Meadow_497|139,1
explained,EXPLAINED_E2,month_x_year_x_vegetation_class_x_point_id,10|2024|Veg_Meadow_497|149,1
explained,EXPLAINED_E2,month_x_year_x_vegetation_class_x_point_id,10|2024|Veg_Meadow_499|175,1
explained,EXPLAINED_E2,month_x_year_x_vegetation_class_x_point_id,10|2024|Veg_Meadow_504|187,1
explained,EXPLAINED_E2,month_x_year_x_vegetation_class_x_point_id,10|2024|Veg_Meadow_504|214,1
explained,EXPLAINED_E2,month_x_year_x_vegetation_class_x_point_id,10|2024|Veg_Shrub|029,1
explained,EXPLAINED_E2,month_x_year_x_vegetation_class_x_point_id,10|2024|Veg_Sparse|223,1
explained,EXPLAINED_E2,month_x_year_x_vegetation_class_x_point_id,10|2024|Veg_Sparse|237,1
explained,EXPLAINED_E2,month_x_year_x_vegetation_class_x_point_id,10|2024|Veg_Sparse|239,1
explained,EXPLAINED_E2,month_x_year_x_vegetation_class_x_point_id,10|2024|Veg_Sparse|243,1
explained,EXPLAINED_E2,month_x_year_x_vegetation_class_x_point_id,10|2025|Veg_Coniferous|002,1
explained,EXPLAINED_E2,month_x_year_x_vegetation_class_x_point_id,10|2025|Veg_Coniferous|007,1
explained,EXPLAINED_E2,month_x_year_x_vegetation_class_x_point_id,10|2025|Veg_Meadow_497|031,1
explained,EXPLAINED_E2,month_x_year_x_vegetation_class_x_point_id,10|2025|Veg_Meadow_497|040,1
explained,EXPLAINED_E2,month_x_year_x_vegetation_class_x_point_id,10|2025|Veg_Meadow_497|052,1
explained,EXPLAINED_E2,month_x_year_x_vegetation_class_x_point_id,10|2025|Veg_Meadow_497|054,1
explained,EXPLAINED_E2,month_x_year_x_vegetation_class_x_point_id,10|2025|Veg_Meadow_497|078,1
explained,EXPLAINED_E2,month_x_year_x_vegetation_class_x_point_id,10|2025|Veg_Meadow_497|095,1
explained,EXPLAINED_E2,month_x_year_x_vegetation_class_x_point_id,10|2025|Veg_Meadow_497|116,1
explained,EXPLAINED_E2,month_x_year_x_vegetation_class_x_point_id,10|2025|Veg_Meadow_497|118,1
explained,EXPLAINED_E2,month_x_year_x_vegetation_class_x_point_id,10|2025|Veg_Meadow_497|125,1
explained,EXPLAINED_E2,month_x_year_x_vegetation_class_x_point_id,10|2025|Veg_Meadow_497|127,1
explained,EXPLAINED_E2,month_x_year_x_vegetation_class_x_point_id,10|2025|Veg_Meadow_497|150,1
explained,EXPLAINED_E2,month_x_year_x_vegetation_class_x_point_id,10|2025|Veg_Meadow_497|153,1
explained,EXPLAINED_E2,month_x_year_x_vegetation_class_x_point_id,10|2025|Veg_Meadow_497|168,1
explained,EXPLAINED_E2,month_x_year_x_vegetation_class_x_point_id,10|2025|Veg_Meadow_504|188,1
explained,EXPLAINED_E2,month_x_year_x_vegetation_class_x_point_id,10|2025|Veg_Meadow_504|192,1
explained,EXPLAINED_E2,month_x_year_x_vegetation_class_x_point_id,10|2025|Veg_Meadow_504|205,1
explained,EXPLAINED_E2,month_x_year_x_vegetation_class_x_point_id,10|2025|Veg_Meadow_504|210,1
explained,EXPLAINED_E2,month_x_year_x_vegetation_class_x_point_id,10|2025|Veg_Sparse|217,1
explained,EXPLAINED_E2,month_x_year_x_vegetation_class_x_point_id,10|2025|Veg_Sparse|233,1
explained,EXPLAINED_E2,month_x_year_x_vegetation_class_x_point_id,10|2025|Veg_Sparse|241,1
explained,EXPLAINED_E2,month_x_year_x_vegetation_class_x_point_id,11|2022|Veg_Coniferous|012,1
explained,EXPLAINED_E2,month_x_year_x_vegetation_class_x_point_id,11|2022|Veg_Meadow_497|036,1
explained,EXPLAINED_E2,month_x_year_x_vegetation_class_x_point_id,11|2022|Veg_Meadow_497|069,1
explained,EXPLAINED_E2,month_x_year_x_vegetation_class_x_point_id,11|2022|Veg_Meadow_497|078,1
explained,EXPLAINED_E2,month_x_year_x_vegetation_class_x_point_id,11|2022|Veg_Meadow_497|083,1
explained,EXPLAINED_E2,month_x_year_x_vegetation_class_x_point_id,11|2022|Veg_Meadow_497|100,1
explained,EXPLAINED_E2,month_x_year_x_vegetation_class_x_point_id,11|2022|Veg_Meadow_497|102,1
explained,EXPLAINED_E2,month_x_year_x_vegetation_class_x_point_id,11|2022|Veg_Meadow_497|133,1
explained,EXPLAINED_E2,month_x_year_x_vegetation_class_x_point_id,11|2022|Veg_Meadow_497|156,1
explained,EXPLAINED_E2,month_x_year_x_vegetation_class_x_point_id,11|2022|Veg_Meadow_497|157,1
explained,EXPLAINED_E2,month_x_year_x_vegetation_class_x_point_id,11|2022|Veg_Meadow_499|182,1
explained,EXPLAINED_E2,month_x_year_x_vegetation_class_x_point_id,11|2022|Veg_Meadow_504|197,1
explained,EXPLAINED_E2,month_x_year_x_vegetation_class_x_point_id,11|2022|Veg_Meadow_504|199,1
explained,EXPLAINED_E2,month_x_year_x_vegetation_class_x_point_id,11|2022|Veg_Meadow_504|204,1
explained,EXPLAINED_E2,month_x_year_x_vegetation_class_x_point_id,11|2022|Veg_Meadow_504|205,1
explained,EXPLAINED_E2,month_x_year_x_vegetation_class_x_point_id,11|2022|Veg_Shrub|017,1
explained,EXPLAINED_E2,month_x_year_x_vegetation_class_x_point_id,11|2022|Veg_Shrub|019,1
explained,EXPLAINED_E2,month_x_year_x_vegetation_class_x_point_id,11|2022|Veg_Sparse|215,1
explained,EXPLAINED_E2,month_x_year_x_vegetation_class_x_point_id,11|2022|Veg_Sparse|222,1
explained,EXPLAINED_E2,month_x_year_x_vegetation_class_x_point_id,11|2022|Veg_Sparse|239,1
explained,EXPLAINED_E2,month_x_year_x_vegetation_class_x_point_id,11|2022|Veg_Sparse|246,1
explained,EXPLAINED_E2,month_x_year_x_vegetation_class_x_point_id,11|2023|Veg_Coniferous|004,1
explained,EXPLAINED_E2,month_x_year_x_vegetation_class_x_point_id,11|2023|Veg_Coniferous|011,1
explained,EXPLAINED_E2,month_x_year_x_vegetation_class_x_point_id,11|2023|Veg_Meadow_497|039,1
explained,EXPLAINED_E2,month_x_year_x_vegetation_class_x_point_id,11|2023|Veg_Meadow_497|041,1
explained,EXPLAINED_E2,month_x_year_x_vegetation_class_x_point_id,11|2023|Veg_Meadow_497|043,1
explained,EXPLAINED_E2,month_x_year_x_vegetation_class_x_point_id,11|2023|Veg_Meadow_497|058,1
explained,EXPLAINED_E2,month_x_year_x_vegetation_class_x_point_id,11|2023|Veg_Meadow_497|063,1
explained,EXPLAINED_E2,month_x_year_x_vegetation_class_x_point_id,11|2023|Veg_Meadow_497|067,1
explained,EXPLAINED_E2,month_x_year_x_vegetation_class_x_point_id,11|2023|Veg_Meadow_497|087,1
explained,EXPLAINED_E2,month_x_year_x_vegetation_class_x_point_id,11|2023|Veg_Meadow_497|114,1
explained,EXPLAINED_E2,month_x_year_x_vegetation_class_x_point_id,11|2023|Veg_Meadow_497|116,1
explained,EXPLAINED_E2,month_x_year_x_vegetation_class_x_point_id,11|2023|Veg_Meadow_497|120,1
explained,EXPLAINED_E2,month_x_year_x_vegetation_class_x_point_id,11|2023|Veg_Meadow_497|122,1
explained,EXPLAINED_E2,month_x_year_x_vegetation_class_x_point_id,11|2023|Veg_Meadow_497|125,1
explained,EXPLAINED_E2,month_x_year_x_vegetation_class_x_point_id,11|2023|Veg_Meadow_497|143,1
explained,EXPLAINED_E2,month_x_year_x_vegetation_class_x_point_id,11|2023|Veg_Meadow_497|147,1
explained,EXPLAINED_E2,month_x_year_x_vegetation_class_x_point_id,11|2023|Veg_Meadow_497|159,1
explained,EXPLAINED_E2,month_x_year_x_vegetation_class_x_point_id,11|2023|Veg_Meadow_497|160,1
explained,EXPLAINED_E2,month_x_year_x_vegetation_class_x_point_id,11|2023|Veg_Meadow_499|183,1
explained,EXPLAINED_E2,month_x_year_x_vegetation_class_x_point_id,11|2023|Veg_Meadow_499|184,1
explained,EXPLAINED_E2,month_x_year_x_vegetation_class_x_point_id,11|2023|Veg_Meadow_504|188,1
explained,EXPLAINED_E2,month_x_year_x_vegetation_class_x_point_id,11|2023|Veg_Meadow_504|201,1
explained,EXPLAINED_E2,month_x_year_x_vegetation_class_x_point_id,11|2023|Veg_Meadow_504|209,1
explained,EXPLAINED_E2,month_x_year_x_vegetation_class_x_point_id,11|2023|Veg_Sparse|232,1
explained,EXPLAINED_E2,month_x_year_x_vegetation_class_x_point_id,11|2023|Veg_Sparse|236,1
explained,EXPLAINED_E2,month_x_year_x_vegetation_class_x_point_id,11|2024|Veg_Coniferous|010,1
explained,EXPLAINED_E2,month_x_year_x_vegetation_class_x_point_id,11|2024|Veg_Meadow_497|048,1
explained,EXPLAINED_E2,month_x_year_x_vegetation_class_x_point_id,11|2024|Veg_Meadow_497|059,1
explained,EXPLAINED_E2,month_x_year_x_vegetation_class_x_point_id,11|2024|Veg_Meadow_497|072,1
explained,EXPLAINED_E2,month_x_year_x_vegetation_class_x_point_id,11|2024|Veg_Meadow_497|084,1
explained,EXPLAINED_E2,month_x_year_x_vegetation_class_x_point_id,11|2024|Veg_Meadow_497|095,1
explained,EXPLAINED_E2,month_x_year_x_vegetation_class_x_point_id,11|2024|Veg_Meadow_497|101,1
explained,EXPLAINED_E2,month_x_year_x_vegetation_class_x_point_id,11|2024|Veg_Meadow_497|107,1
explained,EXPLAINED_E2,month_x_year_x_vegetation_class_x_point_id,11|2024|Veg_Meadow_497|108,1
explained,EXPLAINED_E2,month_x_year_x_vegetation_class_x_point_id,11|2024|Veg_Meadow_497|118,1
explained,EXPLAINED_E2,month_x_year_x_vegetation_class_x_point_id,11|2024|Veg_Meadow_497|127,1
explained,EXPLAINED_E2,month_x_year_x_vegetation_class_x_point_id,11|2024|Veg_Meadow_497|140,1
explained,EXPLAINED_E2,month_x_year_x_vegetation_class_x_point_id,11|2024|Veg_Meadow_497|153,1
explained,EXPLAINED_E2,month_x_year_x_vegetation_class_x_point_id,11|2024|Veg_Meadow_497|164,1
explained,EXPLAINED_E2,month_x_year_x_vegetation_class_x_point_id,11|2024|Veg_Meadow_499|185,1
explained,EXPLAINED_E2,month_x_year_x_vegetation_class_x_point_id,11|2024|Veg_Meadow_504|196,1
explained,EXPLAINED_E2,month_x_year_x_vegetation_class_x_point_id,11|2024|Veg_Meadow_504|212,1
explained,EXPLAINED_E2,month_x_year_x_vegetation_class_x_point_id,11|2024|Veg_Shrub|017,1
explained,EXPLAINED_E2,month_x_year_x_vegetation_class_x_point_id,11|2025|Veg_Coniferous|005,1
explained,EXPLAINED_E2,month_x_year_x_vegetation_class_x_point_id,11|2025|Veg_Meadow_497|032,1
explained,EXPLAINED_E2,month_x_year_x_vegetation_class_x_point_id,11|2025|Veg_Meadow_497|050,1
explained,EXPLAINED_E2,month_x_year_x_vegetation_class_x_point_id,11|2025|Veg_Meadow_497|057,1
explained,EXPLAINED_E2,month_x_year_x_vegetation_class_x_point_id,11|2025|Veg_Meadow_497|071,1
explained,EXPLAINED_E2,month_x_year_x_vegetation_class_x_point_id,11|2025|Veg_Meadow_497|091,1
explained,EXPLAINED_E2,month_x_year_x_vegetation_class_x_point_id,11|2025|Veg_Meadow_497|115,1
explained,EXPLAINED_E2,month_x_year_x_vegetation_class_x_point_id,11|2025|Veg_Meadow_497|148,1
explained,EXPLAINED_E2,month_x_year_x_vegetation_class_x_point_id,11|2025|Veg_Meadow_497|162,1
explained,EXPLAINED_E2,month_x_year_x_vegetation_class_x_point_id,11|2025|Veg_Meadow_497|166,1
explained,EXPLAINED_E2,month_x_year_x_vegetation_class_x_point_id,11|2025|Veg_Meadow_499|171,1
explained,EXPLAINED_E2,month_x_year_x_vegetation_class_x_point_id,11|2025|Veg_Meadow_504|189,1
explained,EXPLAINED_E2,month_x_year_x_vegetation_class_x_point_id,11|2025|Veg_Shrub|015,1
explained,EXPLAINED_E2,month_x_year_x_vegetation_class_x_point_id,11|2025|Veg_Shrub|025,1
explained,EXPLAINED_E2,month_x_year_x_vegetation_class_x_point_id,11|2025|Veg_Shrub|027,1
explained,EXPLAINED_E2,month_x_year_x_vegetation_class_x_point_id,11|2025|Veg_Sparse|216,1
explained,EXPLAINED_E2,month_x_year_x_vegetation_class_x_point_id,11|2025|Veg_Sparse|230,1
explained,EXPLAINED_E2,month_x_year_x_vegetation_class_x_point_id,11|2025|Veg_Sparse|231,1
explained,EXPLAINED_E2,month_x_year_x_vegetation_class_x_point_id,11|2025|Veg_Sparse|243,1
explained,EXPLAINED_E2,month_x_year_x_vegetation_class_x_point_id,11|2025|Veg_Sparse|244,1
explained,EXPLAINED_E2,month_x_year_x_vegetation_class_x_point_id,12|2022|Veg_Coniferous|003,1
explained,EXPLAINED_E2,month_x_year_x_vegetation_class_x_point_id,12|2022|Veg_Meadow_497|047,1
explained,EXPLAINED_E2,month_x_year_x_vegetation_class_x_point_id,12|2022|Veg_Meadow_497|067,1
explained,EXPLAINED_E2,month_x_year_x_vegetation_class_x_point_id,12|2022|Veg_Meadow_497|075,1
explained,EXPLAINED_E2,month_x_year_x_vegetation_class_x_point_id,12|2022|Veg_Meadow_497|091,1
explained,EXPLAINED_E2,month_x_year_x_vegetation_class_x_point_id,12|2022|Veg_Meadow_497|101,1
explained,EXPLAINED_E2,month_x_year_x_vegetation_class_x_point_id,12|2022|Veg_Meadow_497|109,1
explained,EXPLAINED_E2,month_x_year_x_vegetation_class_x_point_id,12|2022|Veg_Meadow_497|119,1
explained,EXPLAINED_E2,month_x_year_x_vegetation_class_x_point_id,12|2022|Veg_Meadow_497|128,1
explained,EXPLAINED_E2,month_x_year_x_vegetation_class_x_point_id,12|2022|Veg_Meadow_497|130,1
explained,EXPLAINED_E2,month_x_year_x_vegetation_class_x_point_id,12|2022|Veg_Meadow_497|137,1
explained,EXPLAINED_E2,month_x_year_x_vegetation_class_x_point_id,12|2022|Veg_Meadow_497|143,1
explained,EXPLAINED_E2,month_x_year_x_vegetation_class_x_point_id,12|2022|Veg_Meadow_497|152,1
explained,EXPLAINED_E2,month_x_year_x_vegetation_class_x_point_id,12|2022|Veg_Meadow_499|171,1
explained,EXPLAINED_E2,month_x_year_x_vegetation_class_x_point_id,12|2022|Veg_Meadow_499|175,1
explained,EXPLAINED_E2,month_x_year_x_vegetation_class_x_point_id,12|2022|Veg_Meadow_504|187,1
explained,EXPLAINED_E2,month_x_year_x_vegetation_class_x_point_id,12|2022|Veg_Meadow_504|211,1
explained,EXPLAINED_E2,month_x_year_x_vegetation_class_x_point_id,12|2022|Veg_Shrub|016,1
explained,EXPLAINED_E2,month_x_year_x_vegetation_class_x_point_id,12|2022|Veg_Sparse|230,1
explained,EXPLAINED_E2,month_x_year_x_vegetation_class_x_point_id,12|2022|Veg_Sparse|235,1
explained,EXPLAINED_E2,month_x_year_x_vegetation_class_x_point_id,12|2022|Veg_Sparse|243,1
explained,EXPLAINED_E2,month_x_year_x_vegetation_class_x_point_id,12|2023|Veg_Coniferous|002,1
explained,EXPLAINED_E2,month_x_year_x_vegetation_class_x_point_id,12|2023|Veg_Coniferous|007,1
explained,EXPLAINED_E2,month_x_year_x_vegetation_class_x_point_id,12|2023|Veg_Coniferous|009,1
explained,EXPLAINED_E2,month_x_year_x_vegetation_class_x_point_id,12|2023|Veg_Meadow_497|048,1
explained,EXPLAINED_E2,month_x_year_x_vegetation_class_x_point_id,12|2023|Veg_Meadow_497|054,1
explained,EXPLAINED_E2,month_x_year_x_vegetation_class_x_point_id,12|2023|Veg_Meadow_497|073,1
explained,EXPLAINED_E2,month_x_year_x_vegetation_class_x_point_id,12|2023|Veg_Meadow_497|104,1
explained,EXPLAINED_E2,month_x_year_x_vegetation_class_x_point_id,12|2023|Veg_Meadow_497|117,1
explained,EXPLAINED_E2,month_x_year_x_vegetation_class_x_point_id,12|2023|Veg_Meadow_497|121,1
explained,EXPLAINED_E2,month_x_year_x_vegetation_class_x_point_id,12|2023|Veg_Meadow_497|135,1
explained,EXPLAINED_E2,month_x_year_x_vegetation_class_x_point_id,12|2023|Veg_Meadow_497|138,1
explained,EXPLAINED_E2,month_x_year_x_vegetation_class_x_point_id,12|2023|Veg_Meadow_504|192,1
explained,EXPLAINED_E2,month_x_year_x_vegetation_class_x_point_id,12|2023|Veg_Meadow_504|200,1
explained,EXPLAINED_E2,month_x_year_x_vegetation_class_x_point_id,12|2023|Veg_Shrub|024,1
explained,EXPLAINED_E2,month_x_year_x_vegetation_class_x_point_id,12|2023|Veg_Shrub|025,1
explained,EXPLAINED_E2,month_x_year_x_vegetation_class_x_point_id,12|2023|Veg_Sparse|215,1
explained,EXPLAINED_E2,month_x_year_x_vegetation_class_x_point_id,12|2023|Veg_Sparse|216,1
explained,EXPLAINED_E2,month_x_year_x_vegetation_class_x_point_id,12|2023|Veg_Sparse|225,1
explained,EXPLAINED_E2,month_x_year_x_vegetation_class_x_point_id,12|2023|Veg_Sparse|237,1
explained,EXPLAINED_E2,month_x_year_x_vegetation_class_x_point_id,12|2023|Veg_Sparse|240,1
explained,EXPLAINED_E2,month_x_year_x_vegetation_class_x_point_id,12|2023|Veg_Sparse|241,1
explained,EXPLAINED_E2,month_x_year_x_vegetation_class_x_point_id,12|2024|Veg_Meadow_497|032,1
explained,EXPLAINED_E2,month_x_year_x_vegetation_class_x_point_id,12|2024|Veg_Meadow_497|045,1
explained,EXPLAINED_E2,month_x_year_x_vegetation_class_x_point_id,12|2024|Veg_Meadow_497|049,1
explained,EXPLAINED_E2,month_x_year_x_vegetation_class_x_point_id,12|2024|Veg_Meadow_497|076,1
explained,EXPLAINED_E2,month_x_year_x_vegetation_class_x_point_id,12|2024|Veg_Meadow_497|079,1
explained,EXPLAINED_E2,month_x_year_x_vegetation_class_x_point_id,12|2024|Veg_Meadow_497|086,1
explained,EXPLAINED_E2,month_x_year_x_vegetation_class_x_point_id,12|2024|Veg_Meadow_497|092,1
explained,EXPLAINED_E2,month_x_year_x_vegetation_class_x_point_id,12|2024|Veg_Meadow_497|105,1
explained,EXPLAINED_E2,month_x_year_x_vegetation_class_x_point_id,12|2024|Veg_Meadow_497|120,1
explained,EXPLAINED_E2,month_x_year_x_vegetation_class_x_point_id,12|2024|Veg_Meadow_497|129,1
explained,EXPLAINED_E2,month_x_year_x_vegetation_class_x_point_id,12|2024|Veg_Meadow_497|145,1
explained,EXPLAINED_E2,month_x_year_x_vegetation_class_x_point_id,12|2024|Veg_Meadow_497|161,1
explained,EXPLAINED_E2,month_x_year_x_vegetation_class_x_point_id,12|2024|Veg_Meadow_499|172,1
explained,EXPLAINED_E2,month_x_year_x_vegetation_class_x_point_id,12|2024|Veg_Meadow_504|193,1
explained,EXPLAINED_E2,month_x_year_x_vegetation_class_x_point_id,12|2024|Veg_Meadow_504|202,1
explained,EXPLAINED_E2,month_x_year_x_vegetation_class_x_point_id,12|2024|Veg_Meadow_504|206,1
explained,EXPLAINED_E2,month_x_year_x_vegetation_class_x_point_id,12|2024|Veg_Meadow_504|208,1
explained,EXPLAINED_E2,month_x_year_x_vegetation_class_x_point_id,12|2024|Veg_Shrub|017,1
explained,EXPLAINED_E2,month_x_year_x_vegetation_class_x_point_id,12|2024|Veg_Shrub|018,1
explained,EXPLAINED_E2,month_x_year_x_vegetation_class_x_point_id,12|2024|Veg_Shrub|022,1
explained,EXPLAINED_E2,month_x_year_x_vegetation_class_x_point_id,12|2025|Veg_Coniferous|012,1
explained,EXPLAINED_E2,month_x_year_x_vegetation_class_x_point_id,12|2025|Veg_Meadow_497|034,1
explained,EXPLAINED_E2,month_x_year_x_vegetation_class_x_point_id,12|2025|Veg_Meadow_497|038,1
explained,EXPLAINED_E2,month_x_year_x_vegetation_class_x_point_id,12|2025|Veg_Meadow_497|043,1
explained,EXPLAINED_E2,month_x_year_x_vegetation_class_x_point_id,12|2025|Veg_Meadow_497|056,1
explained,EXPLAINED_E2,month_x_year_x_vegetation_class_x_point_id,12|2025|Veg_Meadow_497|063,1
explained,EXPLAINED_E2,month_x_year_x_vegetation_class_x_point_id,12|2025|Veg_Meadow_497|069,1
explained,EXPLAINED_E2,month_x_year_x_vegetation_class_x_point_id,12|2025|Veg_Meadow_497|080,1
explained,EXPLAINED_E2,month_x_year_x_vegetation_class_x_point_id,12|2025|Veg_Meadow_497|083,1
explained,EXPLAINED_E2,month_x_year_x_vegetation_class_x_point_id,12|2025|Veg_Meadow_497|093,1
explained,EXPLAINED_E2,month_x_year_x_vegetation_class_x_point_id,12|2025|Veg_Meadow_497|097,1
explained,EXPLAINED_E2,month_x_year_x_vegetation_class_x_point_id,12|2025|Veg_Meadow_497|124,1
explained,EXPLAINED_E2,month_x_year_x_vegetation_class_x_point_id,12|2025|Veg_Meadow_497|131,1
explained,EXPLAINED_E2,month_x_year_x_vegetation_class_x_point_id,12|2025|Veg_Meadow_497|139,1
explained,EXPLAINED_E2,month_x_year_x_vegetation_class_x_point_id,12|2025|Veg_Meadow_497|163,1
explained,EXPLAINED_E2,month_x_year_x_vegetation_class_x_point_id,12|2025|Veg_Meadow_497|170,1
explained,EXPLAINED_E2,month_x_year_x_vegetation_class_x_point_id,12|2025|Veg_Meadow_499|182,1
explained,EXPLAINED_E2,month_x_year_x_vegetation_class_x_point_id,12|2025|Veg_Meadow_499|184,1
explained,EXPLAINED_E2,month_x_year_x_vegetation_class_x_point_id,12|2025|Veg_Meadow_504|214,1
explained,EXPLAINED_E2,month_x_year_x_vegetation_class_x_point_id,12|2025|Veg_Sparse|228,1
explained,EXPLAINED_E2,month_x_year_x_vegetation_class_x_point_id,12|2025|Veg_Sparse|238,1
explained,EXPLAINED_E3,overall,all,1000
explained,EXPLAINED_E3,unique_point_id,all,247
explained,EXPLAINED_E3,month,1,83
explained,EXPLAINED_E3,month,2,83
explained,EXPLAINED_E3,month,3,83
explained,EXPLAINED_E3,month,4,83
explained,EXPLAINED_E3,month,5,83
explained,EXPLAINED_E3,month,6,83
explained,EXPLAINED_E3,month,7,83
explained,EXPLAINED_E3,month,8,84
explained,EXPLAINED_E3,month,9,84
explained,EXPLAINED_E3,month,10,84
explained,EXPLAINED_E3,month,11,84
explained,EXPLAINED_E3,month,12,83
explained,EXPLAINED_E3,year,2022,250
explained,EXPLAINED_E3,year,2023,250
explained,EXPLAINED_E3,year,2024,250
explained,EXPLAINED_E3,year,2025,250
explained,EXPLAINED_E3,vegetation_class,Veg_Coniferous,64
explained,EXPLAINED_E3,vegetation_class,Veg_Meadow_497,564
explained,EXPLAINED_E3,vegetation_class,Veg_Meadow_499,64
explained,EXPLAINED_E3,vegetation_class,Veg_Meadow_504,116
explained,EXPLAINED_E3,vegetation_class,Veg_Shrub,64
explained,EXPLAINED_E3,vegetation_class,Veg_Sparse,128
explained,EXPLAINED_E3,point_id,000,4
explained,EXPLAINED_E3,point_id,001,4
explained,EXPLAINED_E3,point_id,002,5
explained,EXPLAINED_E3,point_id,003,4
explained,EXPLAINED_E3,point_id,004,4
explained,EXPLAINED_E3,point_id,005,4
explained,EXPLAINED_E3,point_id,006,4
explained,EXPLAINED_E3,point_id,007,4
explained,EXPLAINED_E3,point_id,008,4
explained,EXPLAINED_E3,point_id,009,5
explained,EXPLAINED_E3,point_id,010,4
explained,EXPLAINED_E3,point_id,011,5
explained,EXPLAINED_E3,point_id,012,5
explained,EXPLAINED_E3,point_id,013,4
explained,EXPLAINED_E3,point_id,014,4
explained,EXPLAINED_E3,point_id,015,4
explained,EXPLAINED_E3,point_id,016,4
explained,EXPLAINED_E3,point_id,017,5
explained,EXPLAINED_E3,point_id,018,4
explained,EXPLAINED_E3,point_id,019,4
explained,EXPLAINED_E3,point_id,020,4
explained,EXPLAINED_E3,point_id,021,5
explained,EXPLAINED_E3,point_id,022,5
explained,EXPLAINED_E3,point_id,023,4
explained,EXPLAINED_E3,point_id,024,4
explained,EXPLAINED_E3,point_id,025,4
explained,EXPLAINED_E3,point_id,026,4
explained,EXPLAINED_E3,point_id,027,4
explained,EXPLAINED_E3,point_id,028,4
explained,EXPLAINED_E3,point_id,029,5
explained,EXPLAINED_E3,point_id,030,4
explained,EXPLAINED_E3,point_id,031,4
explained,EXPLAINED_E3,point_id,032,4
explained,EXPLAINED_E3,point_id,033,4
explained,EXPLAINED_E3,point_id,034,4
explained,EXPLAINED_E3,point_id,035,4
explained,EXPLAINED_E3,point_id,036,4
explained,EXPLAINED_E3,point_id,037,4
explained,EXPLAINED_E3,point_id,038,4
explained,EXPLAINED_E3,point_id,039,4
explained,EXPLAINED_E3,point_id,040,4
explained,EXPLAINED_E3,point_id,041,4
explained,EXPLAINED_E3,point_id,042,4
explained,EXPLAINED_E3,point_id,043,4
explained,EXPLAINED_E3,point_id,044,4
explained,EXPLAINED_E3,point_id,045,4
explained,EXPLAINED_E3,point_id,046,4
explained,EXPLAINED_E3,point_id,047,4
explained,EXPLAINED_E3,point_id,048,4
explained,EXPLAINED_E3,point_id,049,4
explained,EXPLAINED_E3,point_id,050,4
explained,EXPLAINED_E3,point_id,051,4
explained,EXPLAINED_E3,point_id,052,4
explained,EXPLAINED_E3,point_id,053,4
explained,EXPLAINED_E3,point_id,054,4
explained,EXPLAINED_E3,point_id,055,4
explained,EXPLAINED_E3,point_id,056,4
explained,EXPLAINED_E3,point_id,057,4
explained,EXPLAINED_E3,point_id,058,4
explained,EXPLAINED_E3,point_id,059,4
explained,EXPLAINED_E3,point_id,060,4
explained,EXPLAINED_E3,point_id,061,4
explained,EXPLAINED_E3,point_id,062,4
explained,EXPLAINED_E3,point_id,063,4
explained,EXPLAINED_E3,point_id,064,4
explained,EXPLAINED_E3,point_id,065,4
explained,EXPLAINED_E3,point_id,066,4
explained,EXPLAINED_E3,point_id,067,4
explained,EXPLAINED_E3,point_id,068,4
explained,EXPLAINED_E3,point_id,069,4
explained,EXPLAINED_E3,point_id,070,4
explained,EXPLAINED_E3,point_id,071,4
explained,EXPLAINED_E3,point_id,072,4
explained,EXPLAINED_E3,point_id,073,4
explained,EXPLAINED_E3,point_id,074,4
explained,EXPLAINED_E3,point_id,075,4
explained,EXPLAINED_E3,point_id,076,4
explained,EXPLAINED_E3,point_id,077,4
explained,EXPLAINED_E3,point_id,078,4
explained,EXPLAINED_E3,point_id,079,4
explained,EXPLAINED_E3,point_id,080,4
explained,EXPLAINED_E3,point_id,081,4
explained,EXPLAINED_E3,point_id,082,4
explained,EXPLAINED_E3,point_id,083,4
explained,EXPLAINED_E3,point_id,084,4
explained,EXPLAINED_E3,point_id,085,4
explained,EXPLAINED_E3,point_id,086,4
explained,EXPLAINED_E3,point_id,087,4
explained,EXPLAINED_E3,point_id,088,4
explained,EXPLAINED_E3,point_id,089,4
explained,EXPLAINED_E3,point_id,090,4
explained,EXPLAINED_E3,point_id,091,4
explained,EXPLAINED_E3,point_id,092,4
explained,EXPLAINED_E3,point_id,093,4
explained,EXPLAINED_E3,point_id,094,4
explained,EXPLAINED_E3,point_id,095,4
explained,EXPLAINED_E3,point_id,096,4
explained,EXPLAINED_E3,point_id,097,4
explained,EXPLAINED_E3,point_id,098,4
explained,EXPLAINED_E3,point_id,099,4
explained,EXPLAINED_E3,point_id,100,4
explained,EXPLAINED_E3,point_id,101,4
explained,EXPLAINED_E3,point_id,102,4
explained,EXPLAINED_E3,point_id,103,4
explained,EXPLAINED_E3,point_id,104,4
explained,EXPLAINED_E3,point_id,105,4
explained,EXPLAINED_E3,point_id,106,4
explained,EXPLAINED_E3,point_id,107,4
explained,EXPLAINED_E3,point_id,108,4
explained,EXPLAINED_E3,point_id,109,4
explained,EXPLAINED_E3,point_id,110,4
explained,EXPLAINED_E3,point_id,111,4
explained,EXPLAINED_E3,point_id,112,4
explained,EXPLAINED_E3,point_id,113,4
explained,EXPLAINED_E3,point_id,114,4
explained,EXPLAINED_E3,point_id,115,4
explained,EXPLAINED_E3,point_id,116,4
explained,EXPLAINED_E3,point_id,117,4
explained,EXPLAINED_E3,point_id,118,4
explained,EXPLAINED_E3,point_id,119,4
explained,EXPLAINED_E3,point_id,120,4
explained,EXPLAINED_E3,point_id,121,4
explained,EXPLAINED_E3,point_id,122,4
explained,EXPLAINED_E3,point_id,123,4
explained,EXPLAINED_E3,point_id,124,4
explained,EXPLAINED_E3,point_id,125,4
explained,EXPLAINED_E3,point_id,126,4
explained,EXPLAINED_E3,point_id,127,4
explained,EXPLAINED_E3,point_id,128,4
explained,EXPLAINED_E3,point_id,129,4
explained,EXPLAINED_E3,point_id,130,4
explained,EXPLAINED_E3,point_id,131,4
explained,EXPLAINED_E3,point_id,132,4
explained,EXPLAINED_E3,point_id,133,4
explained,EXPLAINED_E3,point_id,134,4
explained,EXPLAINED_E3,point_id,135,4
explained,EXPLAINED_E3,point_id,136,4
explained,EXPLAINED_E3,point_id,137,4
explained,EXPLAINED_E3,point_id,138,4
explained,EXPLAINED_E3,point_id,139,4
explained,EXPLAINED_E3,point_id,140,4
explained,EXPLAINED_E3,point_id,141,4
explained,EXPLAINED_E3,point_id,142,4
explained,EXPLAINED_E3,point_id,143,4
explained,EXPLAINED_E3,point_id,144,4
explained,EXPLAINED_E3,point_id,145,4
explained,EXPLAINED_E3,point_id,146,4
explained,EXPLAINED_E3,point_id,147,4
explained,EXPLAINED_E3,point_id,148,4
explained,EXPLAINED_E3,point_id,149,4
explained,EXPLAINED_E3,point_id,150,4
explained,EXPLAINED_E3,point_id,151,4
explained,EXPLAINED_E3,point_id,152,4
explained,EXPLAINED_E3,point_id,153,4
explained,EXPLAINED_E3,point_id,154,4
explained,EXPLAINED_E3,point_id,155,4
explained,EXPLAINED_E3,point_id,156,4
explained,EXPLAINED_E3,point_id,157,4
explained,EXPLAINED_E3,point_id,158,4
explained,EXPLAINED_E3,point_id,159,4
explained,EXPLAINED_E3,point_id,160,4
explained,EXPLAINED_E3,point_id,161,4
explained,EXPLAINED_E3,point_id,162,4
explained,EXPLAINED_E3,point_id,163,4
explained,EXPLAINED_E3,point_id,164,4
explained,EXPLAINED_E3,point_id,165,4
explained,EXPLAINED_E3,point_id,166,4
explained,EXPLAINED_E3,point_id,167,4
explained,EXPLAINED_E3,point_id,168,4
explained,EXPLAINED_E3,point_id,169,4
explained,EXPLAINED_E3,point_id,170,4
explained,EXPLAINED_E3,point_id,171,4
explained,EXPLAINED_E3,point_id,172,4
explained,EXPLAINED_E3,point_id,173,4
explained,EXPLAINED_E3,point_id,174,4
explained,EXPLAINED_E3,point_id,175,4
explained,EXPLAINED_E3,point_id,176,4
explained,EXPLAINED_E3,point_id,177,4
explained,EXPLAINED_E3,point_id,178,4
explained,EXPLAINED_E3,point_id,179,5
explained,EXPLAINED_E3,point_id,180,4
explained,EXPLAINED_E3,point_id,181,4
explained,EXPLAINED_E3,point_id,182,5
explained,EXPLAINED_E3,point_id,183,4
explained,EXPLAINED_E3,point_id,184,5
explained,EXPLAINED_E3,point_id,185,5
explained,EXPLAINED_E3,point_id,186,4
explained,EXPLAINED_E3,point_id,187,4
explained,EXPLAINED_E3,point_id,188,4
explained,EXPLAINED_E3,point_id,189,4
explained,EXPLAINED_E3,point_id,190,4
explained,EXPLAINED_E3,point_id,191,4
explained,EXPLAINED_E3,point_id,192,4
explained,EXPLAINED_E3,point_id,193,4
explained,EXPLAINED_E3,point_id,194,4
explained,EXPLAINED_E3,point_id,195,4
explained,EXPLAINED_E3,point_id,196,4
explained,EXPLAINED_E3,point_id,197,4
explained,EXPLAINED_E3,point_id,198,4
explained,EXPLAINED_E3,point_id,199,4
explained,EXPLAINED_E3,point_id,200,4
explained,EXPLAINED_E3,point_id,201,4
explained,EXPLAINED_E3,point_id,202,4
explained,EXPLAINED_E3,point_id,203,4
explained,EXPLAINED_E3,point_id,204,4
explained,EXPLAINED_E3,point_id,205,4
explained,EXPLAINED_E3,point_id,206,4
explained,EXPLAINED_E3,point_id,207,4
explained,EXPLAINED_E3,point_id,208,4
explained,EXPLAINED_E3,point_id,209,4
explained,EXPLAINED_E3,point_id,210,4
explained,EXPLAINED_E3,point_id,211,4
explained,EXPLAINED_E3,point_id,212,4
explained,EXPLAINED_E3,point_id,213,4
explained,EXPLAINED_E3,point_id,214,4
explained,EXPLAINED_E3,point_id,215,4
explained,EXPLAINED_E3,point_id,216,4
explained,EXPLAINED_E3,point_id,217,4
explained,EXPLAINED_E3,point_id,218,4
explained,EXPLAINED_E3,point_id,219,4
explained,EXPLAINED_E3,point_id,220,4
explained,EXPLAINED_E3,point_id,221,4
explained,EXPLAINED_E3,point_id,222,4
explained,EXPLAINED_E3,point_id,223,4
explained,EXPLAINED_E3,point_id,224,4
explained,EXPLAINED_E3,point_id,225,4
explained,EXPLAINED_E3,point_id,226,4
explained,EXPLAINED_E3,point_id,227,4
explained,EXPLAINED_E3,point_id,228,4
explained,EXPLAINED_E3,point_id,229,4
explained,EXPLAINED_E3,point_id,230,4
explained,EXPLAINED_E3,point_id,231,4
explained,EXPLAINED_E3,point_id,232,4
explained,EXPLAINED_E3,point_id,233,4
explained,EXPLAINED_E3,point_id,234,4
explained,EXPLAINED_E3,point_id,235,4
explained,EXPLAINED_E3,point_id,236,4
explained,EXPLAINED_E3,point_id,237,4
explained,EXPLAINED_E3,point_id,238,4
explained,EXPLAINED_E3,point_id,239,4
explained,EXPLAINED_E3,point_id,240,4
explained,EXPLAINED_E3,point_id,241,4
explained,EXPLAINED_E3,point_id,242,4
explained,EXPLAINED_E3,point_id,243,4
explained,EXPLAINED_E3,point_id,244,4
explained,EXPLAINED_E3,point_id,245,4
explained,EXPLAINED_E3,point_id,246,4
explained,EXPLAINED_E3,month_x_year_x_vegetation_class_x_point_id,1|2022|Veg_Meadow_497|030,1
explained,EXPLAINED_E3,month_x_year_x_vegetation_class_x_point_id,1|2022|Veg_Meadow_497|031,1
explained,EXPLAINED_E3,month_x_year_x_vegetation_class_x_point_id,1|2022|Veg_Meadow_497|033,1
explained,EXPLAINED_E3,month_x_year_x_vegetation_class_x_point_id,1|2022|Veg_Meadow_497|034,1
explained,EXPLAINED_E3,month_x_year_x_vegetation_class_x_point_id,1|2022|Veg_Meadow_497|035,1
explained,EXPLAINED_E3,month_x_year_x_vegetation_class_x_point_id,1|2022|Veg_Meadow_497|047,1
explained,EXPLAINED_E3,month_x_year_x_vegetation_class_x_point_id,1|2022|Veg_Meadow_497|054,1
explained,EXPLAINED_E3,month_x_year_x_vegetation_class_x_point_id,1|2022|Veg_Meadow_497|071,1
explained,EXPLAINED_E3,month_x_year_x_vegetation_class_x_point_id,1|2022|Veg_Meadow_497|091,1
explained,EXPLAINED_E3,month_x_year_x_vegetation_class_x_point_id,1|2022|Veg_Meadow_497|104,1
explained,EXPLAINED_E3,month_x_year_x_vegetation_class_x_point_id,1|2022|Veg_Meadow_497|109,1
explained,EXPLAINED_E3,month_x_year_x_vegetation_class_x_point_id,1|2022|Veg_Meadow_497|114,1
explained,EXPLAINED_E3,month_x_year_x_vegetation_class_x_point_id,1|2022|Veg_Meadow_497|146,1
explained,EXPLAINED_E3,month_x_year_x_vegetation_class_x_point_id,1|2022|Veg_Meadow_497|155,1
explained,EXPLAINED_E3,month_x_year_x_vegetation_class_x_point_id,1|2022|Veg_Meadow_497|164,1
explained,EXPLAINED_E3,month_x_year_x_vegetation_class_x_point_id,1|2022|Veg_Meadow_499|182,1
explained,EXPLAINED_E3,month_x_year_x_vegetation_class_x_point_id,1|2022|Veg_Meadow_504|205,1
explained,EXPLAINED_E3,month_x_year_x_vegetation_class_x_point_id,1|2022|Veg_Meadow_504|208,1
explained,EXPLAINED_E3,month_x_year_x_vegetation_class_x_point_id,1|2022|Veg_Meadow_504|211,1
explained,EXPLAINED_E3,month_x_year_x_vegetation_class_x_point_id,1|2022|Veg_Shrub|015,1
explained,EXPLAINED_E3,month_x_year_x_vegetation_class_x_point_id,1|2022|Veg_Shrub|028,1
explained,EXPLAINED_E3,month_x_year_x_vegetation_class_x_point_id,1|2022|Veg_Sparse|230,1
explained,EXPLAINED_E3,month_x_year_x_vegetation_class_x_point_id,1|2022|Veg_Sparse|237,1
explained,EXPLAINED_E3,month_x_year_x_vegetation_class_x_point_id,1|2023|Veg_Coniferous|005,1
explained,EXPLAINED_E3,month_x_year_x_vegetation_class_x_point_id,1|2023|Veg_Meadow_497|044,1
explained,EXPLAINED_E3,month_x_year_x_vegetation_class_x_point_id,1|2023|Veg_Meadow_497|050,1
explained,EXPLAINED_E3,month_x_year_x_vegetation_class_x_point_id,1|2023|Veg_Meadow_497|055,1
explained,EXPLAINED_E3,month_x_year_x_vegetation_class_x_point_id,1|2023|Veg_Meadow_497|063,1
explained,EXPLAINED_E3,month_x_year_x_vegetation_class_x_point_id,1|2023|Veg_Meadow_497|073,1
explained,EXPLAINED_E3,month_x_year_x_vegetation_class_x_point_id,1|2023|Veg_Meadow_497|074,1
explained,EXPLAINED_E3,month_x_year_x_vegetation_class_x_point_id,1|2023|Veg_Meadow_497|085,1
explained,EXPLAINED_E3,month_x_year_x_vegetation_class_x_point_id,1|2023|Veg_Meadow_497|096,1
explained,EXPLAINED_E3,month_x_year_x_vegetation_class_x_point_id,1|2023|Veg_Meadow_497|111,1
explained,EXPLAINED_E3,month_x_year_x_vegetation_class_x_point_id,1|2023|Veg_Meadow_497|139,1
explained,EXPLAINED_E3,month_x_year_x_vegetation_class_x_point_id,1|2023|Veg_Meadow_497|142,1
explained,EXPLAINED_E3,month_x_year_x_vegetation_class_x_point_id,1|2023|Veg_Meadow_497|152,1
explained,EXPLAINED_E3,month_x_year_x_vegetation_class_x_point_id,1|2023|Veg_Meadow_499|179,1
explained,EXPLAINED_E3,month_x_year_x_vegetation_class_x_point_id,1|2023|Veg_Meadow_504|186,1
explained,EXPLAINED_E3,month_x_year_x_vegetation_class_x_point_id,1|2023|Veg_Meadow_504|204,1
explained,EXPLAINED_E3,month_x_year_x_vegetation_class_x_point_id,1|2023|Veg_Meadow_504|212,1
explained,EXPLAINED_E3,month_x_year_x_vegetation_class_x_point_id,1|2023|Veg_Shrub|029,1
explained,EXPLAINED_E3,month_x_year_x_vegetation_class_x_point_id,1|2023|Veg_Sparse|241,1
explained,EXPLAINED_E3,month_x_year_x_vegetation_class_x_point_id,1|2023|Veg_Sparse|246,1
explained,EXPLAINED_E3,month_x_year_x_vegetation_class_x_point_id,1|2024|Veg_Coniferous|004,1
explained,EXPLAINED_E3,month_x_year_x_vegetation_class_x_point_id,1|2024|Veg_Meadow_497|039,1
explained,EXPLAINED_E3,month_x_year_x_vegetation_class_x_point_id,1|2024|Veg_Meadow_497|060,1
explained,EXPLAINED_E3,month_x_year_x_vegetation_class_x_point_id,1|2024|Veg_Meadow_497|069,1
explained,EXPLAINED_E3,month_x_year_x_vegetation_class_x_point_id,1|2024|Veg_Meadow_497|084,1
explained,EXPLAINED_E3,month_x_year_x_vegetation_class_x_point_id,1|2024|Veg_Meadow_497|103,1
explained,EXPLAINED_E3,month_x_year_x_vegetation_class_x_point_id,1|2024|Veg_Meadow_497|115,1
explained,EXPLAINED_E3,month_x_year_x_vegetation_class_x_point_id,1|2024|Veg_Meadow_497|129,1
explained,EXPLAINED_E3,month_x_year_x_vegetation_class_x_point_id,1|2024|Veg_Meadow_497|140,1
explained,EXPLAINED_E3,month_x_year_x_vegetation_class_x_point_id,1|2024|Veg_Meadow_497|147,1
explained,EXPLAINED_E3,month_x_year_x_vegetation_class_x_point_id,1|2024|Veg_Meadow_497|161,1
explained,EXPLAINED_E3,month_x_year_x_vegetation_class_x_point_id,1|2024|Veg_Meadow_499|173,1
explained,EXPLAINED_E3,month_x_year_x_vegetation_class_x_point_id,1|2024|Veg_Meadow_504|192,1
explained,EXPLAINED_E3,month_x_year_x_vegetation_class_x_point_id,1|2024|Veg_Meadow_504|199,1
explained,EXPLAINED_E3,month_x_year_x_vegetation_class_x_point_id,1|2024|Veg_Shrub|021,1
explained,EXPLAINED_E3,month_x_year_x_vegetation_class_x_point_id,1|2024|Veg_Shrub|022,1
explained,EXPLAINED_E3,month_x_year_x_vegetation_class_x_point_id,1|2024|Veg_Shrub|025,1
explained,EXPLAINED_E3,month_x_year_x_vegetation_class_x_point_id,1|2024|Veg_Sparse|219,1
explained,EXPLAINED_E3,month_x_year_x_vegetation_class_x_point_id,1|2024|Veg_Sparse|220,1
explained,EXPLAINED_E3,month_x_year_x_vegetation_class_x_point_id,1|2024|Veg_Sparse|221,1
explained,EXPLAINED_E3,month_x_year_x_vegetation_class_x_point_id,1|2025|Veg_Coniferous|000,1
explained,EXPLAINED_E3,month_x_year_x_vegetation_class_x_point_id,1|2025|Veg_Coniferous|007,1
explained,EXPLAINED_E3,month_x_year_x_vegetation_class_x_point_id,1|2025|Veg_Coniferous|010,1
explained,EXPLAINED_E3,month_x_year_x_vegetation_class_x_point_id,1|2025|Veg_Meadow_497|045,1
explained,EXPLAINED_E3,month_x_year_x_vegetation_class_x_point_id,1|2025|Veg_Meadow_497|062,1
explained,EXPLAINED_E3,month_x_year_x_vegetation_class_x_point_id,1|2025|Veg_Meadow_497|064,1
explained,EXPLAINED_E3,month_x_year_x_vegetation_class_x_point_id,1|2025|Veg_Meadow_497|083,1
explained,EXPLAINED_E3,month_x_year_x_vegetation_class_x_point_id,1|2025|Veg_Meadow_497|086,1
explained,EXPLAINED_E3,month_x_year_x_vegetation_class_x_point_id,1|2025|Veg_Meadow_497|090,1
explained,EXPLAINED_E3,month_x_year_x_vegetation_class_x_point_id,1|2025|Veg_Meadow_497|117,1
explained,EXPLAINED_E3,month_x_year_x_vegetation_class_x_point_id,1|2025|Veg_Meadow_497|125,1
explained,EXPLAINED_E3,month_x_year_x_vegetation_class_x_point_id,1|2025|Veg_Meadow_497|145,1
explained,EXPLAINED_E3,month_x_year_x_vegetation_class_x_point_id,1|2025|Veg_Meadow_497|150,1
explained,EXPLAINED_E3,month_x_year_x_vegetation_class_x_point_id,1|2025|Veg_Meadow_499|176,1
explained,EXPLAINED_E3,month_x_year_x_vegetation_class_x_point_id,1|2025|Veg_Meadow_499|177,1
explained,EXPLAINED_E3,month_x_year_x_vegetation_class_x_point_id,1|2025|Veg_Meadow_504|189,1
explained,EXPLAINED_E3,month_x_year_x_vegetation_class_x_point_id,1|2025|Veg_Meadow_504|190,1
explained,EXPLAINED_E3,month_x_year_x_vegetation_class_x_point_id,1|2025|Veg_Sparse|229,1
explained,EXPLAINED_E3,month_x_year_x_vegetation_class_x_point_id,1|2025|Veg_Sparse|233,1
explained,EXPLAINED_E3,month_x_year_x_vegetation_class_x_point_id,1|2025|Veg_Sparse|235,1
explained,EXPLAINED_E3,month_x_year_x_vegetation_class_x_point_id,2|2022|Veg_Coniferous|013,1
explained,EXPLAINED_E3,month_x_year_x_vegetation_class_x_point_id,2|2022|Veg_Meadow_497|049,1
explained,EXPLAINED_E3,month_x_year_x_vegetation_class_x_point_id,2|2022|Veg_Meadow_497|053,1
explained,EXPLAINED_E3,month_x_year_x_vegetation_class_x_point_id,2|2022|Veg_Meadow_497|058,1
explained,EXPLAINED_E3,month_x_year_x_vegetation_class_x_point_id,2|2022|Veg_Meadow_497|065,1
explained,EXPLAINED_E3,month_x_year_x_vegetation_class_x_point_id,2|2022|Veg_Meadow_497|139,1
explained,EXPLAINED_E3,month_x_year_x_vegetation_class_x_point_id,2|2022|Veg_Meadow_497|148,1
explained,EXPLAINED_E3,month_x_year_x_vegetation_class_x_point_id,2|2022|Veg_Meadow_497|151,1
explained,EXPLAINED_E3,month_x_year_x_vegetation_class_x_point_id,2|2022|Veg_Meadow_497|156,1
explained,EXPLAINED_E3,month_x_year_x_vegetation_class_x_point_id,2|2022|Veg_Meadow_497|158,1
explained,EXPLAINED_E3,month_x_year_x_vegetation_class_x_point_id,2|2022|Veg_Meadow_497|168,1
explained,EXPLAINED_E3,month_x_year_x_vegetation_class_x_point_id,2|2022|Veg_Meadow_499|174,1
explained,EXPLAINED_E3,month_x_year_x_vegetation_class_x_point_id,2|2022|Veg_Meadow_504|199,1
explained,EXPLAINED_E3,month_x_year_x_vegetation_class_x_point_id,2|2022|Veg_Meadow_504|213,1
explained,EXPLAINED_E3,month_x_year_x_vegetation_class_x_point_id,2|2022|Veg_Sparse|216,1
explained,EXPLAINED_E3,month_x_year_x_vegetation_class_x_point_id,2|2022|Veg_Sparse|222,1
explained,EXPLAINED_E3,month_x_year_x_vegetation_class_x_point_id,2|2022|Veg_Sparse|227,1
explained,EXPLAINED_E3,month_x_year_x_vegetation_class_x_point_id,2|2022|Veg_Sparse|236,1
explained,EXPLAINED_E3,month_x_year_x_vegetation_class_x_point_id,2|2022|Veg_Sparse|239,1
explained,EXPLAINED_E3,month_x_year_x_vegetation_class_x_point_id,2|2022|Veg_Sparse|244,1
explained,EXPLAINED_E3,month_x_year_x_vegetation_class_x_point_id,2|2023|Veg_Coniferous|009,1
explained,EXPLAINED_E3,month_x_year_x_vegetation_class_x_point_id,2|2023|Veg_Coniferous|011,1
explained,EXPLAINED_E3,month_x_year_x_vegetation_class_x_point_id,2|2023|Veg_Meadow_497|047,1
explained,EXPLAINED_E3,month_x_year_x_vegetation_class_x_point_id,2|2023|Veg_Meadow_497|068,1
explained,EXPLAINED_E3,month_x_year_x_vegetation_class_x_point_id,2|2023|Veg_Meadow_497|072,1
explained,EXPLAINED_E3,month_x_year_x_vegetation_class_x_point_id,2|2023|Veg_Meadow_497|079,1
explained,EXPLAINED_E3,month_x_year_x_vegetation_class_x_point_id,2|2023|Veg_Meadow_497|083,1
explained,EXPLAINED_E3,month_x_year_x_vegetation_class_x_point_id,2|2023|Veg_Meadow_497|098,1
explained,EXPLAINED_E3,month_x_year_x_vegetation_class_x_point_id,2|2023|Veg_Meadow_497|102,1
explained,EXPLAINED_E3,month_x_year_x_vegetation_class_x_point_id,2|2023|Veg_Meadow_497|112,1
explained,EXPLAINED_E3,month_x_year_x_vegetation_class_x_point_id,2|2023|Veg_Meadow_497|122,1
explained,EXPLAINED_E3,month_x_year_x_vegetation_class_x_point_id,2|2023|Veg_Meadow_497|133,1
explained,EXPLAINED_E3,month_x_year_x_vegetation_class_x_point_id,2|2023|Veg_Meadow_497|138,1
explained,EXPLAINED_E3,month_x_year_x_vegetation_class_x_point_id,2|2023|Veg_Meadow_499|184,1
explained,EXPLAINED_E3,month_x_year_x_vegetation_class_x_point_id,2|2023|Veg_Meadow_504|202,1
explained,EXPLAINED_E3,month_x_year_x_vegetation_class_x_point_id,2|2023|Veg_Meadow_504|203,1
explained,EXPLAINED_E3,month_x_year_x_vegetation_class_x_point_id,2|2023|Veg_Meadow_504|209,1
explained,EXPLAINED_E3,month_x_year_x_vegetation_class_x_point_id,2|2023|Veg_Meadow_504|214,1
explained,EXPLAINED_E3,month_x_year_x_vegetation_class_x_point_id,2|2023|Veg_Shrub|015,1
explained,EXPLAINED_E3,month_x_year_x_vegetation_class_x_point_id,2|2023|Veg_Shrub|024,1
explained,EXPLAINED_E3,month_x_year_x_vegetation_class_x_point_id,2|2023|Veg_Shrub|029,1
explained,EXPLAINED_E3,month_x_year_x_vegetation_class_x_point_id,2|2023|Veg_Sparse|215,1
explained,EXPLAINED_E3,month_x_year_x_vegetation_class_x_point_id,2|2023|Veg_Sparse|224,1
explained,EXPLAINED_E3,month_x_year_x_vegetation_class_x_point_id,2|2023|Veg_Sparse|231,1
explained,EXPLAINED_E3,month_x_year_x_vegetation_class_x_point_id,2|2024|Veg_Coniferous|002,1
explained,EXPLAINED_E3,month_x_year_x_vegetation_class_x_point_id,2|2024|Veg_Meadow_497|041,1
explained,EXPLAINED_E3,month_x_year_x_vegetation_class_x_point_id,2|2024|Veg_Meadow_497|045,1
explained,EXPLAINED_E3,month_x_year_x_vegetation_class_x_point_id,2|2024|Veg_Meadow_497|046,1
explained,EXPLAINED_E3,month_x_year_x_vegetation_class_x_point_id,2|2024|Veg_Meadow_497|057,1
explained,EXPLAINED_E3,month_x_year_x_vegetation_class_x_point_id,2|2024|Veg_Meadow_497|070,1
explained,EXPLAINED_E3,month_x_year_x_vegetation_class_x_point_id,2|2024|Veg_Meadow_497|078,1
explained,EXPLAINED_E3,month_x_year_x_vegetation_class_x_point_id,2|2024|Veg_Meadow_497|105,1
explained,EXPLAINED_E3,month_x_year_x_vegetation_class_x_point_id,2|2024|Veg_Meadow_497|126,1
explained,EXPLAINED_E3,month_x_year_x_vegetation_class_x_point_id,2|2024|Veg_Meadow_497|130,1
explained,EXPLAINED_E3,month_x_year_x_vegetation_class_x_point_id,2|2024|Veg_Meadow_497|132,1
explained,EXPLAINED_E3,month_x_year_x_vegetation_class_x_point_id,2|2024|Veg_Meadow_497|154,1
explained,EXPLAINED_E3,month_x_year_x_vegetation_class_x_point_id,2|2024|Veg_Meadow_497|157,1
explained,EXPLAINED_E3,month_x_year_x_vegetation_class_x_point_id,2|2024|Veg_Meadow_499|172,1
explained,EXPLAINED_E3,month_x_year_x_vegetation_class_x_point_id,2|2024|Veg_Shrub|016,1
explained,EXPLAINED_E3,month_x_year_x_vegetation_class_x_point_id,2|2025|Veg_Coniferous|002,1
explained,EXPLAINED_E3,month_x_year_x_vegetation_class_x_point_id,2|2025|Veg_Coniferous|006,1
explained,EXPLAINED_E3,month_x_year_x_vegetation_class_x_point_id,2|2025|Veg_Meadow_497|035,1
explained,EXPLAINED_E3,month_x_year_x_vegetation_class_x_point_id,2|2025|Veg_Meadow_497|036,1
explained,EXPLAINED_E3,month_x_year_x_vegetation_class_x_point_id,2|2025|Veg_Meadow_497|038,1
explained,EXPLAINED_E3,month_x_year_x_vegetation_class_x_point_id,2|2025|Veg_Meadow_497|040,1
explained,EXPLAINED_E3,month_x_year_x_vegetation_class_x_point_id,2|2025|Veg_Meadow_497|054,1
explained,EXPLAINED_E3,month_x_year_x_vegetation_class_x_point_id,2|2025|Veg_Meadow_497|061,1
explained,EXPLAINED_E3,month_x_year_x_vegetation_class_x_point_id,2|2025|Veg_Meadow_497|109,1
explained,EXPLAINED_E3,month_x_year_x_vegetation_class_x_point_id,2|2025|Veg_Meadow_497|115,1
explained,EXPLAINED_E3,month_x_year_x_vegetation_class_x_point_id,2|2025|Veg_Meadow_497|118,1
explained,EXPLAINED_E3,month_x_year_x_vegetation_class_x_point_id,2|2025|Veg_Meadow_497|119,1
explained,EXPLAINED_E3,month_x_year_x_vegetation_class_x_point_id,2|2025|Veg_Meadow_497|121,1
explained,EXPLAINED_E3,month_x_year_x_vegetation_class_x_point_id,2|2025|Veg_Meadow_497|123,1
explained,EXPLAINED_E3,month_x_year_x_vegetation_class_x_point_id,2|2025|Veg_Meadow_497|149,1
explained,EXPLAINED_E3,month_x_year_x_vegetation_class_x_point_id,2|2025|Veg_Meadow_497|163,1
explained,EXPLAINED_E3,month_x_year_x_vegetation_class_x_point_id,2|2025|Veg_Meadow_499|181,1
explained,EXPLAINED_E3,month_x_year_x_vegetation_class_x_point_id,2|2025|Veg_Meadow_499|183,1
explained,EXPLAINED_E3,month_x_year_x_vegetation_class_x_point_id,2|2025|Veg_Meadow_504|193,1
explained,EXPLAINED_E3,month_x_year_x_vegetation_class_x_point_id,2|2025|Veg_Meadow_504|198,1
explained,EXPLAINED_E3,month_x_year_x_vegetation_class_x_point_id,2|2025|Veg_Meadow_504|208,1
explained,EXPLAINED_E3,month_x_year_x_vegetation_class_x_point_id,2|2025|Veg_Shrub|023,1
explained,EXPLAINED_E3,month_x_year_x_vegetation_class_x_point_id,2|2025|Veg_Sparse|234,1
explained,EXPLAINED_E3,month_x_year_x_vegetation_class_x_point_id,2|2025|Veg_Sparse|237,1
explained,EXPLAINED_E3,month_x_year_x_vegetation_class_x_point_id,3|2022|Veg_Coniferous|011,1
explained,EXPLAINED_E3,month_x_year_x_vegetation_class_x_point_id,3|2022|Veg_Meadow_497|050,1
explained,EXPLAINED_E3,month_x_year_x_vegetation_class_x_point_id,3|2022|Veg_Meadow_497|067,1
explained,EXPLAINED_E3,month_x_year_x_vegetation_class_x_point_id,3|2022|Veg_Meadow_497|084,1
explained,EXPLAINED_E3,month_x_year_x_vegetation_class_x_point_id,3|2022|Veg_Meadow_497|097,1
explained,EXPLAINED_E3,month_x_year_x_vegetation_class_x_point_id,3|2022|Veg_Meadow_497|099,1
explained,EXPLAINED_E3,month_x_year_x_vegetation_class_x_point_id,3|2022|Veg_Meadow_497|105,1
explained,EXPLAINED_E3,month_x_year_x_vegetation_class_x_point_id,3|2022|Veg_Meadow_497|135,1
explained,EXPLAINED_E3,month_x_year_x_vegetation_class_x_point_id,3|2022|Veg_Meadow_497|153,1
explained,EXPLAINED_E3,month_x_year_x_vegetation_class_x_point_id,3|2022|Veg_Meadow_497|162,1
explained,EXPLAINED_E3,month_x_year_x_vegetation_class_x_point_id,3|2022|Veg_Meadow_499|184,1
explained,EXPLAINED_E3,month_x_year_x_vegetation_class_x_point_id,3|2022|Veg_Meadow_504|188,1
explained,EXPLAINED_E3,month_x_year_x_vegetation_class_x_point_id,3|2022|Veg_Shrub|017,1
explained,EXPLAINED_E3,month_x_year_x_vegetation_class_x_point_id,3|2022|Veg_Shrub|018,1
explained,EXPLAINED_E3,month_x_year_x_vegetation_class_x_point_id,3|2022|Veg_Shrub|019,1
explained,EXPLAINED_E3,month_x_year_x_vegetation_class_x_point_id,3|2022|Veg_Shrub|024,1
explained,EXPLAINED_E3,month_x_year_x_vegetation_class_x_point_id,3|2022|Veg_Sparse|218,1
explained,EXPLAINED_E3,month_x_year_x_vegetation_class_x_point_id,3|2022|Veg_Sparse|245,1
explained,EXPLAINED_E3,month_x_year_x_vegetation_class_x_point_id,3|2023|Veg_Coniferous|002,1
explained,EXPLAINED_E3,month_x_year_x_vegetation_class_x_point_id,3|2023|Veg_Coniferous|010,1
explained,EXPLAINED_E3,month_x_year_x_vegetation_class_x_point_id,3|2023|Veg_Coniferous|013,1
explained,EXPLAINED_E3,month_x_year_x_vegetation_class_x_point_id,3|2023|Veg_Meadow_497|032,1
explained,EXPLAINED_E3,month_x_year_x_vegetation_class_x_point_id,3|2023|Veg_Meadow_497|033,1
explained,EXPLAINED_E3,month_x_year_x_vegetation_class_x_point_id,3|2023|Veg_Meadow_497|034,1
explained,EXPLAINED_E3,month_x_year_x_vegetation_class_x_point_id,3|2023|Veg_Meadow_497|045,1
explained,EXPLAINED_E3,month_x_year_x_vegetation_class_x_point_id,3|2023|Veg_Meadow_497|048,1
explained,EXPLAINED_E3,month_x_year_x_vegetation_class_x_point_id,3|2023|Veg_Meadow_497|052,1
explained,EXPLAINED_E3,month_x_year_x_vegetation_class_x_point_id,3|2023|Veg_Meadow_497|058,1
explained,EXPLAINED_E3,month_x_year_x_vegetation_class_x_point_id,3|2023|Veg_Meadow_497|064,1
explained,EXPLAINED_E3,month_x_year_x_vegetation_class_x_point_id,3|2023|Veg_Meadow_497|087,1
explained,EXPLAINED_E3,month_x_year_x_vegetation_class_x_point_id,3|2023|Veg_Meadow_497|095,1
explained,EXPLAINED_E3,month_x_year_x_vegetation_class_x_point_id,3|2023|Veg_Meadow_497|116,1
explained,EXPLAINED_E3,month_x_year_x_vegetation_class_x_point_id,3|2023|Veg_Meadow_497|128,1
explained,EXPLAINED_E3,month_x_year_x_vegetation_class_x_point_id,3|2023|Veg_Meadow_497|140,1
explained,EXPLAINED_E3,month_x_year_x_vegetation_class_x_point_id,3|2023|Veg_Meadow_497|147,1
explained,EXPLAINED_E3,month_x_year_x_vegetation_class_x_point_id,3|2023|Veg_Meadow_497|151,1
explained,EXPLAINED_E3,month_x_year_x_vegetation_class_x_point_id,3|2023|Veg_Meadow_497|168,1
explained,EXPLAINED_E3,month_x_year_x_vegetation_class_x_point_id,3|2023|Veg_Meadow_497|170,1
explained,EXPLAINED_E3,month_x_year_x_vegetation_class_x_point_id,3|2023|Veg_Meadow_499|176,1
explained,EXPLAINED_E3,month_x_year_x_vegetation_class_x_point_id,3|2023|Veg_Meadow_504|187,1
explained,EXPLAINED_E3,month_x_year_x_vegetation_class_x_point_id,3|2023|Veg_Meadow_504|196,1
explained,EXPLAINED_E3,month_x_year_x_vegetation_class_x_point_id,3|2023|Veg_Meadow_504|201,1
explained,EXPLAINED_E3,month_x_year_x_vegetation_class_x_point_id,3|2023|Veg_Sparse|217,1
explained,EXPLAINED_E3,month_x_year_x_vegetation_class_x_point_id,3|2023|Veg_Sparse|221,1
explained,EXPLAINED_E3,month_x_year_x_vegetation_class_x_point_id,3|2024|Veg_Coniferous|003,1
explained,EXPLAINED_E3,month_x_year_x_vegetation_class_x_point_id,3|2024|Veg_Meadow_497|035,1
explained,EXPLAINED_E3,month_x_year_x_vegetation_class_x_point_id,3|2024|Veg_Meadow_497|044,1
explained,EXPLAINED_E3,month_x_year_x_vegetation_class_x_point_id,3|2024|Veg_Meadow_497|047,1
explained,EXPLAINED_E3,month_x_year_x_vegetation_class_x_point_id,3|2024|Veg_Meadow_497|072,1
explained,EXPLAINED_E3,month_x_year_x_vegetation_class_x_point_id,3|2024|Veg_Meadow_497|080,1
explained,EXPLAINED_E3,month_x_year_x_vegetation_class_x_point_id,3|2024|Veg_Meadow_497|093,1
explained,EXPLAINED_E3,month_x_year_x_vegetation_class_x_point_id,3|2024|Veg_Meadow_497|096,1
explained,EXPLAINED_E3,month_x_year_x_vegetation_class_x_point_id,3|2024|Veg_Meadow_497|098,1
explained,EXPLAINED_E3,month_x_year_x_vegetation_class_x_point_id,3|2024|Veg_Meadow_497|108,1
explained,EXPLAINED_E3,month_x_year_x_vegetation_class_x_point_id,3|2024|Veg_Meadow_497|110,1
explained,EXPLAINED_E3,month_x_year_x_vegetation_class_x_point_id,3|2024|Veg_Meadow_499|180,1
explained,EXPLAINED_E3,month_x_year_x_vegetation_class_x_point_id,3|2024|Veg_Meadow_504|207,1
explained,EXPLAINED_E3,month_x_year_x_vegetation_class_x_point_id,3|2024|Veg_Meadow_504|210,1
explained,EXPLAINED_E3,month_x_year_x_vegetation_class_x_point_id,3|2024|Veg_Meadow_504|213,1
explained,EXPLAINED_E3,month_x_year_x_vegetation_class_x_point_id,3|2024|Veg_Sparse|224,1
explained,EXPLAINED_E3,month_x_year_x_vegetation_class_x_point_id,3|2025|Veg_Coniferous|012,1
explained,EXPLAINED_E3,month_x_year_x_vegetation_class_x_point_id,3|2025|Veg_Meadow_497|037,1
explained,EXPLAINED_E3,month_x_year_x_vegetation_class_x_point_id,3|2025|Veg_Meadow_497|076,1
explained,EXPLAINED_E3,month_x_year_x_vegetation_class_x_point_id,3|2025|Veg_Meadow_497|079,1
explained,EXPLAINED_E3,month_x_year_x_vegetation_class_x_point_id,3|2025|Veg_Meadow_497|101,1
explained,EXPLAINED_E3,month_x_year_x_vegetation_class_x_point_id,3|2025|Veg_Meadow_497|112,1
explained,EXPLAINED_E3,month_x_year_x_vegetation_class_x_point_id,3|2025|Veg_Meadow_497|120,1
explained,EXPLAINED_E3,month_x_year_x_vegetation_class_x_point_id,3|2025|Veg_Meadow_497|133,1
explained,EXPLAINED_E3,month_x_year_x_vegetation_class_x_point_id,3|2025|Veg_Meadow_497|144,1
explained,EXPLAINED_E3,month_x_year_x_vegetation_class_x_point_id,3|2025|Veg_Meadow_497|155,1
explained,EXPLAINED_E3,month_x_year_x_vegetation_class_x_point_id,3|2025|Veg_Meadow_497|166,1
explained,EXPLAINED_E3,month_x_year_x_vegetation_class_x_point_id,3|2025|Veg_Meadow_497|169,1
explained,EXPLAINED_E3,month_x_year_x_vegetation_class_x_point_id,3|2025|Veg_Meadow_499|179,1
explained,EXPLAINED_E3,month_x_year_x_vegetation_class_x_point_id,3|2025|Veg_Meadow_499|182,1
explained,EXPLAINED_E3,month_x_year_x_vegetation_class_x_point_id,3|2025|Veg_Meadow_504|194,1
explained,EXPLAINED_E3,month_x_year_x_vegetation_class_x_point_id,3|2025|Veg_Meadow_504|200,1
explained,EXPLAINED_E3,month_x_year_x_vegetation_class_x_point_id,3|2025|Veg_Meadow_504|203,1
explained,EXPLAINED_E3,month_x_year_x_vegetation_class_x_point_id,3|2025|Veg_Shrub|027,1
explained,EXPLAINED_E3,month_x_year_x_vegetation_class_x_point_id,3|2025|Veg_Sparse|223,1
explained,EXPLAINED_E3,month_x_year_x_vegetation_class_x_point_id,3|2025|Veg_Sparse|228,1
explained,EXPLAINED_E3,month_x_year_x_vegetation_class_x_point_id,3|2025|Veg_Sparse|231,1
explained,EXPLAINED_E3,month_x_year_x_vegetation_class_x_point_id,3|2025|Veg_Sparse|238,1
explained,EXPLAINED_E3,month_x_year_x_vegetation_class_x_point_id,3|2025|Veg_Sparse|243,1
explained,EXPLAINED_E3,month_x_year_x_vegetation_class_x_point_id,4|2022|Veg_Coniferous|002,1
explained,EXPLAINED_E3,month_x_year_x_vegetation_class_x_point_id,4|2022|Veg_Meadow_497|032,1
explained,EXPLAINED_E3,month_x_year_x_vegetation_class_x_point_id,4|2022|Veg_Meadow_497|040,1
explained,EXPLAINED_E3,month_x_year_x_vegetation_class_x_point_id,4|2022|Veg_Meadow_497|041,1
explained,EXPLAINED_E3,month_x_year_x_vegetation_class_x_point_id,4|2022|Veg_Meadow_497|043,1
explained,EXPLAINED_E3,month_x_year_x_vegetation_class_x_point_id,4|2022|Veg_Meadow_497|059,1
explained,EXPLAINED_E3,month_x_year_x_vegetation_class_x_point_id,4|2022|Veg_Meadow_497|061,1
explained,EXPLAINED_E3,month_x_year_x_vegetation_class_x_point_id,4|2022|Veg_Meadow_497|073,1
explained,EXPLAINED_E3,month_x_year_x_vegetation_class_x_point_id,4|2022|Veg_Meadow_497|076,1
explained,EXPLAINED_E3,month_x_year_x_vegetation_class_x_point_id,4|2022|Veg_Meadow_497|086,1
explained,EXPLAINED_E3,month_x_year_x_vegetation_class_x_point_id,4|2022|Veg_Meadow_497|095,1
explained,EXPLAINED_E3,month_x_year_x_vegetation_class_x_point_id,4|2022|Veg_Meadow_497|111,1
explained,EXPLAINED_E3,month_x_year_x_vegetation_class_x_point_id,4|2022|Veg_Meadow_497|117,1
explained,EXPLAINED_E3,month_x_year_x_vegetation_class_x_point_id,4|2022|Veg_Meadow_497|125,1
explained,EXPLAINED_E3,month_x_year_x_vegetation_class_x_point_id,4|2022|Veg_Meadow_497|126,1
explained,EXPLAINED_E3,month_x_year_x_vegetation_class_x_point_id,4|2022|Veg_Meadow_497|132,1
explained,EXPLAINED_E3,month_x_year_x_vegetation_class_x_point_id,4|2022|Veg_Meadow_497|140,1
explained,EXPLAINED_E3,month_x_year_x_vegetation_class_x_point_id,4|2022|Veg_Meadow_497|145,1
explained,EXPLAINED_E3,month_x_year_x_vegetation_class_x_point_id,4|2022|Veg_Meadow_497|157,1
explained,EXPLAINED_E3,month_x_year_x_vegetation_class_x_point_id,4|2022|Veg_Meadow_504|186,1
explained,EXPLAINED_E3,month_x_year_x_vegetation_class_x_point_id,4|2022|Veg_Meadow_504|195,1
explained,EXPLAINED_E3,month_x_year_x_vegetation_class_x_point_id,4|2022|Veg_Meadow_504|201,1
explained,EXPLAINED_E3,month_x_year_x_vegetation_class_x_point_id,4|2022|Veg_Meadow_504|202,1
explained,EXPLAINED_E3,month_x_year_x_vegetation_class_x_point_id,4|2022|Veg_Meadow_504|212,1
explained,EXPLAINED_E3,month_x_year_x_vegetation_class_x_point_id,4|2022|Veg_Meadow_504|214,1
explained,EXPLAINED_E3,month_x_year_x_vegetation_class_x_point_id,4|2022|Veg_Shrub|023,1
explained,EXPLAINED_E3,month_x_year_x_vegetation_class_x_point_id,4|2022|Veg_Sparse|215,1
explained,EXPLAINED_E3,month_x_year_x_vegetation_class_x_point_id,4|2022|Veg_Sparse|233,1
explained,EXPLAINED_E3,month_x_year_x_vegetation_class_x_point_id,4|2022|Veg_Sparse|240,1
explained,EXPLAINED_E3,month_x_year_x_vegetation_class_x_point_id,4|2023|Veg_Meadow_497|039,1
explained,EXPLAINED_E3,month_x_year_x_vegetation_class_x_point_id,4|2023|Veg_Meadow_497|049,1
explained,EXPLAINED_E3,month_x_year_x_vegetation_class_x_point_id,4|2023|Veg_Meadow_497|067,1
explained,EXPLAINED_E3,month_x_year_x_vegetation_class_x_point_id,4|2023|Veg_Meadow_497|071,1
explained,EXPLAINED_E3,month_x_year_x_vegetation_class_x_point_id,4|2023|Veg_Meadow_497|092,1
explained,EXPLAINED_E3,month_x_year_x_vegetation_class_x_point_id,4|2023|Veg_Meadow_497|123,1
explained,EXPLAINED_E3,month_x_year_x_vegetation_class_x_point_id,4|2023|Veg_Meadow_497|134,1
explained,EXPLAINED_E3,month_x_year_x_vegetation_class_x_point_id,4|2023|Veg_Meadow_497|155,1
explained,EXPLAINED_E3,month_x_year_x_vegetation_class_x_point_id,4|2023|Veg_Meadow_497|161,1
explained,EXPLAINED_E3,month_x_year_x_vegetation_class_x_point_id,4|2023|Veg_Meadow_497|166,1
explained,EXPLAINED_E3,month_x_year_x_vegetation_class_x_point_id,4|2023|Veg_Meadow_499|181,1
explained,EXPLAINED_E3,month_x_year_x_vegetation_class_x_point_id,4|2023|Veg_Meadow_504|194,1
explained,EXPLAINED_E3,month_x_year_x_vegetation_class_x_point_id,4|2023|Veg_Sparse|219,1
explained,EXPLAINED_E3,month_x_year_x_vegetation_class_x_point_id,4|2023|Veg_Sparse|237,1
explained,EXPLAINED_E3,month_x_year_x_vegetation_class_x_point_id,4|2023|Veg_Sparse|238,1
explained,EXPLAINED_E3,month_x_year_x_vegetation_class_x_point_id,4|2024|Veg_Coniferous|000,1
explained,EXPLAINED_E3,month_x_year_x_vegetation_class_x_point_id,4|2024|Veg_Coniferous|010,1
explained,EXPLAINED_E3,month_x_year_x_vegetation_class_x_point_id,4|2024|Veg_Coniferous|014,1
explained,EXPLAINED_E3,month_x_year_x_vegetation_class_x_point_id,4|2024|Veg_Meadow_497|037,1
explained,EXPLAINED_E3,month_x_year_x_vegetation_class_x_point_id,4|2024|Veg_Meadow_497|053,1
explained,EXPLAINED_E3,month_x_year_x_vegetation_class_x_point_id,4|2024|Veg_Meadow_497|079,1
explained,EXPLAINED_E3,month_x_year_x_vegetation_class_x_point_id,4|2024|Veg_Meadow_497|097,1
explained,EXPLAINED_E3,month_x_year_x_vegetation_class_x_point_id,4|2024|Veg_Meadow_497|100,1
explained,EXPLAINED_E3,month_x_year_x_vegetation_class_x_point_id,4|2024|Veg_Meadow_497|109,1
explained,EXPLAINED_E3,month_x_year_x_vegetation_class_x_point_id,4|2024|Veg_Meadow_497|131,1
explained,EXPLAINED_E3,month_x_year_x_vegetation_class_x_point_id,4|2024|Veg_Meadow_497|143,1
explained,EXPLAINED_E3,month_x_year_x_vegetation_class_x_point_id,4|2024|Veg_Meadow_497|149,1
explained,EXPLAINED_E3,month_x_year_x_vegetation_class_x_point_id,4|2024|Veg_Meadow_499|179,1
explained,EXPLAINED_E3,month_x_year_x_vegetation_class_x_point_id,4|2024|Veg_Meadow_499|185,1
explained,EXPLAINED_E3,month_x_year_x_vegetation_class_x_point_id,4|2024|Veg_Meadow_504|198,1
explained,EXPLAINED_E3,month_x_year_x_vegetation_class_x_point_id,4|2024|Veg_Shrub|015,1
explained,EXPLAINED_E3,month_x_year_x_vegetation_class_x_point_id,4|2024|Veg_Shrub|018,1
explained,EXPLAINED_E3,month_x_year_x_vegetation_class_x_point_id,4|2024|Veg_Sparse|216,1
explained,EXPLAINED_E3,month_x_year_x_vegetation_class_x_point_id,4|2024|Veg_Sparse|229,1
explained,EXPLAINED_E3,month_x_year_x_vegetation_class_x_point_id,4|2024|Veg_Sparse|230,1
explained,EXPLAINED_E3,month_x_year_x_vegetation_class_x_point_id,4|2025|Veg_Coniferous|005,1
explained,EXPLAINED_E3,month_x_year_x_vegetation_class_x_point_id,4|2025|Veg_Meadow_497|063,1
explained,EXPLAINED_E3,month_x_year_x_vegetation_class_x_point_id,4|2025|Veg_Meadow_497|068,1
explained,EXPLAINED_E3,month_x_year_x_vegetation_class_x_point_id,4|2025|Veg_Meadow_497|070,1
explained,EXPLAINED_E3,month_x_year_x_vegetation_class_x_point_id,4|2025|Veg_Meadow_497|072,1
explained,EXPLAINED_E3,month_x_year_x_vegetation_class_x_point_id,4|2025|Veg_Meadow_497|075,1
explained,EXPLAINED_E3,month_x_year_x_vegetation_class_x_point_id,4|2025|Veg_Meadow_497|085,1
explained,EXPLAINED_E3,month_x_year_x_vegetation_class_x_point_id,4|2025|Veg_Meadow_497|096,1
explained,EXPLAINED_E3,month_x_year_x_vegetation_class_x_point_id,4|2025|Veg_Meadow_497|107,1
explained,EXPLAINED_E3,month_x_year_x_vegetation_class_x_point_id,4|2025|Veg_Meadow_497|151,1
explained,EXPLAINED_E3,month_x_year_x_vegetation_class_x_point_id,4|2025|Veg_Meadow_497|156,1
explained,EXPLAINED_E3,month_x_year_x_vegetation_class_x_point_id,4|2025|Veg_Meadow_499|172,1
explained,EXPLAINED_E3,month_x_year_x_vegetation_class_x_point_id,4|2025|Veg_Meadow_499|184,1
explained,EXPLAINED_E3,month_x_year_x_vegetation_class_x_point_id,4|2025|Veg_Meadow_499|185,1
explained,EXPLAINED_E3,month_x_year_x_vegetation_class_x_point_id,4|2025|Veg_Meadow_504|191,1
explained,EXPLAINED_E3,month_x_year_x_vegetation_class_x_point_id,4|2025|Veg_Shrub|024,1
explained,EXPLAINED_E3,month_x_year_x_vegetation_class_x_point_id,4|2025|Veg_Shrub|028,1
explained,EXPLAINED_E3,month_x_year_x_vegetation_class_x_point_id,4|2025|Veg_Sparse|221,1
explained,EXPLAINED_E3,month_x_year_x_vegetation_class_x_point_id,4|2025|Veg_Sparse|246,1
explained,EXPLAINED_E3,month_x_year_x_vegetation_class_x_point_id,5|2022|Veg_Coniferous|003,1
explained,EXPLAINED_E3,month_x_year_x_vegetation_class_x_point_id,5|2022|Veg_Coniferous|012,1
explained,EXPLAINED_E3,month_x_year_x_vegetation_class_x_point_id,5|2022|Veg_Meadow_497|042,1
explained,EXPLAINED_E3,month_x_year_x_vegetation_class_x_point_id,5|2022|Veg_Meadow_497|060,1
explained,EXPLAINED_E3,month_x_year_x_vegetation_class_x_point_id,5|2022|Veg_Meadow_497|090,1
explained,EXPLAINED_E3,month_x_year_x_vegetation_class_x_point_id,5|2022|Veg_Meadow_497|110,1
explained,EXPLAINED_E3,month_x_year_x_vegetation_class_x_point_id,5|2022|Veg_Meadow_497|116,1
explained,EXPLAINED_E3,month_x_year_x_vegetation_class_x_point_id,5|2022|Veg_Meadow_497|129,1
explained,EXPLAINED_E3,month_x_year_x_vegetation_class_x_point_id,5|2022|Veg_Meadow_497|133,1
explained,EXPLAINED_E3,month_x_year_x_vegetation_class_x_point_id,5|2022|Veg_Meadow_497|136,1
explained,EXPLAINED_E3,month_x_year_x_vegetation_class_x_point_id,5|2022|Veg_Meadow_497|137,1
explained,EXPLAINED_E3,month_x_year_x_vegetation_class_x_point_id,5|2022|Veg_Meadow_497|142,1
explained,EXPLAINED_E3,month_x_year_x_vegetation_class_x_point_id,5|2022|Veg_Meadow_497|165,1
explained,EXPLAINED_E3,month_x_year_x_vegetation_class_x_point_id,5|2022|Veg_Meadow_497|166,1
explained,EXPLAINED_E3,month_x_year_x_vegetation_class_x_point_id,5|2022|Veg_Meadow_497|170,1
explained,EXPLAINED_E3,month_x_year_x_vegetation_class_x_point_id,5|2022|Veg_Meadow_499|183,1
explained,EXPLAINED_E3,month_x_year_x_vegetation_class_x_point_id,5|2022|Veg_Meadow_504|197,1
explained,EXPLAINED_E3,month_x_year_x_vegetation_class_x_point_id,5|2022|Veg_Meadow_504|210,1
explained,EXPLAINED_E3,month_x_year_x_vegetation_class_x_point_id,5|2022|Veg_Shrub|027,1
explained,EXPLAINED_E3,month_x_year_x_vegetation_class_x_point_id,5|2022|Veg_Sparse|220,1
explained,EXPLAINED_E3,month_x_year_x_vegetation_class_x_point_id,5|2022|Veg_Sparse|221,1
explained,EXPLAINED_E3,month_x_year_x_vegetation_class_x_point_id,5|2022|Veg_Sparse|242,1
explained,EXPLAINED_E3,month_x_year_x_vegetation_class_x_point_id,5|2023|Veg_Meadow_497|035,1
explained,EXPLAINED_E3,month_x_year_x_vegetation_class_x_point_id,5|2023|Veg_Meadow_497|037,1
explained,EXPLAINED_E3,month_x_year_x_vegetation_class_x_point_id,5|2023|Veg_Meadow_497|070,1
explained,EXPLAINED_E3,month_x_year_x_vegetation_class_x_point_id,5|2023|Veg_Meadow_497|075,1
explained,EXPLAINED_E3,month_x_year_x_vegetation_class_x_point_id,5|2023|Veg_Meadow_497|091,1
explained,EXPLAINED_E3,month_x_year_x_vegetation_class_x_point_id,5|2023|Veg_Meadow_497|097,1
explained,EXPLAINED_E3,month_x_year_x_vegetation_class_x_point_id,5|2023|Veg_Meadow_497|100,1
explained,EXPLAINED_E3,month_x_year_x_vegetation_class_x_point_id,5|2023|Veg_Meadow_497|118,1
explained,EXPLAINED_E3,month_x_year_x_vegetation_class_x_point_id,5|2023|Veg_Meadow_497|130,1
explained,EXPLAINED_E3,month_x_year_x_vegetation_class_x_point_id,5|2023|Veg_Meadow_497|143,1
explained,EXPLAINED_E3,month_x_year_x_vegetation_class_x_point_id,5|2023|Veg_Meadow_497|149,1
explained,EXPLAINED_E3,month_x_year_x_vegetation_class_x_point_id,5|2023|Veg_Meadow_497|169,1
explained,EXPLAINED_E3,month_x_year_x_vegetation_class_x_point_id,5|2023|Veg_Shrub|016,1
explained,EXPLAINED_E3,month_x_year_x_vegetation_class_x_point_id,5|2023|Veg_Shrub|017,1
explained,EXPLAINED_E3,month_x_year_x_vegetation_class_x_point_id,5|2023|Veg_Sparse|236,1
explained,EXPLAINED_E3,month_x_year_x_vegetation_class_x_point_id,5|2024|Veg_Coniferous|006,1
explained,EXPLAINED_E3,month_x_year_x_vegetation_class_x_point_id,5|2024|Veg_Coniferous|013,1
explained,EXPLAINED_E3,month_x_year_x_vegetation_class_x_point_id,5|2024|Veg_Meadow_497|031,1
explained,EXPLAINED_E3,month_x_year_x_vegetation_class_x_point_id,5|2024|Veg_Meadow_497|033,1
explained,EXPLAINED_E3,month_x_year_x_vegetation_class_x_point_id,5|2024|Veg_Meadow_497|034,1
explained,EXPLAINED_E3,month_x_year_x_vegetation_class_x_point_id,5|2024|Veg_Meadow_497|064,1
explained,EXPLAINED_E3,month_x_year_x_vegetation_class_x_point_id,5|2024|Veg_Meadow_497|067,1
explained,EXPLAINED_E3,month_x_year_x_vegetation_class_x_point_id,5|2024|Veg_Meadow_497|076,1
explained,EXPLAINED_E3,month_x_year_x_vegetation_class_x_point_id,5|2024|Veg_Meadow_497|082,1
explained,EXPLAINED_E3,month_x_year_x_vegetation_class_x_point_id,5|2024|Veg_Meadow_497|092,1
explained,EXPLAINED_E3,month_x_year_x_vegetation_class_x_point_id,5|2024|Veg_Meadow_497|102,1
explained,EXPLAINED_E3,month_x_year_x_vegetation_class_x_point_id,5|2024|Veg_Meadow_497|112,1
explained,EXPLAINED_E3,month_x_year_x_vegetation_class_x_point_id,5|2024|Veg_Meadow_497|121,1
explained,EXPLAINED_E3,month_x_year_x_vegetation_class_x_point_id,5|2024|Veg_Meadow_497|146,1
explained,EXPLAINED_E3,month_x_year_x_vegetation_class_x_point_id,5|2024|Veg_Meadow_499|181,1
explained,EXPLAINED_E3,month_x_year_x_vegetation_class_x_point_id,5|2024|Veg_Meadow_499|182,1
explained,EXPLAINED_E3,month_x_year_x_vegetation_class_x_point_id,5|2024|Veg_Meadow_504|200,1
explained,EXPLAINED_E3,month_x_year_x_vegetation_class_x_point_id,5|2024|Veg_Meadow_504|203,1
explained,EXPLAINED_E3,month_x_year_x_vegetation_class_x_point_id,5|2024|Veg_Meadow_504|205,1
explained,EXPLAINED_E3,month_x_year_x_vegetation_class_x_point_id,5|2024|Veg_Meadow_504|206,1
explained,EXPLAINED_E3,month_x_year_x_vegetation_class_x_point_id,5|2024|Veg_Shrub|019,1
explained,EXPLAINED_E3,month_x_year_x_vegetation_class_x_point_id,5|2024|Veg_Sparse|218,1
explained,EXPLAINED_E3,month_x_year_x_vegetation_class_x_point_id,5|2024|Veg_Sparse|227,1
explained,EXPLAINED_E3,month_x_year_x_vegetation_class_x_point_id,5|2024|Veg_Sparse|235,1
explained,EXPLAINED_E3,month_x_year_x_vegetation_class_x_point_id,5|2025|Veg_Coniferous|004,1
explained,EXPLAINED_E3,month_x_year_x_vegetation_class_x_point_id,5|2025|Veg_Coniferous|009,1
explained,EXPLAINED_E3,month_x_year_x_vegetation_class_x_point_id,5|2025|Veg_Meadow_497|044,1
explained,EXPLAINED_E3,month_x_year_x_vegetation_class_x_point_id,5|2025|Veg_Meadow_497|051,1
explained,EXPLAINED_E3,month_x_year_x_vegetation_class_x_point_id,5|2025|Veg_Meadow_497|052,1
explained,EXPLAINED_E3,month_x_year_x_vegetation_class_x_point_id,5|2025|Veg_Meadow_497|058,1
explained,EXPLAINED_E3,month_x_year_x_vegetation_class_x_point_id,5|2025|Veg_Meadow_497|098,1
explained,EXPLAINED_E3,month_x_year_x_vegetation_class_x_point_id,5|2025|Veg_Meadow_497|124,1
explained,EXPLAINED_E3,month_x_year_x_vegetation_class_x_point_id,5|2025|Veg_Meadow_497|147,1
explained,EXPLAINED_E3,month_x_year_x_vegetation_class_x_point_id,5|2025|Veg_Meadow_497|153,1
explained,EXPLAINED_E3,month_x_year_x_vegetation_class_x_point_id,5|2025|Veg_Meadow_497|159,1
explained,EXPLAINED_E3,month_x_year_x_vegetation_class_x_point_id,5|2025|Veg_Meadow_497|168,1
explained,EXPLAINED_E3,month_x_year_x_vegetation_class_x_point_id,5|2025|Veg_Meadow_499|171,1
explained,EXPLAINED_E3,month_x_year_x_vegetation_class_x_point_id,5|2025|Veg_Meadow_499|173,1
explained,EXPLAINED_E3,month_x_year_x_vegetation_class_x_point_id,5|2025|Veg_Meadow_504|188,1
explained,EXPLAINED_E3,month_x_year_x_vegetation_class_x_point_id,5|2025|Veg_Meadow_504|192,1
explained,EXPLAINED_E3,month_x_year_x_vegetation_class_x_point_id,5|2025|Veg_Meadow_504|199,1
explained,EXPLAINED_E3,month_x_year_x_vegetation_class_x_point_id,5|2025|Veg_Meadow_504|209,1
explained,EXPLAINED_E3,month_x_year_x_vegetation_class_x_point_id,5|2025|Veg_Shrub|026,1
explained,EXPLAINED_E3,month_x_year_x_vegetation_class_x_point_id,5|2025|Veg_Sparse|226,1
explained,EXPLAINED_E3,month_x_year_x_vegetation_class_x_point_id,5|2025|Veg_Sparse|241,1
explained,EXPLAINED_E3,month_x_year_x_vegetation_class_x_point_id,5|2025|Veg_Sparse|245,1
explained,EXPLAINED_E3,month_x_year_x_vegetation_class_x_point_id,6|2022|Veg_Meadow_497|056,1
explained,EXPLAINED_E3,month_x_year_x_vegetation_class_x_point_id,6|2022|Veg_Meadow_497|077,1
explained,EXPLAINED_E3,month_x_year_x_vegetation_class_x_point_id,6|2022|Veg_Meadow_497|079,1
explained,EXPLAINED_E3,month_x_year_x_vegetation_class_x_point_id,6|2022|Veg_Meadow_497|087,1
explained,EXPLAINED_E3,month_x_year_x_vegetation_class_x_point_id,6|2022|Veg_Meadow_497|107,1
explained,EXPLAINED_E3,month_x_year_x_vegetation_class_x_point_id,6|2022|Veg_Meadow_497|115,1
explained,EXPLAINED_E3,month_x_year_x_vegetation_class_x_point_id,6|2022|Veg_Meadow_497|121,1
explained,EXPLAINED_E3,month_x_year_x_vegetation_class_x_point_id,6|2022|Veg_Meadow_497|127,1
explained,EXPLAINED_E3,month_x_year_x_vegetation_class_x_point_id,6|2022|Veg_Meadow_497|134,1
explained,EXPLAINED_E3,month_x_year_x_vegetation_class_x_point_id,6|2022|Veg_Meadow_497|149,1
explained,EXPLAINED_E3,month_x_year_x_vegetation_class_x_point_id,6|2022|Veg_Meadow_497|152,1
explained,EXPLAINED_E3,month_x_year_x_vegetation_class_x_point_id,6|2022|Veg_Meadow_497|154,1
explained,EXPLAINED_E3,month_x_year_x_vegetation_class_x_point_id,6|2022|Veg_Meadow_499|172,1
explained,EXPLAINED_E3,month_x_year_x_vegetation_class_x_point_id,6|2022|Veg_Meadow_499|173,1
explained,EXPLAINED_E3,month_x_year_x_vegetation_class_x_point_id,6|2022|Veg_Meadow_499|181,1
explained,EXPLAINED_E3,month_x_year_x_vegetation_class_x_point_id,6|2022|Veg_Meadow_504|193,1
explained,EXPLAINED_E3,month_x_year_x_vegetation_class_x_point_id,6|2022|Veg_Shrub|020,1
explained,EXPLAINED_E3,month_x_year_x_vegetation_class_x_point_id,6|2022|Veg_Shrub|021,1
explained,EXPLAINED_E3,month_x_year_x_vegetation_class_x_point_id,6|2022|Veg_Shrub|029,1
explained,EXPLAINED_E3,month_x_year_x_vegetation_class_x_point_id,6|2022|Veg_Sparse|225,1
explained,EXPLAINED_E3,month_x_year_x_vegetation_class_x_point_id,6|2022|Veg_Sparse|229,1
explained,EXPLAINED_E3,month_x_year_x_vegetation_class_x_point_id,6|2023|Veg_Coniferous|001,1
explained,EXPLAINED_E3,month_x_year_x_vegetation_class_x_point_id,6|2023|Veg_Coniferous|007,1
explained,EXPLAINED_E3,month_x_year_x_vegetation_class_x_point_id,6|2023|Veg_Meadow_497|062,1
explained,EXPLAINED_E3,month_x_year_x_vegetation_class_x_point_id,6|2023|Veg_Meadow_497|080,1
explained,EXPLAINED_E3,month_x_year_x_vegetation_class_x_point_id,6|2023|Veg_Meadow_497|103,1
explained,EXPLAINED_E3,month_x_year_x_vegetation_class_x_point_id,6|2023|Veg_Meadow_497|120,1
explained,EXPLAINED_E3,month_x_year_x_vegetation_class_x_point_id,6|2023|Veg_Meadow_497|131,1
explained,EXPLAINED_E3,month_x_year_x_vegetation_class_x_point_id,6|2023|Veg_Meadow_499|184,1
explained,EXPLAINED_E3,month_x_year_x_vegetation_class_x_point_id,6|2023|Veg_Meadow_504|188,1
explained,EXPLAINED_E3,month_x_year_x_vegetation_class_x_point_id,6|2023|Veg_Meadow_504|190,1
explained,EXPLAINED_E3,month_x_year_x_vegetation_class_x_point_id,6|2023|Veg_Meadow_504|208,1
explained,EXPLAINED_E3,month_x_year_x_vegetation_class_x_point_id,6|2023|Veg_Meadow_504|211,1
explained,EXPLAINED_E3,month_x_year_x_vegetation_class_x_point_id,6|2023|Veg_Shrub|026,1
explained,EXPLAINED_E3,month_x_year_x_vegetation_class_x_point_id,6|2023|Veg_Sparse|220,1
explained,EXPLAINED_E3,month_x_year_x_vegetation_class_x_point_id,6|2023|Veg_Sparse|228,1
explained,EXPLAINED_E3,month_x_year_x_vegetation_class_x_point_id,6|2023|Veg_Sparse|230,1
explained,EXPLAINED_E3,month_x_year_x_vegetation_class_x_point_id,6|2023|Veg_Sparse|235,1
explained,EXPLAINED_E3,month_x_year_x_vegetation_class_x_point_id,6|2024|Veg_Coniferous|009,1
explained,EXPLAINED_E3,month_x_year_x_vegetation_class_x_point_id,6|2024|Veg_Coniferous|012,1
explained,EXPLAINED_E3,month_x_year_x_vegetation_class_x_point_id,6|2024|Veg_Meadow_497|038,1
explained,EXPLAINED_E3,month_x_year_x_vegetation_class_x_point_id,6|2024|Veg_Meadow_497|059,1
explained,EXPLAINED_E3,month_x_year_x_vegetation_class_x_point_id,6|2024|Veg_Meadow_497|065,1
explained,EXPLAINED_E3,month_x_year_x_vegetation_class_x_point_id,6|2024|Veg_Meadow_497|073,1
explained,EXPLAINED_E3,month_x_year_x_vegetation_class_x_point_id,6|2024|Veg_Meadow_497|074,1
explained,EXPLAINED_E3,month_x_year_x_vegetation_class_x_point_id,6|2024|Veg_Meadow_497|083,1
explained,EXPLAINED_E3,month_x_year_x_vegetation_class_x_point_id,6|2024|Veg_Meadow_497|133,1
explained,EXPLAINED_E3,month_x_year_x_vegetation_class_x_point_id,6|2024|Veg_Meadow_497|135,1
explained,EXPLAINED_E3,month_x_year_x_vegetation_class_x_point_id,6|2024|Veg_Meadow_497|144,1
explained,EXPLAINED_E3,month_x_year_x_vegetation_class_x_point_id,6|2024|Veg_Meadow_497|145,1
explained,EXPLAINED_E3,month_x_year_x_vegetation_class_x_point_id,6|2024|Veg_Meadow_497|151,1
explained,EXPLAINED_E3,month_x_year_x_vegetation_class_x_point_id,6|2024|Veg_Meadow_497|156,1
explained,EXPLAINED_E3,month_x_year_x_vegetation_class_x_point_id,6|2024|Veg_Meadow_497|158,1
explained,EXPLAINED_E3,month_x_year_x_vegetation_class_x_point_id,6|2024|Veg_Meadow_497|162,1
explained,EXPLAINED_E3,month_x_year_x_vegetation_class_x_point_id,6|2024|Veg_Meadow_497|165,1
explained,EXPLAINED_E3,month_x_year_x_vegetation_class_x_point_id,6|2024|Veg_Meadow_497|166,1
explained,EXPLAINED_E3,month_x_year_x_vegetation_class_x_point_id,6|2024|Veg_Meadow_497|167,1
explained,EXPLAINED_E3,month_x_year_x_vegetation_class_x_point_id,6|2024|Veg_Meadow_497|170,1
explained,EXPLAINED_E3,month_x_year_x_vegetation_class_x_point_id,6|2024|Veg_Meadow_499|174,1
explained,EXPLAINED_E3,month_x_year_x_vegetation_class_x_point_id,6|2024|Veg_Meadow_499|175,1
explained,EXPLAINED_E3,month_x_year_x_vegetation_class_x_point_id,6|2024|Veg_Meadow_504|214,1
explained,EXPLAINED_E3,month_x_year_x_vegetation_class_x_point_id,6|2024|Veg_Sparse|234,1
explained,EXPLAINED_E3,month_x_year_x_vegetation_class_x_point_id,6|2025|Veg_Coniferous|002,1
explained,EXPLAINED_E3,month_x_year_x_vegetation_class_x_point_id,6|2025|Veg_Meadow_497|043,1
explained,EXPLAINED_E3,month_x_year_x_vegetation_class_x_point_id,6|2025|Veg_Meadow_497|053,1
explained,EXPLAINED_E3,month_x_year_x_vegetation_class_x_point_id,6|2025|Veg_Meadow_497|057,1
explained,EXPLAINED_E3,month_x_year_x_vegetation_class_x_point_id,6|2025|Veg_Meadow_497|069,1
explained,EXPLAINED_E3,month_x_year_x_vegetation_class_x_point_id,6|2025|Veg_Meadow_497|082,1
explained,EXPLAINED_E3,month_x_year_x_vegetation_class_x_point_id,6|2025|Veg_Meadow_497|089,1
explained,EXPLAINED_E3,month_x_year_x_vegetation_class_x_point_id,6|2025|Veg_Meadow_497|091,1
explained,EXPLAINED_E3,month_x_year_x_vegetation_class_x_point_id,6|2025|Veg_Meadow_497|093,1
explained,EXPLAINED_E3,month_x_year_x_vegetation_class_x_point_id,6|2025|Veg_Meadow_497|100,1
explained,EXPLAINED_E3,month_x_year_x_vegetation_class_x_point_id,6|2025|Veg_Meadow_497|132,1
explained,EXPLAINED_E3,month_x_year_x_vegetation_class_x_point_id,6|2025|Veg_Meadow_497|157,1
explained,EXPLAINED_E3,month_x_year_x_vegetation_class_x_point_id,6|2025|Veg_Meadow_497|164,1
explained,EXPLAINED_E3,month_x_year_x_vegetation_class_x_point_id,6|2025|Veg_Meadow_504|186,1
explained,EXPLAINED_E3,month_x_year_x_vegetation_class_x_point_id,6|2025|Veg_Meadow_504|197,1
explained,EXPLAINED_E3,month_x_year_x_vegetation_class_x_point_id,6|2025|Veg_Meadow_504|204,1
explained,EXPLAINED_E3,month_x_year_x_vegetation_class_x_point_id,6|2025|Veg_Meadow_504|207,1
explained,EXPLAINED_E3,month_x_year_x_vegetation_class_x_point_id,6|2025|Veg_Shrub|019,1
explained,EXPLAINED_E3,month_x_year_x_vegetation_class_x_point_id,6|2025|Veg_Sparse|217,1
explained,EXPLAINED_E3,month_x_year_x_vegetation_class_x_point_id,6|2025|Veg_Sparse|224,1
explained,EXPLAINED_E3,month_x_year_x_vegetation_class_x_point_id,6|2025|Veg_Sparse|239,1
explained,EXPLAINED_E3,month_x_year_x_vegetation_class_x_point_id,7|2022|Veg_Coniferous|001,1
explained,EXPLAINED_E3,month_x_year_x_vegetation_class_x_point_id,7|2022|Veg_Meadow_497|066,1
explained,EXPLAINED_E3,month_x_year_x_vegetation_class_x_point_id,7|2022|Veg_Meadow_497|075,1
explained,EXPLAINED_E3,month_x_year_x_vegetation_class_x_point_id,7|2022|Veg_Meadow_497|078,1
explained,EXPLAINED_E3,month_x_year_x_vegetation_class_x_point_id,7|2022|Veg_Meadow_497|119,1
explained,EXPLAINED_E3,month_x_year_x_vegetation_class_x_point_id,7|2022|Veg_Meadow_497|144,1
explained,EXPLAINED_E3,month_x_year_x_vegetation_class_x_point_id,7|2022|Veg_Meadow_497|167,1
explained,EXPLAINED_E3,month_x_year_x_vegetation_class_x_point_id,7|2022|Veg_Meadow_504|209,1
explained,EXPLAINED_E3,month_x_year_x_vegetation_class_x_point_id,7|2022|Veg_Shrub|022,1
explained,EXPLAINED_E3,month_x_year_x_vegetation_class_x_point_id,7|2022|Veg_Shrub|025,1
explained,EXPLAINED_E3,month_x_year_x_vegetation_class_x_point_id,7|2022|Veg_Sparse|231,1
explained,EXPLAINED_E3,month_x_year_x_vegetation_class_x_point_id,7|2023|Veg_Coniferous|000,1
explained,EXPLAINED_E3,month_x_year_x_vegetation_class_x_point_id,7|2023|Veg_Coniferous|004,1
explained,EXPLAINED_E3,month_x_year_x_vegetation_class_x_point_id,7|2023|Veg_Meadow_497|031,1
explained,EXPLAINED_E3,month_x_year_x_vegetation_class_x_point_id,7|2023|Veg_Meadow_497|040,1
explained,EXPLAINED_E3,month_x_year_x_vegetation_class_x_point_id,7|2023|Veg_Meadow_497|042,1
explained,EXPLAINED_E3,month_x_year_x_vegetation_class_x_point_id,7|2023|Veg_Meadow_497|046,1
explained,EXPLAINED_E3,month_x_year_x_vegetation_class_x_point_id,7|2023|Veg_Meadow_497|054,1
explained,EXPLAINED_E3,month_x_year_x_vegetation_class_x_point_id,7|2023|Veg_Meadow_497|056,1
explained,EXPLAINED_E3,month_x_year_x_vegetation_class_x_point_id,7|2023|Veg_Meadow_497|086,1
explained,EXPLAINED_E3,month_x_year_x_vegetation_class_x_point_id,7|2023|Veg_Meadow_497|093,1
explained,EXPLAINED_E3,month_x_year_x_vegetation_class_x_point_id,7|2023|Veg_Meadow_497|094,1
explained,EXPLAINED_E3,month_x_year_x_vegetation_class_x_point_id,7|2023|Veg_Meadow_497|106,1
explained,EXPLAINED_E3,month_x_year_x_vegetation_class_x_point_id,7|2023|Veg_Meadow_497|109,1
explained,EXPLAINED_E3,month_x_year_x_vegetation_class_x_point_id,7|2023|Veg_Meadow_497|113,1
explained,EXPLAINED_E3,month_x_year_x_vegetation_class_x_point_id,7|2023|Veg_Meadow_497|117,1
explained,EXPLAINED_E3,month_x_year_x_vegetation_class_x_point_id,7|2023|Veg_Meadow_497|124,1
explained,EXPLAINED_E3,month_x_year_x_vegetation_class_x_point_id,7|2023|Veg_Meadow_497|163,1
explained,EXPLAINED_E3,month_x_year_x_vegetation_class_x_point_id,7|2023|Veg_Meadow_497|164,1
explained,EXPLAINED_E3,month_x_year_x_vegetation_class_x_point_id,7|2023|Veg_Meadow_499|171,1
explained,EXPLAINED_E3,month_x_year_x_vegetation_class_x_point_id,7|2023|Veg_Meadow_499|177,1
explained,EXPLAINED_E3,month_x_year_x_vegetation_class_x_point_id,7|2023|Veg_Meadow_499|178,1
explained,EXPLAINED_E3,month_x_year_x_vegetation_class_x_point_id,7|2023|Veg_Meadow_499|185,1
explained,EXPLAINED_E3,month_x_year_x_vegetation_class_x_point_id,7|2023|Veg_Meadow_504|189,1
explained,EXPLAINED_E3,month_x_year_x_vegetation_class_x_point_id,7|2023|Veg_Meadow_504|192,1
explained,EXPLAINED_E3,month_x_year_x_vegetation_class_x_point_id,7|2023|Veg_Meadow_504|207,1
explained,EXPLAINED_E3,month_x_year_x_vegetation_class_x_point_id,7|2023|Veg_Shrub|019,1
explained,EXPLAINED_E3,month_x_year_x_vegetation_class_x_point_id,7|2023|Veg_Sparse|225,1
explained,EXPLAINED_E3,month_x_year_x_vegetation_class_x_point_id,7|2023|Veg_Sparse|227,1
explained,EXPLAINED_E3,month_x_year_x_vegetation_class_x_point_id,7|2023|Veg_Sparse|242,1
explained,EXPLAINED_E3,month_x_year_x_vegetation_class_x_point_id,7|2023|Veg_Sparse|243,1
explained,EXPLAINED_E3,month_x_year_x_vegetation_class_x_point_id,7|2024|Veg_Coniferous|011,1
explained,EXPLAINED_E3,month_x_year_x_vegetation_class_x_point_id,7|2024|Veg_Meadow_497|032,1
explained,EXPLAINED_E3,month_x_year_x_vegetation_class_x_point_id,7|2024|Veg_Meadow_497|036,1
explained,EXPLAINED_E3,month_x_year_x_vegetation_class_x_point_id,7|2024|Veg_Meadow_497|050,1
explained,EXPLAINED_E3,month_x_year_x_vegetation_class_x_point_id,7|2024|Veg_Meadow_497|051,1
explained,EXPLAINED_E3,month_x_year_x_vegetation_class_x_point_id,7|2024|Veg_Meadow_497|081,1
explained,EXPLAINED_E3,month_x_year_x_vegetation_class_x_point_id,7|2024|Veg_Meadow_497|088,1
explained,EXPLAINED_E3,month_x_year_x_vegetation_class_x_point_id,7|2024|Veg_Meadow_497|095,1
explained,EXPLAINED_E3,month_x_year_x_vegetation_class_x_point_id,7|2024|Veg_Meadow_497|114,1
explained,EXPLAINED_E3,month_x_year_x_vegetation_class_x_point_id,7|2024|Veg_Meadow_497|141,1
explained,EXPLAINED_E3,month_x_year_x_vegetation_class_x_point_id,7|2024|Veg_Meadow_497|155,1
explained,EXPLAINED_E3,month_x_year_x_vegetation_class_x_point_id,7|2024|Veg_Meadow_504|191,1
explained,EXPLAINED_E3,month_x_year_x_vegetation_class_x_point_id,7|2024|Veg_Meadow_504|208,1
explained,EXPLAINED_E3,month_x_year_x_vegetation_class_x_point_id,7|2024|Veg_Meadow_504|211,1
explained,EXPLAINED_E3,month_x_year_x_vegetation_class_x_point_id,7|2024|Veg_Sparse|232,1
explained,EXPLAINED_E3,month_x_year_x_vegetation_class_x_point_id,7|2024|Veg_Sparse|233,1
explained,EXPLAINED_E3,month_x_year_x_vegetation_class_x_point_id,7|2024|Veg_Sparse|238,1
explained,EXPLAINED_E3,month_x_year_x_vegetation_class_x_point_id,7|2024|Veg_Sparse|241,1
explained,EXPLAINED_E3,month_x_year_x_vegetation_class_x_point_id,7|2025|Veg_Coniferous|013,1
explained,EXPLAINED_E3,month_x_year_x_vegetation_class_x_point_id,7|2025|Veg_Meadow_497|039,1
explained,EXPLAINED_E3,month_x_year_x_vegetation_class_x_point_id,7|2025|Veg_Meadow_497|049,1
explained,EXPLAINED_E3,month_x_year_x_vegetation_class_x_point_id,7|2025|Veg_Meadow_497|055,1
explained,EXPLAINED_E3,month_x_year_x_vegetation_class_x_point_id,7|2025|Veg_Meadow_497|074,1
explained,EXPLAINED_E3,month_x_year_x_vegetation_class_x_point_id,7|2025|Veg_Meadow_497|092,1
explained,EXPLAINED_E3,month_x_year_x_vegetation_class_x_point_id,7|2025|Veg_Meadow_497|099,1
explained,EXPLAINED_E3,month_x_year_x_vegetation_class_x_point_id,7|2025|Veg_Meadow_497|105,1
explained,EXPLAINED_E3,month_x_year_x_vegetation_class_x_point_id,7|2025|Veg_Meadow_497|110,1
explained,EXPLAINED_E3,month_x_year_x_vegetation_class_x_point_id,7|2025|Veg_Meadow_497|136,1
explained,EXPLAINED_E3,month_x_year_x_vegetation_class_x_point_id,7|2025|Veg_Meadow_497|137,1
explained,EXPLAINED_E3,month_x_year_x_vegetation_class_x_point_id,7|2025|Veg_Meadow_497|138,1
explained,EXPLAINED_E3,month_x_year_x_vegetation_class_x_point_id,7|2025|Veg_Meadow_497|142,1
explained,EXPLAINED_E3,month_x_year_x_vegetation_class_x_point_id,7|2025|Veg_Meadow_497|143,1
explained,EXPLAINED_E3,month_x_year_x_vegetation_class_x_point_id,7|2025|Veg_Meadow_497|160,1
explained,EXPLAINED_E3,month_x_year_x_vegetation_class_x_point_id,7|2025|Veg_Meadow_497|162,1
explained,EXPLAINED_E3,month_x_year_x_vegetation_class_x_point_id,7|2025|Veg_Meadow_499|175,1
explained,EXPLAINED_E3,month_x_year_x_vegetation_class_x_point_id,7|2025|Veg_Meadow_504|187,1
explained,EXPLAINED_E3,month_x_year_x_vegetation_class_x_point_id,7|2025|Veg_Meadow_504|212,1
explained,EXPLAINED_E3,month_x_year_x_vegetation_class_x_point_id,7|2025|Veg_Shrub|015,1
explained,EXPLAINED_E3,month_x_year_x_vegetation_class_x_point_id,7|2025|Veg_Shrub|018,1
explained,EXPLAINED_E3,month_x_year_x_vegetation_class_x_point_id,7|2025|Veg_Shrub|029,1
explained,EXPLAINED_E3,month_x_year_x_vegetation_class_x_point_id,7|2025|Veg_Sparse|222,1
explained,EXPLAINED_E3,month_x_year_x_vegetation_class_x_point_id,7|2025|Veg_Sparse|230,1
explained,EXPLAINED_E3,month_x_year_x_vegetation_class_x_point_id,8|2022|Veg_Meadow_497|038,1
explained,EXPLAINED_E3,month_x_year_x_vegetation_class_x_point_id,8|2022|Veg_Meadow_497|057,1
explained,EXPLAINED_E3,month_x_year_x_vegetation_class_x_point_id,8|2022|Veg_Meadow_497|063,1
explained,EXPLAINED_E3,month_x_year_x_vegetation_class_x_point_id,8|2022|Veg_Meadow_497|069,1
explained,EXPLAINED_E3,month_x_year_x_vegetation_class_x_point_id,8|2022|Veg_Meadow_497|083,1
explained,EXPLAINED_E3,month_x_year_x_vegetation_class_x_point_id,8|2022|Veg_Meadow_497|088,1
explained,EXPLAINED_E3,month_x_year_x_vegetation_class_x_point_id,8|2022|Veg_Meadow_497|093,1
explained,EXPLAINED_E3,month_x_year_x_vegetation_class_x_point_id,8|2022|Veg_Meadow_497|100,1
explained,EXPLAINED_E3,month_x_year_x_vegetation_class_x_point_id,8|2022|Veg_Meadow_497|106,1
explained,EXPLAINED_E3,month_x_year_x_vegetation_class_x_point_id,8|2022|Veg_Meadow_497|131,1
explained,EXPLAINED_E3,month_x_year_x_vegetation_class_x_point_id,8|2022|Veg_Meadow_497|138,1
explained,EXPLAINED_E3,month_x_year_x_vegetation_class_x_point_id,8|2022|Veg_Meadow_497|159,1
explained,EXPLAINED_E3,month_x_year_x_vegetation_class_x_point_id,8|2022|Veg_Meadow_499|178,1
explained,EXPLAINED_E3,month_x_year_x_vegetation_class_x_point_id,8|2022|Veg_Meadow_504|187,1
explained,EXPLAINED_E3,month_x_year_x_vegetation_class_x_point_id,8|2022|Veg_Meadow_504|198,1
explained,EXPLAINED_E3,month_x_year_x_vegetation_class_x_point_id,8|2022|Veg_Sparse|223,1
explained,EXPLAINED_E3,month_x_year_x_vegetation_class_x_point_id,8|2022|Veg_Sparse|226,1
explained,EXPLAINED_E3,month_x_year_x_vegetation_class_x_point_id,8|2022|Veg_Sparse|232,1
explained,EXPLAINED_E3,month_x_year_x_vegetation_class_x_point_id,8|2022|Veg_Sparse|243,1
explained,EXPLAINED_E3,month_x_year_x_vegetation_class_x_point_id,8|2023|Veg_Coniferous|006,1
explained,EXPLAINED_E3,month_x_year_x_vegetation_class_x_point_id,8|2023|Veg_Coniferous|014,1
explained,EXPLAINED_E3,month_x_year_x_vegetation_class_x_point_id,8|2023|Veg_Meadow_497|053,1
explained,EXPLAINED_E3,month_x_year_x_vegetation_class_x_point_id,8|2023|Veg_Meadow_497|059,1
explained,EXPLAINED_E3,month_x_year_x_vegetation_class_x_point_id,8|2023|Veg_Meadow_497|107,1
explained,EXPLAINED_E3,month_x_year_x_vegetation_class_x_point_id,8|2023|Veg_Meadow_497|108,1
explained,EXPLAINED_E3,month_x_year_x_vegetation_class_x_point_id,8|2023|Veg_Meadow_497|126,1
explained,EXPLAINED_E3,month_x_year_x_vegetation_class_x_point_id,8|2023|Veg_Meadow_497|136,1
explained,EXPLAINED_E3,month_x_year_x_vegetation_class_x_point_id,8|2023|Veg_Meadow_497|153,1
explained,EXPLAINED_E3,month_x_year_x_vegetation_class_x_point_id,8|2023|Veg_Meadow_497|160,1
explained,EXPLAINED_E3,month_x_year_x_vegetation_class_x_point_id,8|2023|Veg_Meadow_499|183,1
explained,EXPLAINED_E3,month_x_year_x_vegetation_class_x_point_id,8|2023|Veg_Meadow_504|191,1
explained,EXPLAINED_E3,month_x_year_x_vegetation_class_x_point_id,8|2023|Veg_Meadow_504|193,1
explained,EXPLAINED_E3,month_x_year_x_vegetation_class_x_point_id,8|2023|Veg_Meadow_504|200,1
explained,EXPLAINED_E3,month_x_year_x_vegetation_class_x_point_id,8|2023|Veg_Meadow_504|210,1
explained,EXPLAINED_E3,month_x_year_x_vegetation_class_x_point_id,8|2023|Veg_Shrub|023,1
explained,EXPLAINED_E3,month_x_year_x_vegetation_class_x_point_id,8|2023|Veg_Sparse|222,1
explained,EXPLAINED_E3,month_x_year_x_vegetation_class_x_point_id,8|2024|Veg_Coniferous|005,1
explained,EXPLAINED_E3,month_x_year_x_vegetation_class_x_point_id,8|2024|Veg_Coniferous|008,1
explained,EXPLAINED_E3,month_x_year_x_vegetation_class_x_point_id,8|2024|Veg_Meadow_497|058,1
explained,EXPLAINED_E3,month_x_year_x_vegetation_class_x_point_id,8|2024|Veg_Meadow_497|061,1
explained,EXPLAINED_E3,month_x_year_x_vegetation_class_x_point_id,8|2024|Veg_Meadow_497|099,1
explained,EXPLAINED_E3,month_x_year_x_vegetation_class_x_point_id,8|2024|Veg_Meadow_497|111,1
explained,EXPLAINED_E3,month_x_year_x_vegetation_class_x_point_id,8|2024|Veg_Meadow_497|116,1
explained,EXPLAINED_E3,month_x_year_x_vegetation_class_x_point_id,8|2024|Veg_Meadow_497|120,1
explained,EXPLAINED_E3,month_x_year_x_vegetation_class_x_point_id,8|2024|Veg_Meadow_497|122,1
explained,EXPLAINED_E3,month_x_year_x_vegetation_class_x_point_id,8|2024|Veg_Meadow_497|125,1
explained,EXPLAINED_E3,month_x_year_x_vegetation_class_x_point_id,8|2024|Veg_Meadow_497|128,1
explained,EXPLAINED_E3,month_x_year_x_vegetation_class_x_point_id,8|2024|Veg_Meadow_497|137,1
explained,EXPLAINED_E3,month_x_year_x_vegetation_class_x_point_id,8|2024|Veg_Meadow_497|148,1
explained,EXPLAINED_E3,month_x_year_x_vegetation_class_x_point_id,8|2024|Veg_Meadow_497|169,1
explained,EXPLAINED_E3,month_x_year_x_vegetation_class_x_point_id,8|2024|Veg_Meadow_499|171,1
explained,EXPLAINED_E3,month_x_year_x_vegetation_class_x_point_id,8|2024|Veg_Meadow_499|177,1
explained,EXPLAINED_E3,month_x_year_x_vegetation_class_x_point_id,8|2024|Veg_Meadow_499|185,1
explained,EXPLAINED_E3,month_x_year_x_vegetation_class_x_point_id,8|2024|Veg_Meadow_504|186,1
explained,EXPLAINED_E3,month_x_year_x_vegetation_class_x_point_id,8|2024|Veg_Meadow_504|195,1
explained,EXPLAINED_E3,month_x_year_x_vegetation_class_x_point_id,8|2024|Veg_Meadow_504|201,1
explained,EXPLAINED_E3,month_x_year_x_vegetation_class_x_point_id,8|2024|Veg_Shrub|017,1
explained,EXPLAINED_E3,month_x_year_x_vegetation_class_x_point_id,8|2024|Veg_Shrub|021,1
explained,EXPLAINED_E3,month_x_year_x_vegetation_class_x_point_id,8|2024|Veg_Shrub|028,1
explained,EXPLAINED_E3,month_x_year_x_vegetation_class_x_point_id,8|2024|Veg_Sparse|217,1
explained,EXPLAINED_E3,month_x_year_x_vegetation_class_x_point_id,8|2024|Veg_Sparse|225,1
explained,EXPLAINED_E3,month_x_year_x_vegetation_class_x_point_id,8|2025|Veg_Coniferous|003,1
explained,EXPLAINED_E3,month_x_year_x_vegetation_class_x_point_id,8|2025|Veg_Meadow_497|034,1
explained,EXPLAINED_E3,month_x_year_x_vegetation_class_x_point_id,8|2025|Veg_Meadow_497|041,1
explained,EXPLAINED_E3,month_x_year_x_vegetation_class_x_point_id,8|2025|Veg_Meadow_497|047,1
explained,EXPLAINED_E3,month_x_year_x_vegetation_class_x_point_id,8|2025|Veg_Meadow_497|048,1
explained,EXPLAINED_E3,month_x_year_x_vegetation_class_x_point_id,8|2025|Veg_Meadow_497|077,1
explained,EXPLAINED_E3,month_x_year_x_vegetation_class_x_point_id,8|2025|Veg_Meadow_497|097,1
explained,EXPLAINED_E3,month_x_year_x_vegetation_class_x_point_id,8|2025|Veg_Meadow_497|104,1
explained,EXPLAINED_E3,month_x_year_x_vegetation_class_x_point_id,8|2025|Veg_Meadow_497|127,1
explained,EXPLAINED_E3,month_x_year_x_vegetation_class_x_point_id,8|2025|Veg_Meadow_497|134,1
explained,EXPLAINED_E3,month_x_year_x_vegetation_class_x_point_id,8|2025|Veg_Meadow_497|135,1
explained,EXPLAINED_E3,month_x_year_x_vegetation_class_x_point_id,8|2025|Veg_Meadow_497|139,1
explained,EXPLAINED_E3,month_x_year_x_vegetation_class_x_point_id,8|2025|Veg_Meadow_497|152,1
explained,EXPLAINED_E3,month_x_year_x_vegetation_class_x_point_id,8|2025|Veg_Meadow_497|158,1
explained,EXPLAINED_E3,month_x_year_x_vegetation_class_x_point_id,8|2025|Veg_Meadow_497|161,1
explained,EXPLAINED_E3,month_x_year_x_vegetation_class_x_point_id,8|2025|Veg_Meadow_497|165,1
explained,EXPLAINED_E3,month_x_year_x_vegetation_class_x_point_id,8|2025|Veg_Meadow_504|213,1
explained,EXPLAINED_E3,month_x_year_x_vegetation_class_x_point_id,8|2025|Veg_Shrub|021,1
explained,EXPLAINED_E3,month_x_year_x_vegetation_class_x_point_id,8|2025|Veg_Shrub|025,1
explained,EXPLAINED_E3,month_x_year_x_vegetation_class_x_point_id,8|2025|Veg_Sparse|218,1
explained,EXPLAINED_E3,month_x_year_x_vegetation_class_x_point_id,8|2025|Veg_Sparse|219,1
explained,EXPLAINED_E3,month_x_year_x_vegetation_class_x_point_id,8|2025|Veg_Sparse|220,1
explained,EXPLAINED_E3,month_x_year_x_vegetation_class_x_point_id,8|2025|Veg_Sparse|242,1
explained,EXPLAINED_E3,month_x_year_x_vegetation_class_x_point_id,9|2022|Veg_Meadow_497|051,1
explained,EXPLAINED_E3,month_x_year_x_vegetation_class_x_point_id,9|2022|Veg_Meadow_497|081,1
explained,EXPLAINED_E3,month_x_year_x_vegetation_class_x_point_id,9|2022|Veg_Meadow_497|082,1
explained,EXPLAINED_E3,month_x_year_x_vegetation_class_x_point_id,9|2022|Veg_Meadow_497|085,1
explained,EXPLAINED_E3,month_x_year_x_vegetation_class_x_point_id,9|2022|Veg_Meadow_497|103,1
explained,EXPLAINED_E3,month_x_year_x_vegetation_class_x_point_id,9|2022|Veg_Meadow_497|113,1
explained,EXPLAINED_E3,month_x_year_x_vegetation_class_x_point_id,9|2022|Veg_Meadow_497|128,1
explained,EXPLAINED_E3,month_x_year_x_vegetation_class_x_point_id,9|2022|Veg_Meadow_497|150,1
explained,EXPLAINED_E3,month_x_year_x_vegetation_class_x_point_id,9|2022|Veg_Meadow_497|161,1
explained,EXPLAINED_E3,month_x_year_x_vegetation_class_x_point_id,9|2022|Veg_Meadow_499|175,1
explained,EXPLAINED_E3,month_x_year_x_vegetation_class_x_point_id,9|2022|Veg_Meadow_499|177,1
explained,EXPLAINED_E3,month_x_year_x_vegetation_class_x_point_id,9|2022|Veg_Meadow_504|190,1
explained,EXPLAINED_E3,month_x_year_x_vegetation_class_x_point_id,9|2022|Veg_Meadow_504|192,1
explained,EXPLAINED_E3,month_x_year_x_vegetation_class_x_point_id,9|2022|Veg_Meadow_504|206,1
explained,EXPLAINED_E3,month_x_year_x_vegetation_class_x_point_id,9|2022|Veg_Shrub|026,1
explained,EXPLAINED_E3,month_x_year_x_vegetation_class_x_point_id,9|2022|Veg_Sparse|217,1
explained,EXPLAINED_E3,month_x_year_x_vegetation_class_x_point_id,9|2022|Veg_Sparse|219,1
explained,EXPLAINED_E3,month_x_year_x_vegetation_class_x_point_id,9|2023|Veg_Coniferous|003,1
explained,EXPLAINED_E3,month_x_year_x_vegetation_class_x_point_id,9|2023|Veg_Meadow_497|038,1
explained,EXPLAINED_E3,month_x_year_x_vegetation_class_x_point_id,9|2023|Veg_Meadow_497|061,1
explained,EXPLAINED_E3,month_x_year_x_vegetation_class_x_point_id,9|2023|Veg_Meadow_497|078,1
explained,EXPLAINED_E3,month_x_year_x_vegetation_class_x_point_id,9|2023|Veg_Meadow_497|088,1
explained,EXPLAINED_E3,month_x_year_x_vegetation_class_x_point_id,9|2023|Veg_Meadow_497|089,1
explained,EXPLAINED_E3,month_x_year_x_vegetation_class_x_point_id,9|2023|Veg_Meadow_497|127,1
explained,EXPLAINED_E3,month_x_year_x_vegetation_class_x_point_id,9|2023|Veg_Meadow_497|137,1
explained,EXPLAINED_E3,month_x_year_x_vegetation_class_x_point_id,9|2023|Veg_Meadow_497|141,1
explained,EXPLAINED_E3,month_x_year_x_vegetation_class_x_point_id,9|2023|Veg_Meadow_497|145,1
explained,EXPLAINED_E3,month_x_year_x_vegetation_class_x_point_id,9|2023|Veg_Meadow_497|162,1
explained,EXPLAINED_E3,month_x_year_x_vegetation_class_x_point_id,9|2023|Veg_Meadow_497|165,1
explained,EXPLAINED_E3,month_x_year_x_vegetation_class_x_point_id,9|2023|Veg_Meadow_499|182,1
explained,EXPLAINED_E3,month_x_year_x_vegetation_class_x_point_id,9|2023|Veg_Meadow_504|195,1
explained,EXPLAINED_E3,month_x_year_x_vegetation_class_x_point_id,9|2023|Veg_Meadow_504|205,1
explained,EXPLAINED_E3,month_x_year_x_vegetation_class_x_point_id,9|2023|Veg_Shrub|021,1
explained,EXPLAINED_E3,month_x_year_x_vegetation_class_x_point_id,9|2023|Veg_Shrub|028,1
explained,EXPLAINED_E3,month_x_year_x_vegetation_class_x_point_id,9|2023|Veg_Sparse|218,1
explained,EXPLAINED_E3,month_x_year_x_vegetation_class_x_point_id,9|2023|Veg_Sparse|232,1
explained,EXPLAINED_E3,month_x_year_x_vegetation_class_x_point_id,9|2023|Veg_Sparse|240,1
explained,EXPLAINED_E3,month_x_year_x_vegetation_class_x_point_id,9|2024|Veg_Coniferous|007,1
explained,EXPLAINED_E3,month_x_year_x_vegetation_class_x_point_id,9|2024|Veg_Meadow_497|030,1
explained,EXPLAINED_E3,month_x_year_x_vegetation_class_x_point_id,9|2024|Veg_Meadow_497|042,1
explained,EXPLAINED_E3,month_x_year_x_vegetation_class_x_point_id,9|2024|Veg_Meadow_497|048,1
explained,EXPLAINED_E3,month_x_year_x_vegetation_class_x_point_id,9|2024|Veg_Meadow_497|055,1
explained,EXPLAINED_E3,month_x_year_x_vegetation_class_x_point_id,9|2024|Veg_Meadow_497|056,1
explained,EXPLAINED_E3,month_x_year_x_vegetation_class_x_point_id,9|2024|Veg_Meadow_497|066,1
explained,EXPLAINED_E3,month_x_year_x_vegetation_class_x_point_id,9|2024|Veg_Meadow_497|077,1
explained,EXPLAINED_E3,month_x_year_x_vegetation_class_x_point_id,9|2024|Veg_Meadow_497|101,1
explained,EXPLAINED_E3,month_x_year_x_vegetation_class_x_point_id,9|2024|Veg_Meadow_497|106,1
explained,EXPLAINED_E3,month_x_year_x_vegetation_class_x_point_id,9|2024|Veg_Meadow_497|134,1
explained,EXPLAINED_E3,month_x_year_x_vegetation_class_x_point_id,9|2024|Veg_Meadow_497|142,1
explained,EXPLAINED_E3,month_x_year_x_vegetation_class_x_point_id,9|2024|Veg_Meadow_497|152,1
explained,EXPLAINED_E3,month_x_year_x_vegetation_class_x_point_id,9|2024|Veg_Meadow_497|153,1
explained,EXPLAINED_E3,month_x_year_x_vegetation_class_x_point_id,9|2024|Veg_Meadow_497|160,1
explained,EXPLAINED_E3,month_x_year_x_vegetation_class_x_point_id,9|2024|Veg_Meadow_499|176,1
explained,EXPLAINED_E3,month_x_year_x_vegetation_class_x_point_id,9|2024|Veg_Meadow_504|188,1
explained,EXPLAINED_E3,month_x_year_x_vegetation_class_x_point_id,9|2024|Veg_Meadow_504|204,1
explained,EXPLAINED_E3,month_x_year_x_vegetation_class_x_point_id,9|2024|Veg_Meadow_504|209,1
explained,EXPLAINED_E3,month_x_year_x_vegetation_class_x_point_id,9|2024|Veg_Meadow_504|212,1
explained,EXPLAINED_E3,month_x_year_x_vegetation_class_x_point_id,9|2024|Veg_Sparse|223,1
explained,EXPLAINED_E3,month_x_year_x_vegetation_class_x_point_id,9|2024|Veg_Sparse|226,1
explained,EXPLAINED_E3,month_x_year_x_vegetation_class_x_point_id,9|2024|Veg_Sparse|242,1
explained,EXPLAINED_E3,month_x_year_x_vegetation_class_x_point_id,9|2024|Veg_Sparse|243,1
explained,EXPLAINED_E3,month_x_year_x_vegetation_class_x_point_id,9|2025|Veg_Coniferous|001,1
explained,EXPLAINED_E3,month_x_year_x_vegetation_class_x_point_id,9|2025|Veg_Coniferous|008,1
explained,EXPLAINED_E3,month_x_year_x_vegetation_class_x_point_id,9|2025|Veg_Coniferous|011,1
explained,EXPLAINED_E3,month_x_year_x_vegetation_class_x_point_id,9|2025|Veg_Coniferous|012,1
explained,EXPLAINED_E3,month_x_year_x_vegetation_class_x_point_id,9|2025|Veg_Meadow_497|046,1
explained,EXPLAINED_E3,month_x_year_x_vegetation_class_x_point_id,9|2025|Veg_Meadow_497|059,1
explained,EXPLAINED_E3,month_x_year_x_vegetation_class_x_point_id,9|2025|Veg_Meadow_497|080,1
explained,EXPLAINED_E3,month_x_year_x_vegetation_class_x_point_id,9|2025|Veg_Meadow_497|087,1
explained,EXPLAINED_E3,month_x_year_x_vegetation_class_x_point_id,9|2025|Veg_Meadow_497|094,1
explained,EXPLAINED_E3,month_x_year_x_vegetation_class_x_point_id,9|2025|Veg_Meadow_497|108,1
explained,EXPLAINED_E3,month_x_year_x_vegetation_class_x_point_id,9|2025|Veg_Meadow_497|111,1
explained,EXPLAINED_E3,month_x_year_x_vegetation_class_x_point_id,9|2025|Veg_Meadow_497|116,1
explained,EXPLAINED_E3,month_x_year_x_vegetation_class_x_point_id,9|2025|Veg_Meadow_497|131,1
explained,EXPLAINED_E3,month_x_year_x_vegetation_class_x_point_id,9|2025|Veg_Meadow_497|146,1
explained,EXPLAINED_E3,month_x_year_x_vegetation_class_x_point_id,9|2025|Veg_Meadow_497|148,1
explained,EXPLAINED_E3,month_x_year_x_vegetation_class_x_point_id,9|2025|Veg_Meadow_497|167,1
explained,EXPLAINED_E3,month_x_year_x_vegetation_class_x_point_id,9|2025|Veg_Meadow_497|170,1
explained,EXPLAINED_E3,month_x_year_x_vegetation_class_x_point_id,9|2025|Veg_Meadow_499|178,1
explained,EXPLAINED_E3,month_x_year_x_vegetation_class_x_point_id,9|2025|Veg_Meadow_504|211,1
explained,EXPLAINED_E3,month_x_year_x_vegetation_class_x_point_id,9|2025|Veg_Shrub|020,1
explained,EXPLAINED_E3,month_x_year_x_vegetation_class_x_point_id,9|2025|Veg_Shrub|022,1
explained,EXPLAINED_E3,month_x_year_x_vegetation_class_x_point_id,9|2025|Veg_Sparse|225,1
explained,EXPLAINED_E3,month_x_year_x_vegetation_class_x_point_id,9|2025|Veg_Sparse|244,1
explained,EXPLAINED_E3,month_x_year_x_vegetation_class_x_point_id,10|2022|Veg_Coniferous|010,1
explained,EXPLAINED_E3,month_x_year_x_vegetation_class_x_point_id,10|2022|Veg_Coniferous|014,1
explained,EXPLAINED_E3,month_x_year_x_vegetation_class_x_point_id,10|2022|Veg_Meadow_497|036,1
explained,EXPLAINED_E3,month_x_year_x_vegetation_class_x_point_id,10|2022|Veg_Meadow_497|039,1
explained,EXPLAINED_E3,month_x_year_x_vegetation_class_x_point_id,10|2022|Veg_Meadow_497|044,1
explained,EXPLAINED_E3,month_x_year_x_vegetation_class_x_point_id,10|2022|Veg_Meadow_497|052,1
explained,EXPLAINED_E3,month_x_year_x_vegetation_class_x_point_id,10|2022|Veg_Meadow_497|055,1
explained,EXPLAINED_E3,month_x_year_x_vegetation_class_x_point_id,10|2022|Veg_Meadow_497|062,1
explained,EXPLAINED_E3,month_x_year_x_vegetation_class_x_point_id,10|2022|Veg_Meadow_497|068,1
explained,EXPLAINED_E3,month_x_year_x_vegetation_class_x_point_id,10|2022|Veg_Meadow_497|089,1
explained,EXPLAINED_E3,month_x_year_x_vegetation_class_x_point_id,10|2022|Veg_Meadow_497|094,1
explained,EXPLAINED_E3,month_x_year_x_vegetation_class_x_point_id,10|2022|Veg_Meadow_497|102,1
explained,EXPLAINED_E3,month_x_year_x_vegetation_class_x_point_id,10|2022|Veg_Meadow_497|118,1
explained,EXPLAINED_E3,month_x_year_x_vegetation_class_x_point_id,10|2022|Veg_Meadow_497|141,1
explained,EXPLAINED_E3,month_x_year_x_vegetation_class_x_point_id,10|2022|Veg_Meadow_499|179,1
explained,EXPLAINED_E3,month_x_year_x_vegetation_class_x_point_id,10|2022|Veg_Meadow_504|204,1
explained,EXPLAINED_E3,month_x_year_x_vegetation_class_x_point_id,10|2022|Veg_Shrub|017,1
explained,EXPLAINED_E3,month_x_year_x_vegetation_class_x_point_id,10|2022|Veg_Shrub|022,1
explained,EXPLAINED_E3,month_x_year_x_vegetation_class_x_point_id,10|2022|Veg_Sparse|246,1
explained,EXPLAINED_E3,month_x_year_x_vegetation_class_x_point_id,10|2023|Veg_Coniferous|008,1
explained,EXPLAINED_E3,month_x_year_x_vegetation_class_x_point_id,10|2023|Veg_Coniferous|012,1
explained,EXPLAINED_E3,month_x_year_x_vegetation_class_x_point_id,10|2023|Veg_Meadow_497|030,1
explained,EXPLAINED_E3,month_x_year_x_vegetation_class_x_point_id,10|2023|Veg_Meadow_497|041,1
explained,EXPLAINED_E3,month_x_year_x_vegetation_class_x_point_id,10|2023|Veg_Meadow_497|043,1
explained,EXPLAINED_E3,month_x_year_x_vegetation_class_x_point_id,10|2023|Veg_Meadow_497|051,1
explained,EXPLAINED_E3,month_x_year_x_vegetation_class_x_point_id,10|2023|Veg_Meadow_497|065,1
explained,EXPLAINED_E3,month_x_year_x_vegetation_class_x_point_id,10|2023|Veg_Meadow_497|082,1
explained,EXPLAINED_E3,month_x_year_x_vegetation_class_x_point_id,10|2023|Veg_Meadow_497|084,1
explained,EXPLAINED_E3,month_x_year_x_vegetation_class_x_point_id,10|2023|Veg_Meadow_497|101,1
explained,EXPLAINED_E3,month_x_year_x_vegetation_class_x_point_id,10|2023|Veg_Meadow_497|104,1
explained,EXPLAINED_E3,month_x_year_x_vegetation_class_x_point_id,10|2023|Veg_Meadow_497|110,1
explained,EXPLAINED_E3,month_x_year_x_vegetation_class_x_point_id,10|2023|Veg_Meadow_497|121,1
explained,EXPLAINED_E3,month_x_year_x_vegetation_class_x_point_id,10|2023|Veg_Meadow_497|129,1
explained,EXPLAINED_E3,month_x_year_x_vegetation_class_x_point_id,10|2023|Veg_Meadow_497|132,1
explained,EXPLAINED_E3,month_x_year_x_vegetation_class_x_point_id,10|2023|Veg_Meadow_497|135,1
explained,EXPLAINED_E3,month_x_year_x_vegetation_class_x_point_id,10|2023|Veg_Meadow_497|148,1
explained,EXPLAINED_E3,month_x_year_x_vegetation_class_x_point_id,10|2023|Veg_Meadow_497|150,1
explained,EXPLAINED_E3,month_x_year_x_vegetation_class_x_point_id,10|2023|Veg_Meadow_497|158,1
explained,EXPLAINED_E3,month_x_year_x_vegetation_class_x_point_id,10|2023|Veg_Meadow_497|167,1
explained,EXPLAINED_E3,month_x_year_x_vegetation_class_x_point_id,10|2023|Veg_Meadow_499|172,1
explained,EXPLAINED_E3,month_x_year_x_vegetation_class_x_point_id,10|2023|Veg_Meadow_499|173,1
explained,EXPLAINED_E3,month_x_year_x_vegetation_class_x_point_id,10|2023|Veg_Meadow_499|174,1
explained,EXPLAINED_E3,month_x_year_x_vegetation_class_x_point_id,10|2023|Veg_Meadow_504|199,1
explained,EXPLAINED_E3,month_x_year_x_vegetation_class_x_point_id,10|2023|Veg_Meadow_504|213,1
explained,EXPLAINED_E3,month_x_year_x_vegetation_class_x_point_id,10|2023|Veg_Shrub|020,1
explained,EXPLAINED_E3,month_x_year_x_vegetation_class_x_point_id,10|2023|Veg_Shrub|027,1
explained,EXPLAINED_E3,month_x_year_x_vegetation_class_x_point_id,10|2023|Veg_Sparse|216,1
explained,EXPLAINED_E3,month_x_year_x_vegetation_class_x_point_id,10|2023|Veg_Sparse|234,1
explained,EXPLAINED_E3,month_x_year_x_vegetation_class_x_point_id,10|2023|Veg_Sparse|244,1
explained,EXPLAINED_E3,month_x_year_x_vegetation_class_x_point_id,10|2024|Veg_Meadow_497|040,1
explained,EXPLAINED_E3,month_x_year_x_vegetation_class_x_point_id,10|2024|Veg_Meadow_497|090,1
explained,EXPLAINED_E3,month_x_year_x_vegetation_class_x_point_id,10|2024|Veg_Meadow_497|113,1
explained,EXPLAINED_E3,month_x_year_x_vegetation_class_x_point_id,10|2024|Veg_Meadow_497|124,1
explained,EXPLAINED_E3,month_x_year_x_vegetation_class_x_point_id,10|2024|Veg_Meadow_497|139,1
explained,EXPLAINED_E3,month_x_year_x_vegetation_class_x_point_id,10|2024|Veg_Meadow_497|159,1
explained,EXPLAINED_E3,month_x_year_x_vegetation_class_x_point_id,10|2024|Veg_Meadow_497|163,1
explained,EXPLAINED_E3,month_x_year_x_vegetation_class_x_point_id,10|2024|Veg_Meadow_497|164,1
explained,EXPLAINED_E3,month_x_year_x_vegetation_class_x_point_id,10|2024|Veg_Meadow_504|189,1
explained,EXPLAINED_E3,month_x_year_x_vegetation_class_x_point_id,10|2024|Veg_Meadow_504|190,1
explained,EXPLAINED_E3,month_x_year_x_vegetation_class_x_point_id,10|2024|Veg_Meadow_504|193,1
explained,EXPLAINED_E3,month_x_year_x_vegetation_class_x_point_id,10|2024|Veg_Meadow_504|196,1
explained,EXPLAINED_E3,month_x_year_x_vegetation_class_x_point_id,10|2024|Veg_Shrub|024,1
explained,EXPLAINED_E3,month_x_year_x_vegetation_class_x_point_id,10|2024|Veg_Sparse|215,1
explained,EXPLAINED_E3,month_x_year_x_vegetation_class_x_point_id,10|2024|Veg_Sparse|228,1
explained,EXPLAINED_E3,month_x_year_x_vegetation_class_x_point_id,10|2024|Veg_Sparse|231,1
explained,EXPLAINED_E3,month_x_year_x_vegetation_class_x_point_id,10|2024|Veg_Sparse|236,1
explained,EXPLAINED_E3,month_x_year_x_vegetation_class_x_point_id,10|2024|Veg_Sparse|237,1
explained,EXPLAINED_E3,month_x_year_x_vegetation_class_x_point_id,10|2024|Veg_Sparse|239,1
explained,EXPLAINED_E3,month_x_year_x_vegetation_class_x_point_id,10|2025|Veg_Coniferous|009,1
explained,EXPLAINED_E3,month_x_year_x_vegetation_class_x_point_id,10|2025|Veg_Meadow_497|032,1
explained,EXPLAINED_E3,month_x_year_x_vegetation_class_x_point_id,10|2025|Veg_Meadow_497|033,1
explained,EXPLAINED_E3,month_x_year_x_vegetation_class_x_point_id,10|2025|Veg_Meadow_497|060,1
explained,EXPLAINED_E3,month_x_year_x_vegetation_class_x_point_id,10|2025|Veg_Meadow_497|066,1
explained,EXPLAINED_E3,month_x_year_x_vegetation_class_x_point_id,10|2025|Veg_Meadow_497|071,1
explained,EXPLAINED_E3,month_x_year_x_vegetation_class_x_point_id,10|2025|Veg_Meadow_497|078,1
explained,EXPLAINED_E3,month_x_year_x_vegetation_class_x_point_id,10|2025|Veg_Meadow_497|081,1
explained,EXPLAINED_E3,month_x_year_x_vegetation_class_x_point_id,10|2025|Veg_Meadow_497|130,1
explained,EXPLAINED_E3,month_x_year_x_vegetation_class_x_point_id,10|2025|Veg_Meadow_497|154,1
explained,EXPLAINED_E3,month_x_year_x_vegetation_class_x_point_id,10|2025|Veg_Meadow_499|180,1
explained,EXPLAINED_E3,month_x_year_x_vegetation_class_x_point_id,10|2025|Veg_Meadow_504|202,1
explained,EXPLAINED_E3,month_x_year_x_vegetation_class_x_point_id,10|2025|Veg_Meadow_504|206,1
explained,EXPLAINED_E3,month_x_year_x_vegetation_class_x_point_id,10|2025|Veg_Meadow_504|214,1
explained,EXPLAINED_E3,month_x_year_x_vegetation_class_x_point_id,10|2025|Veg_Shrub|016,1
explained,EXPLAINED_E3,month_x_year_x_vegetation_class_x_point_id,10|2025|Veg_Sparse|240,1
explained,EXPLAINED_E3,month_x_year_x_vegetation_class_x_point_id,11|2022|Veg_Coniferous|004,1
explained,EXPLAINED_E3,month_x_year_x_vegetation_class_x_point_id,11|2022|Veg_Coniferous|009,1
explained,EXPLAINED_E3,month_x_year_x_vegetation_class_x_point_id,11|2022|Veg_Coniferous|011,1
explained,EXPLAINED_E3,month_x_year_x_vegetation_class_x_point_id,11|2022|Veg_Meadow_497|046,1
explained,EXPLAINED_E3,month_x_year_x_vegetation_class_x_point_id,11|2022|Veg_Meadow_497|048,1
explained,EXPLAINED_E3,month_x_year_x_vegetation_class_x_point_id,11|2022|Veg_Meadow_497|070,1
explained,EXPLAINED_E3,month_x_year_x_vegetation_class_x_point_id,11|2022|Veg_Meadow_497|072,1
explained,EXPLAINED_E3,month_x_year_x_vegetation_class_x_point_id,11|2022|Veg_Meadow_497|074,1
explained,EXPLAINED_E3,month_x_year_x_vegetation_class_x_point_id,11|2022|Veg_Meadow_497|092,1
explained,EXPLAINED_E3,month_x_year_x_vegetation_class_x_point_id,11|2022|Veg_Meadow_497|101,1
explained,EXPLAINED_E3,month_x_year_x_vegetation_class_x_point_id,11|2022|Veg_Meadow_497|108,1
explained,EXPLAINED_E3,month_x_year_x_vegetation_class_x_point_id,11|2022|Veg_Meadow_497|112,1
explained,EXPLAINED_E3,month_x_year_x_vegetation_class_x_point_id,11|2022|Veg_Meadow_497|122,1
explained,EXPLAINED_E3,month_x_year_x_vegetation_class_x_point_id,11|2022|Veg_Meadow_497|160,1
explained,EXPLAINED_E3,month_x_year_x_vegetation_class_x_point_id,11|2022|Veg_Meadow_497|163,1
explained,EXPLAINED_E3,month_x_year_x_vegetation_class_x_point_id,11|2022|Veg_Meadow_499|171,1
explained,EXPLAINED_E3,month_x_year_x_vegetation_class_x_point_id,11|2022|Veg_Meadow_499|180,1
explained,EXPLAINED_E3,month_x_year_x_vegetation_class_x_point_id,11|2022|Veg_Meadow_504|189,1
explained,EXPLAINED_E3,month_x_year_x_vegetation_class_x_point_id,11|2022|Veg_Meadow_504|194,1
explained,EXPLAINED_E3,month_x_year_x_vegetation_class_x_point_id,11|2022|Veg_Meadow_504|196,1
explained,EXPLAINED_E3,month_x_year_x_vegetation_class_x_point_id,11|2022|Veg_Meadow_504|200,1
explained,EXPLAINED_E3,month_x_year_x_vegetation_class_x_point_id,11|2022|Veg_Meadow_504|203,1
explained,EXPLAINED_E3,month_x_year_x_vegetation_class_x_point_id,11|2022|Veg_Shrub|016,1
explained,EXPLAINED_E3,month_x_year_x_vegetation_class_x_point_id,11|2022|Veg_Sparse|235,1
explained,EXPLAINED_E3,month_x_year_x_vegetation_class_x_point_id,11|2022|Veg_Sparse|238,1
explained,EXPLAINED_E3,month_x_year_x_vegetation_class_x_point_id,11|2023|Veg_Meadow_497|036,1
explained,EXPLAINED_E3,month_x_year_x_vegetation_class_x_point_id,11|2023|Veg_Meadow_497|060,1
explained,EXPLAINED_E3,month_x_year_x_vegetation_class_x_point_id,11|2023|Veg_Meadow_497|069,1
explained,EXPLAINED_E3,month_x_year_x_vegetation_class_x_point_id,11|2023|Veg_Meadow_497|077,1
explained,EXPLAINED_E3,month_x_year_x_vegetation_class_x_point_id,11|2023|Veg_Meadow_497|105,1
explained,EXPLAINED_E3,month_x_year_x_vegetation_class_x_point_id,11|2023|Veg_Meadow_497|114,1
explained,EXPLAINED_E3,month_x_year_x_vegetation_class_x_point_id,11|2023|Veg_Meadow_497|115,1
explained,EXPLAINED_E3,month_x_year_x_vegetation_class_x_point_id,11|2023|Veg_Meadow_497|125,1
explained,EXPLAINED_E3,month_x_year_x_vegetation_class_x_point_id,11|2023|Veg_Meadow_497|144,1
explained,EXPLAINED_E3,month_x_year_x_vegetation_class_x_point_id,11|2023|Veg_Meadow_497|146,1
explained,EXPLAINED_E3,month_x_year_x_vegetation_class_x_point_id,11|2023|Veg_Meadow_497|159,1
explained,EXPLAINED_E3,month_x_year_x_vegetation_class_x_point_id,11|2023|Veg_Meadow_499|182,1
explained,EXPLAINED_E3,month_x_year_x_vegetation_class_x_point_id,11|2023|Veg_Meadow_504|206,1
explained,EXPLAINED_E3,month_x_year_x_vegetation_class_x_point_id,11|2023|Veg_Shrub|022,1
explained,EXPLAINED_E3,month_x_year_x_vegetation_class_x_point_id,11|2023|Veg_Shrub|025,1
explained,EXPLAINED_E3,month_x_year_x_vegetation_class_x_point_id,11|2023|Veg_Sparse|223,1
explained,EXPLAINED_E3,month_x_year_x_vegetation_class_x_point_id,11|2023|Veg_Sparse|229,1
explained,EXPLAINED_E3,month_x_year_x_vegetation_class_x_point_id,11|2023|Veg_Sparse|239,1
explained,EXPLAINED_E3,month_x_year_x_vegetation_class_x_point_id,11|2023|Veg_Sparse|245,1
explained,EXPLAINED_E3,month_x_year_x_vegetation_class_x_point_id,11|2024|Veg_Coniferous|001,1
explained,EXPLAINED_E3,month_x_year_x_vegetation_class_x_point_id,11|2024|Veg_Meadow_497|062,1
explained,EXPLAINED_E3,month_x_year_x_vegetation_class_x_point_id,11|2024|Veg_Meadow_497|063,1
explained,EXPLAINED_E3,month_x_year_x_vegetation_class_x_point_id,11|2024|Veg_Meadow_497|068,1
explained,EXPLAINED_E3,month_x_year_x_vegetation_class_x_point_id,11|2024|Veg_Meadow_497|075,1
explained,EXPLAINED_E3,month_x_year_x_vegetation_class_x_point_id,11|2024|Veg_Meadow_497|107,1
explained,EXPLAINED_E3,month_x_year_x_vegetation_class_x_point_id,11|2024|Veg_Meadow_497|118,1
explained,EXPLAINED_E3,month_x_year_x_vegetation_class_x_point_id,11|2024|Veg_Meadow_497|119,1
explained,EXPLAINED_E3,month_x_year_x_vegetation_class_x_point_id,11|2024|Veg_Meadow_497|123,1
explained,EXPLAINED_E3,month_x_year_x_vegetation_class_x_point_id,11|2024|Veg_Meadow_497|127,1
explained,EXPLAINED_E3,month_x_year_x_vegetation_class_x_point_id,11|2024|Veg_Meadow_497|138,1
explained,EXPLAINED_E3,month_x_year_x_vegetation_class_x_point_id,11|2024|Veg_Meadow_497|150,1
explained,EXPLAINED_E3,month_x_year_x_vegetation_class_x_point_id,11|2024|Veg_Meadow_499|183,1
explained,EXPLAINED_E3,month_x_year_x_vegetation_class_x_point_id,11|2024|Veg_Meadow_499|184,1
explained,EXPLAINED_E3,month_x_year_x_vegetation_class_x_point_id,11|2024|Veg_Meadow_504|187,1
explained,EXPLAINED_E3,month_x_year_x_vegetation_class_x_point_id,11|2024|Veg_Meadow_504|197,1
explained,EXPLAINED_E3,month_x_year_x_vegetation_class_x_point_id,11|2024|Veg_Meadow_504|202,1
explained,EXPLAINED_E3,month_x_year_x_vegetation_class_x_point_id,11|2024|Veg_Shrub|020,1
explained,EXPLAINED_E3,month_x_year_x_vegetation_class_x_point_id,11|2024|Veg_Shrub|029,1
explained,EXPLAINED_E3,month_x_year_x_vegetation_class_x_point_id,11|2024|Veg_Sparse|240,1
explained,EXPLAINED_E3,month_x_year_x_vegetation_class_x_point_id,11|2024|Veg_Sparse|246,1
explained,EXPLAINED_E3,month_x_year_x_vegetation_class_x_point_id,11|2025|Veg_Coniferous|014,1
explained,EXPLAINED_E3,month_x_year_x_vegetation_class_x_point_id,11|2025|Veg_Meadow_497|030,1
explained,EXPLAINED_E3,month_x_year_x_vegetation_class_x_point_id,11|2025|Veg_Meadow_497|042,1
explained,EXPLAINED_E3,month_x_year_x_vegetation_class_x_point_id,11|2025|Veg_Meadow_497|065,1
explained,EXPLAINED_E3,month_x_year_x_vegetation_class_x_point_id,11|2025|Veg_Meadow_497|067,1
explained,EXPLAINED_E3,month_x_year_x_vegetation_class_x_point_id,11|2025|Veg_Meadow_497|073,1
explained,EXPLAINED_E3,month_x_year_x_vegetation_class_x_point_id,11|2025|Veg_Meadow_497|084,1
explained,EXPLAINED_E3,month_x_year_x_vegetation_class_x_point_id,11|2025|Veg_Meadow_497|088,1
explained,EXPLAINED_E3,month_x_year_x_vegetation_class_x_point_id,11|2025|Veg_Meadow_497|095,1
explained,EXPLAINED_E3,month_x_year_x_vegetation_class_x_point_id,11|2025|Veg_Meadow_497|102,1
explained,EXPLAINED_E3,month_x_year_x_vegetation_class_x_point_id,11|2025|Veg_Meadow_497|103,1
explained,EXPLAINED_E3,month_x_year_x_vegetation_class_x_point_id,11|2025|Veg_Meadow_497|106,1
explained,EXPLAINED_E3,month_x_year_x_vegetation_class_x_point_id,11|2025|Veg_Meadow_497|113,1
explained,EXPLAINED_E3,month_x_year_x_vegetation_class_x_point_id,11|2025|Veg_Meadow_497|128,1
explained,EXPLAINED_E3,month_x_year_x_vegetation_class_x_point_id,11|2025|Veg_Meadow_499|174,1
explained,EXPLAINED_E3,month_x_year_x_vegetation_class_x_point_id,11|2025|Veg_Meadow_504|195,1
explained,EXPLAINED_E3,month_x_year_x_vegetation_class_x_point_id,11|2025|Veg_Sparse|215,1
explained,EXPLAINED_E3,month_x_year_x_vegetation_class_x_point_id,11|2025|Veg_Sparse|227,1
explained,EXPLAINED_E3,month_x_year_x_vegetation_class_x_point_id,11|2025|Veg_Sparse|232,1
explained,EXPLAINED_E3,month_x_year_x_vegetation_class_x_point_id,12|2022|Veg_Coniferous|000,1
explained,EXPLAINED_E3,month_x_year_x_vegetation_class_x_point_id,12|2022|Veg_Coniferous|005,1
explained,EXPLAINED_E3,month_x_year_x_vegetation_class_x_point_id,12|2022|Veg_Coniferous|006,1
explained,EXPLAINED_E3,month_x_year_x_vegetation_class_x_point_id,12|2022|Veg_Coniferous|007,1
explained,EXPLAINED_E3,month_x_year_x_vegetation_class_x_point_id,12|2022|Veg_Coniferous|008,1
explained,EXPLAINED_E3,month_x_year_x_vegetation_class_x_point_id,12|2022|Veg_Meadow_497|037,1
explained,EXPLAINED_E3,month_x_year_x_vegetation_class_x_point_id,12|2022|Veg_Meadow_497|045,1
explained,EXPLAINED_E3,month_x_year_x_vegetation_class_x_point_id,12|2022|Veg_Meadow_497|064,1
explained,EXPLAINED_E3,month_x_year_x_vegetation_class_x_point_id,12|2022|Veg_Meadow_497|080,1
explained,EXPLAINED_E3,month_x_year_x_vegetation_class_x_point_id,12|2022|Veg_Meadow_497|096,1
explained,EXPLAINED_E3,month_x_year_x_vegetation_class_x_point_id,12|2022|Veg_Meadow_497|098,1
explained,EXPLAINED_E3,month_x_year_x_vegetation_class_x_point_id,12|2022|Veg_Meadow_497|120,1
explained,EXPLAINED_E3,month_x_year_x_vegetation_class_x_point_id,12|2022|Veg_Meadow_497|123,1
explained,EXPLAINED_E3,month_x_year_x_vegetation_class_x_point_id,12|2022|Veg_Meadow_497|124,1
explained,EXPLAINED_E3,month_x_year_x_vegetation_class_x_point_id,12|2022|Veg_Meadow_497|130,1
explained,EXPLAINED_E3,month_x_year_x_vegetation_class_x_point_id,12|2022|Veg_Meadow_497|143,1
explained,EXPLAINED_E3,month_x_year_x_vegetation_class_x_point_id,12|2022|Veg_Meadow_497|147,1
explained,EXPLAINED_E3,month_x_year_x_vegetation_class_x_point_id,12|2022|Veg_Meadow_497|169,1
explained,EXPLAINED_E3,month_x_year_x_vegetation_class_x_point_id,12|2022|Veg_Meadow_499|176,1
explained,EXPLAINED_E3,month_x_year_x_vegetation_class_x_point_id,12|2022|Veg_Meadow_499|185,1
explained,EXPLAINED_E3,month_x_year_x_vegetation_class_x_point_id,12|2022|Veg_Meadow_504|191,1
explained,EXPLAINED_E3,month_x_year_x_vegetation_class_x_point_id,12|2022|Veg_Meadow_504|207,1
explained,EXPLAINED_E3,month_x_year_x_vegetation_class_x_point_id,12|2022|Veg_Sparse|224,1
explained,EXPLAINED_E3,month_x_year_x_vegetation_class_x_point_id,12|2022|Veg_Sparse|228,1
explained,EXPLAINED_E3,month_x_year_x_vegetation_class_x_point_id,12|2022|Veg_Sparse|234,1
explained,EXPLAINED_E3,month_x_year_x_vegetation_class_x_point_id,12|2022|Veg_Sparse|241,1
explained,EXPLAINED_E3,month_x_year_x_vegetation_class_x_point_id,12|2023|Veg_Meadow_497|057,1
explained,EXPLAINED_E3,month_x_year_x_vegetation_class_x_point_id,12|2023|Veg_Meadow_497|066,1
explained,EXPLAINED_E3,month_x_year_x_vegetation_class_x_point_id,12|2023|Veg_Meadow_497|076,1
explained,EXPLAINED_E3,month_x_year_x_vegetation_class_x_point_id,12|2023|Veg_Meadow_497|081,1
explained,EXPLAINED_E3,month_x_year_x_vegetation_class_x_point_id,12|2023|Veg_Meadow_497|090,1
explained,EXPLAINED_E3,month_x_year_x_vegetation_class_x_point_id,12|2023|Veg_Meadow_497|099,1
explained,EXPLAINED_E3,month_x_year_x_vegetation_class_x_point_id,12|2023|Veg_Meadow_497|119,1
explained,EXPLAINED_E3,month_x_year_x_vegetation_class_x_point_id,12|2023|Veg_Meadow_497|154,1
explained,EXPLAINED_E3,month_x_year_x_vegetation_class_x_point_id,12|2023|Veg_Meadow_497|156,1
explained,EXPLAINED_E3,month_x_year_x_vegetation_class_x_point_id,12|2023|Veg_Meadow_497|157,1
explained,EXPLAINED_E3,month_x_year_x_vegetation_class_x_point_id,12|2023|Veg_Meadow_499|175,1
explained,EXPLAINED_E3,month_x_year_x_vegetation_class_x_point_id,12|2023|Veg_Meadow_499|180,1
explained,EXPLAINED_E3,month_x_year_x_vegetation_class_x_point_id,12|2023|Veg_Meadow_504|197,1
explained,EXPLAINED_E3,month_x_year_x_vegetation_class_x_point_id,12|2023|Veg_Meadow_504|198,1
explained,EXPLAINED_E3,month_x_year_x_vegetation_class_x_point_id,12|2023|Veg_Shrub|018,1
explained,EXPLAINED_E3,month_x_year_x_vegetation_class_x_point_id,12|2023|Veg_Sparse|226,1
explained,EXPLAINED_E3,month_x_year_x_vegetation_class_x_point_id,12|2023|Veg_Sparse|233,1
explained,EXPLAINED_E3,month_x_year_x_vegetation_class_x_point_id,12|2024|Veg_Meadow_497|043,1
explained,EXPLAINED_E3,month_x_year_x_vegetation_class_x_point_id,12|2024|Veg_Meadow_497|049,1
explained,EXPLAINED_E3,month_x_year_x_vegetation_class_x_point_id,12|2024|Veg_Meadow_497|052,1
explained,EXPLAINED_E3,month_x_year_x_vegetation_class_x_point_id,12|2024|Veg_Meadow_497|054,1
explained,EXPLAINED_E3,month_x_year_x_vegetation_class_x_point_id,12|2024|Veg_Meadow_497|071,1
explained,EXPLAINED_E3,month_x_year_x_vegetation_class_x_point_id,12|2024|Veg_Meadow_497|085,1
explained,EXPLAINED_E3,month_x_year_x_vegetation_class_x_point_id,12|2024|Veg_Meadow_497|086,1
explained,EXPLAINED_E3,month_x_year_x_vegetation_class_x_point_id,12|2024|Veg_Meadow_497|087,1
explained,EXPLAINED_E3,month_x_year_x_vegetation_class_x_point_id,12|2024|Veg_Meadow_497|089,1
explained,EXPLAINED_E3,month_x_year_x_vegetation_class_x_point_id,12|2024|Veg_Meadow_497|091,1
explained,EXPLAINED_E3,month_x_year_x_vegetation_class_x_point_id,12|2024|Veg_Meadow_497|094,1
explained,EXPLAINED_E3,month_x_year_x_vegetation_class_x_point_id,12|2024|Veg_Meadow_497|104,1
explained,EXPLAINED_E3,month_x_year_x_vegetation_class_x_point_id,12|2024|Veg_Meadow_497|117,1
explained,EXPLAINED_E3,month_x_year_x_vegetation_class_x_point_id,12|2024|Veg_Meadow_497|136,1
explained,EXPLAINED_E3,month_x_year_x_vegetation_class_x_point_id,12|2024|Veg_Meadow_497|168,1
explained,EXPLAINED_E3,month_x_year_x_vegetation_class_x_point_id,12|2024|Veg_Meadow_499|178,1
explained,EXPLAINED_E3,month_x_year_x_vegetation_class_x_point_id,12|2024|Veg_Meadow_499|179,1
explained,EXPLAINED_E3,month_x_year_x_vegetation_class_x_point_id,12|2024|Veg_Meadow_504|194,1
explained,EXPLAINED_E3,month_x_year_x_vegetation_class_x_point_id,12|2024|Veg_Shrub|023,1
explained,EXPLAINED_E3,month_x_year_x_vegetation_class_x_point_id,12|2024|Veg_Shrub|026,1
explained,EXPLAINED_E3,month_x_year_x_vegetation_class_x_point_id,12|2024|Veg_Shrub|027,1
explained,EXPLAINED_E3,month_x_year_x_vegetation_class_x_point_id,12|2024|Veg_Sparse|222,1
explained,EXPLAINED_E3,month_x_year_x_vegetation_class_x_point_id,12|2024|Veg_Sparse|244,1
explained,EXPLAINED_E3,month_x_year_x_vegetation_class_x_point_id,12|2024|Veg_Sparse|245,1
explained,EXPLAINED_E3,month_x_year_x_vegetation_class_x_point_id,12|2025|Veg_Meadow_497|031,1
explained,EXPLAINED_E3,month_x_year_x_vegetation_class_x_point_id,12|2025|Veg_Meadow_497|050,1
explained,EXPLAINED_E3,month_x_year_x_vegetation_class_x_point_id,12|2025|Veg_Meadow_497|056,1
explained,EXPLAINED_E3,month_x_year_x_vegetation_class_x_point_id,12|2025|Veg_Meadow_497|114,1
explained,EXPLAINED_E3,month_x_year_x_vegetation_class_x_point_id,12|2025|Veg_Meadow_497|122,1
explained,EXPLAINED_E3,month_x_year_x_vegetation_class_x_point_id,12|2025|Veg_Meadow_497|126,1
explained,EXPLAINED_E3,month_x_year_x_vegetation_class_x_point_id,12|2025|Veg_Meadow_497|129,1
explained,EXPLAINED_E3,month_x_year_x_vegetation_class_x_point_id,12|2025|Veg_Meadow_497|140,1
explained,EXPLAINED_E3,month_x_year_x_vegetation_class_x_point_id,12|2025|Veg_Meadow_497|141,1
explained,EXPLAINED_E3,month_x_year_x_vegetation_class_x_point_id,12|2025|Veg_Meadow_504|196,1
explained,EXPLAINED_E3,month_x_year_x_vegetation_class_x_point_id,12|2025|Veg_Meadow_504|201,1
explained,EXPLAINED_E3,month_x_year_x_vegetation_class_x_point_id,12|2025|Veg_Meadow_504|205,1
explained,EXPLAINED_E3,month_x_year_x_vegetation_class_x_point_id,12|2025|Veg_Meadow_504|210,1
explained,EXPLAINED_E3,month_x_year_x_vegetation_class_x_point_id,12|2025|Veg_Shrub|017,1
explained,EXPLAINED_E3,month_x_year_x_vegetation_class_x_point_id,12|2025|Veg_Sparse|216,1
explained,EXPLAINED_E3,month_x_year_x_vegetation_class_x_point_id,12|2025|Veg_Sparse|236,1
